t,epoch,psi_mem_some,psi_mem_full,psi_cpu_some,psi_cpu_full,psi_io_some,psi_io_full,disk_r_mbs,disk_w_mbs,mem_avail_kb,swap_used_kb,top_threads
0.1,1790952538.767,0.0,0.0,1.7,0.0,0.0,0.0,0.0,0.0,4581900,2758312,
0.2,1790952538.867,0.0,0.0,0.4,0.0,0.0,0.0,0.0,0.0,4581900,2758312,
0.3,1790952538.967,0.0,0.0,0.6,0.0,0.0,0.0,0.0,0.0,4581900,2758312,
0.4,1790952539.067,0.0,0.0,0.6,0.0,0.0,0.0,0.0,0.0,4581900,2758312,
0.5,1790952539.167,0.0,0.0,0.4,0.0,0.0,0.0,0.0,0.0,4581900,2758312,
0.6,1790952539.267,0.0,0.0,0.3,0.0,0.0,0.0,0.0,0.0,4581900,2758312,
0.7,1790952539.367,0.0,0.0,0.5,0.0,0.0,0.0,0.0,0.0,4581900,2758312,
0.8,1790952539.467,0.0,0.0,1.4,0.0,0.0,0.0,0.0,0.0,4581900,2758312,
0.9,1790952539.567,0.0,0.0,0.5,0.0,0.0,0.0,0.0,0.0,4581900,2758312,
1.0,1790952539.667,0.0,0.0,1.6,0.0,1.0,1.0,0.0,0.0,4580372,2758312,
1.1,1790952539.767,0.0,0.0,3.2,0.0,6.3,6.2,0.0,0.0,4574744,2758308,
1.2,1790952539.867,0.0,0.0,1.6,0.0,2.6,2.6,0.0,0.0,4584356,2758308,
1.3,1790952539.967,0.0,0.0,3.5,0.0,17.7,17.4,0.0,0.0,4586996,2758308,
1.4,1790952540.067,0.0,0.0,2.0,0.0,16.3,15.7,0.0,0.0,4589804,2758308,
1.5,1790952540.167,0.0,0.0,2.9,0.0,8.6,8.5,0.0,0.0,4585812,2758292,
1.6,1790952540.267,0.0,0.0,7.1,0.0,0.6,0.6,0.0,0.0,4580804,2758292,
1.7,1790952540.367,0.0,0.0,0.3,0.0,0.0,0.0,0.0,0.0,4581004,2758292,
1.8,1790952540.468,0.0,0.0,0.7,0.0,0.0,0.0,0.0,0.0,4581004,2758292,
1.9,1790952540.567,0.0,0.0,0.7,0.0,0.0,0.0,0.0,0.0,4581004,2758292,
2.0,1790952540.667,0.0,0.0,1.0,0.0,0.0,0.0,0.0,0.0,4595020,2758292,
2.1,1790952540.767,0.0,0.0,1.2,0.0,0.0,0.0,0.0,0.0,4594900,2758292,
2.2,1790952540.868,0.0,0.0,0.9,0.0,13.1,12.7,0.0,0.0,4593924,2758292,
2.3,1790952540.967,0.0,0.0,4.8,0.0,16.6,16.4,0.0,0.0,4594300,2758292,
2.4,1790952541.067,0.0,0.0,1.3,0.0,9.4,8.5,0.0,0.0,4593912,2758292,
2.5,1790952541.167,0.0,0.0,1.1,0.0,19.4,18.5,0.0,0.0,4587744,2758292,
2.6,1790952541.268,0.0,0.0,2.2,0.0,23.1,22.7,0.0,0.0,4585976,2758292,
2.7,1790952541.368,0.0,0.0,2.1,0.0,10.5,10.3,0.0,0.0,4585388,2758292,
2.8,1790952541.467,0.0,0.0,1.7,0.0,9.8,9.7,0.0,0.0,4584864,2758292,
2.9,1790952541.567,0.0,0.0,0.8,0.0,1.7,1.7,0.0,0.0,4584228,2758292,
3.0,1790952541.667,0.0,0.0,0.9,0.0,0.0,0.0,0.0,0.0,4575240,2758292,
3.1,1790952541.767,0.0,0.0,1.6,0.0,0.0,0.0,0.0,0.0,4575096,2758292,
3.2,1790952541.867,0.0,0.0,0.4,0.0,0.0,0.0,0.0,0.0,4573560,2758292,
3.3,1790952541.967,0.0,0.0,0.6,0.0,0.0,0.0,0.0,0.0,4573560,2758292,
3.4,1790952542.067,0.0,0.0,0.4,0.0,0.0,0.0,0.0,0.0,4573560,2758292,
3.5,1790952542.167,0.0,0.0,2.0,0.0,12.2,10.2,0.0,0.0,4573788,2758292,
3.6,1790952542.267,0.0,0.0,2.4,0.0,23.1,20.8,0.0,0.0,4573880,2758292,
3.7,1790952542.367,0.0,0.0,1.1,0.0,31.1,28.9,0.0,0.0,4572404,2758292,
3.8,1790952542.468,0.0,0.0,2.8,0.0,26.7,23.7,0.0,0.0,4572348,2758292,
3.9,1790952542.567,0.0,0.0,1.1,0.0,41.1,39.7,0.0,0.0,4572812,2758292,
4.0,1790952542.667,0.0,0.0,1.5,0.0,29.1,28.9,0.0,0.0,4571936,2758292,
4.1,1790952542.767,0.0,0.0,2.0,0.0,28.9,27.8,0.0,0.0,4571540,2758292,
4.2,1790952542.867,0.0,0.0,2.2,0.0,33.4,32.8,0.0,0.0,4571044,2758292,
4.3,1790952542.967,0.0,0.0,3.7,0.0,12.4,11.2,0.0,0.0,4571244,2758292,
4.4,1790952543.067,0.0,0.0,0.7,0.0,0.0,0.0,0.0,0.0,4571108,2758292,
4.5,1790952543.167,0.0,0.0,3.4,0.0,0.0,0.0,0.0,0.0,4571140,2758292,
4.6,1790952543.267,0.0,0.0,1.5,0.0,1.2,1.0,0.0,0.0,4571216,2758292,
4.7,1790952543.367,0.0,0.0,1.1,0.0,0.0,0.0,0.0,0.0,4571216,2758292,
4.8,1790952543.467,0.0,0.0,0.6,0.0,0.0,0.0,0.0,0.0,4571216,2758292,
4.9,1790952543.567,0.0,0.0,2.7,0.0,19.1,18.7,0.0,0.0,4567648,2758292,
5.0,1790952543.667,0.0,0.0,2.8,0.0,36.6,35.0,0.0,0.0,4563552,2758292,
5.1,1790952543.767,0.0,0.0,2.6,0.0,21.8,18.0,0.0,0.0,4559392,2758292,
5.2,1790952543.867,0.0,0.0,2.4,0.0,40.4,38.8,0.0,0.0,4551200,2758288,
5.3,1790952543.967,0.0,0.0,4.7,0.0,26.2,25.5,0.0,0.0,4547104,2758288,
5.4,1790952544.067,0.0,0.0,3.6,0.0,32.6,31.9,0.0,0.0,4538912,2758288,
5.5,1790952544.168,0.0,0.0,3.5,0.0,45.3,45.2,0.0,0.0,4534816,2758288,
5.6,1790952544.267,0.0,0.0,1.8,0.0,23.4,21.4,0.0,0.0,4526444,2758288,
5.7,1790952544.367,0.0,0.0,2.1,0.0,18.3,16.7,0.0,0.0,4510076,2758288,
5.8,1790952544.467,0.0,0.0,0.2,0.0,0.0,0.0,0.0,0.0,4510068,2758288,
5.9,1790952544.567,0.0,0.0,4.7,0.0,0.0,0.0,0.0,0.0,4510068,2758288,
6.0,1790952544.667,0.0,0.0,1.3,0.0,0.0,0.0,0.0,0.0,4508648,2758288,
6.1,1790952544.767,0.0,0.0,0.5,0.0,0.2,0.2,0.0,0.0,4558220,2758288,
6.2,1790952544.867,0.0,0.0,2.3,0.0,7.3,6.8,0.0,0.0,4554808,2758288,
6.3,1790952544.967,0.1,0.1,4.3,0.0,1.4,1.1,0.0,0.0,4552000,2758172,
6.4,1790952545.067,0.0,0.0,2.1,0.0,1.6,1.6,0.0,0.0,4546304,2758132,
6.5,1790952545.167,0.0,0.0,2.3,0.0,0.5,0.5,0.0,0.0,4542244,2758132,
6.6,1790952545.267,0.0,0.0,1.1,0.0,24.7,23.6,0.0,0.0,4542140,2758132,
6.7,1790952545.367,0.0,0.0,1.8,0.0,15.3,15.0,0.0,0.0,4543520,2758132,
6.8,1790952545.467,0.0,0.0,2.1,0.0,8.8,8.5,0.0,0.0,4544204,2758132,
6.9,1790952545.567,0.0,0.0,1.9,0.0,0.2,0.0,0.0,0.0,4542380,2758132,
7.0,1790952545.667,0.0,0.0,1.5,0.0,5.9,5.7,0.0,0.0,4541040,2758132,
7.1,1790952545.767,0.0,0.0,2.7,0.0,0.8,0.8,0.0,0.0,4541156,2758132,
7.2,1790952545.867,0.0,0.0,1.5,0.0,2.7,2.7,0.0,0.0,4538964,2758132,
7.3,1790952545.967,0.0,0.0,2.0,0.0,0.9,0.8,0.0,0.0,4529732,2758132,
7.4,1790952546.067,0.0,0.0,2.0,0.0,28.9,27.7,0.0,0.0,4530016,2758132,
7.5,1790952546.167,0.0,0.0,1.9,0.0,23.7,21.7,0.0,0.0,4527864,2758132,
7.6,1790952546.267,0.0,0.0,2.1,0.0,25.7,23.5,0.0,0.0,4527592,2758132,
7.7,1790952546.367,0.0,0.0,4.1,0.0,18.7,18.4,0.0,0.0,4526020,2758132,
7.8,1790952546.467,0.0,0.0,2.4,0.0,17.5,17.0,0.0,0.0,4525452,2758132,
7.9,1790952546.567,0.0,0.0,2.3,0.0,2.5,2.5,0.0,0.0,4516712,2758132,
8.0,1790952546.667,0.0,0.0,1.5,0.0,3.1,3.0,0.0,0.0,4507400,2758132,
8.1,1790952546.767,0.0,0.0,3.1,0.0,0.5,0.5,0.0,0.0,4502888,2758132,
8.2,1790952546.867,0.0,0.0,1.5,0.0,0.3,0.3,0.0,0.0,4491888,2758132,
8.3,1790952546.967,0.0,0.0,0.9,0.0,1.5,1.2,0.0,0.0,4486728,2758132,
8.4,1790952547.067,0.0,0.0,1.2,0.0,0.0,0.0,0.0,0.0,4484932,2758132,
8.5,1790952547.167,0.0,0.0,3.1,0.0,1.2,1.2,0.0,0.0,4480252,2758132,
8.6,1790952547.267,0.0,0.0,2.5,0.0,0.4,0.4,0.0,0.0,4479892,2758132,
8.7,1790952547.367,0.0,0.0,1.0,0.0,0.0,0.0,0.0,0.0,4479912,2758132,
8.8,1790952547.467,0.0,0.0,1.8,0.0,0.0,0.0,0.0,0.0,4479912,2758112,
8.9,1790952547.567,0.0,0.0,1.1,0.0,0.0,0.0,0.0,0.0,4479912,2758112,
9.0,1790952547.667,0.0,0.0,1.1,0.0,0.0,0.0,0.0,0.0,4479912,2758112,
9.1,1790952547.767,0.0,0.0,2.4,0.0,0.2,0.2,0.0,0.0,4477896,2758112,
9.2,1790952547.867,0.0,0.0,2.1,0.0,15.5,14.7,0.0,0.0,4478320,2758112,
9.3,1790952547.967,0.0,0.0,2.5,0.0,0.0,0.0,0.0,0.0,4476864,2758112,
9.4,1790952548.067,0.0,0.0,1.9,0.0,0.2,0.2,0.0,0.0,4476532,2758112,
9.5,1790952548.167,0.0,0.0,1.5,0.0,7.7,7.3,0.0,0.0,4476392,2758112,
9.6,1790952548.267,0.0,0.0,0.9,0.0,19.3,18.5,0.0,0.0,4476552,2758112,
9.7,1790952548.367,0.0,0.0,1.6,0.0,6.0,5.8,0.0,0.0,4476312,2758112,
9.8,1790952548.467,0.0,0.0,2.5,0.0,11.5,11.3,0.0,0.0,4475912,2758112,
9.9,1790952548.567,0.0,0.0,1.8,0.0,5.6,5.4,0.0,0.0,4474912,2758112,
10.0,1790952548.667,0.0,0.0,3.0,0.0,50.5,40.5,0.0,0.0,4475792,2758112,
10.1,1790952548.767,0.0,0.0,5.6,0.0,34.1,28.0,0.0,0.0,4474868,2758112,
10.2,1790952548.867,0.0,0.0,2.0,0.0,21.6,18.6,0.0,0.0,4474728,2758112,
10.3,1790952548.967,0.0,0.0,1.6,0.0,8.6,7.6,0.0,0.0,4472988,2758112,
10.4,1790952549.067,0.0,0.0,2.6,0.0,1.7,1.7,0.0,0.0,4470924,2758112,
10.5,1790952549.167,0.0,0.0,1.4,0.0,0.3,0.3,0.0,0.0,4469884,2758112,
10.6,1790952549.267,0.0,0.0,1.6,0.0,0.6,0.6,0.0,0.0,4469328,2758112,
10.7,1790952549.367,0.0,0.0,1.4,0.0,0.5,0.5,0.0,0.0,4468744,2758112,
10.8,1790952549.467,0.0,0.0,1.5,0.0,0.6,0.6,0.0,0.0,4468100,2758112,
10.9,1790952549.567,0.0,0.0,1.2,0.0,5.3,5.3,0.0,0.0,4466048,2758112,
11.0,1790952549.667,0.0,0.0,2.5,0.0,5.8,5.3,0.0,0.0,4463840,2758112,
11.1,1790952549.769,0.0,0.0,10.1,0.0,31.5,22.8,0.0,0.0,4463840,2758108,
11.2,1790952549.867,0.0,0.0,5.6,0.0,35.5,28.9,0.0,0.0,4463968,2758108,
11.3,1790952549.967,0.0,0.0,1.4,0.0,11.3,10.6,0.0,0.0,4461468,2758108,
11.4,1790952550.067,0.0,0.0,1.8,0.0,5.9,5.7,0.0,0.0,4461856,2758108,
11.5,1790952550.167,0.0,0.0,1.4,0.0,9.0,8.6,0.0,0.0,4447212,2758108,
11.6,1790952550.267,0.0,0.0,2.6,0.0,0.4,0.4,0.0,0.0,4427140,2757872,
11.7,1790952550.367,0.0,0.0,1.8,0.0,1.0,1.0,0.0,0.0,4423924,2757872,
11.8,1790952550.467,0.0,0.0,2.4,0.0,0.0,0.0,0.0,0.0,4400632,2757872,
11.9,1790952550.567,0.0,0.0,1.6,0.0,8.1,8.0,0.0,0.0,4396152,2757872,
12.0,1790952550.667,0.0,0.0,2.5,0.0,2.8,2.1,0.0,0.0,4392408,2757872,
12.1,1790952550.767,0.0,0.0,2.0,0.0,22.7,21.3,33.1,0.0,4386088,2757872,
12.2,1790952550.867,0.0,0.0,1.0,0.0,21.4,20.3,39.3,0.0,4375944,2757872,
12.3,1790952550.967,0.0,0.0,0.5,0.0,44.7,43.7,39.3,0.0,4369908,2757872,
12.4,1790952551.067,0.0,0.0,1.9,0.0,22.5,19.8,36.8,0.0,4364236,2757872,
12.5,1790952551.167,0.0,0.0,2.0,0.0,19.2,18.0,33.1,0.0,4361924,2757872,
12.6,1790952551.267,0.0,0.0,2.0,0.0,15.5,14.0,38.0,0.0,4354128,2757872,
12.7,1790952551.367,0.0,0.0,1.1,0.0,18.3,17.3,33.1,0.0,4353308,2757872,
12.8,1790952551.467,0.0,0.0,1.5,0.0,14.3,13.8,38.0,0.0,4349740,2757872,
12.9,1790952551.567,0.0,0.0,1.3,0.0,18.0,17.4,34.2,0.0,4344884,2757872,
13.0,1790952551.667,0.0,0.0,1.9,0.0,19.6,18.7,36.8,0.0,4348604,2757872,
13.1,1790952551.767,0.0,0.0,2.0,0.0,17.2,15.6,38.1,0.0,4348636,2757860,
13.2,1790952551.867,0.0,0.0,1.2,0.0,33.3,31.5,39.3,0.0,4342392,2757860,
13.3,1790952551.967,0.0,0.0,1.7,0.0,11.2,10.7,36.8,0.0,4341472,2757860,
13.4,1790952552.067,0.0,0.0,1.2,0.0,16.7,15.6,36.8,0.0,4332180,2757860,
13.5,1790952552.167,0.0,0.0,0.9,0.0,17.4,16.4,39.3,0.0,4326380,2757860,
13.6,1790952552.267,0.0,0.0,1.1,0.0,23.6,22.8,38.0,0.0,4328236,2757860,
13.7,1790952552.367,0.0,0.0,1.7,0.0,30.8,27.2,35.6,0.0,4324620,2757860,
13.8,1790952552.467,0.0,0.0,1.6,0.0,32.1,29.4,31.9,0.0,4318464,2757860,
13.9,1790952552.567,0.0,0.0,1.8,0.0,16.2,15.2,38.0,0.0,4310480,2757860,
14.0,1790952552.667,0.0,0.0,2.5,0.0,12.6,10.9,30.7,0.0,4310232,2757860,
14.1,1790952552.767,0.0,0.0,2.3,0.0,16.7,15.2,38.1,0.0,4301520,2757860,
14.2,1790952552.867,0.0,0.0,1.7,0.0,18.0,16.5,39.3,0.0,4297696,2757860,
14.3,1790952552.967,0.0,0.0,1.9,0.0,15.1,13.8,40.5,0.0,4297256,2757860,
14.4,1790952553.067,0.0,0.0,2.7,0.0,17.7,15.5,35.6,0.0,4292124,2757860,
14.5,1790952553.167,0.0,0.0,1.4,0.0,39.4,37.5,25.8,0.0,4294692,2757860,
14.6,1790952553.267,0.0,0.0,1.5,0.0,20.8,19.8,33.1,0.0,4289504,2757860,
14.7,1790952553.367,0.0,0.0,1.6,0.0,30.6,28.9,39.3,0.0,4284364,2757860,
14.8,1790952553.467,0.0,0.0,1.8,0.0,15.6,14.8,35.6,0.0,4277876,2757860,
14.9,1790952553.567,0.0,0.0,1.5,0.0,29.6,28.5,39.2,0.0,4281856,2757860,
15.0,1790952553.667,0.0,0.0,1.9,0.0,19.8,17.9,40.5,0.0,4273564,2757860,
15.1,1790952553.767,0.0,0.0,1.7,0.0,23.5,21.5,31.9,0.0,4271184,2757860,
15.2,1790952553.867,0.0,0.0,0.9,0.0,24.8,21.9,33.1,0.0,4274580,2757860,
15.3,1790952553.967,0.0,0.0,0.9,0.0,36.7,34.4,40.3,0.0,4270248,2757860,
15.4,1790952554.067,0.0,0.0,1.1,0.0,34.4,31.9,39.3,0.0,4266164,2757860,
15.5,1790952554.167,0.0,0.0,2.5,0.0,17.5,16.1,40.5,0.0,4268160,2757860,
15.6,1790952554.267,0.0,0.0,1.5,0.0,18.0,16.8,36.8,0.0,4259676,2757860,
15.7,1790952554.367,0.0,0.0,1.3,0.0,26.5,24.2,34.3,0.0,4246788,2757860,
15.8,1790952554.467,0.0,0.0,2.0,0.0,29.8,28.3,39.3,0.0,4250604,2757860,
15.9,1790952554.567,0.0,0.0,3.9,0.0,20.3,17.5,35.6,0.0,4250184,2757860,
16.0,1790952554.667,0.0,0.0,1.6,0.0,20.5,19.6,34.4,0.0,4244096,2757860,
16.1,1790952554.767,0.0,0.0,2.4,0.0,17.6,14.6,39.3,0.0,4242036,2757860,
16.2,1790952554.867,0.0,0.0,2.0,0.0,12.5,11.6,34.4,0.0,4229016,2757860,
16.3,1790952554.967,0.0,0.0,1.6,0.0,12.6,11.5,39.3,0.0,4232452,2757860,
16.4,1790952555.067,0.0,0.0,2.4,0.0,22.2,21.0,36.8,0.0,4228324,2757860,
16.5,1790952555.167,0.0,0.0,1.0,0.0,40.9,40.3,39.3,0.0,4224492,2757860,
16.6,1790952555.267,0.0,0.0,1.4,0.0,33.0,30.3,31.9,0.0,4215720,2757860,
16.7,1790952555.367,0.0,0.0,1.6,0.0,18.1,16.9,36.8,0.0,4211052,2757860,
16.8,1790952555.467,0.0,0.0,1.1,0.0,17.0,16.4,41.7,0.0,4205992,2757860,
16.9,1790952555.567,0.0,0.0,1.6,0.0,32.8,30.9,39.3,0.0,4204360,2757860,
17.0,1790952555.667,0.0,0.0,1.4,0.0,18.6,17.2,39.3,0.0,4208152,2757860,
17.1,1790952555.767,0.0,0.0,2.0,0.0,23.9,22.7,40.5,0.0,4204012,2757860,
17.2,1790952555.867,0.0,0.0,1.3,0.0,15.9,15.4,35.6,0.0,4205784,2757860,
17.3,1790952555.967,0.0,0.0,1.9,0.0,20.8,19.4,33.1,0.0,4203100,2757860,
17.4,1790952556.067,0.0,0.0,2.0,0.0,29.8,29.0,36.8,0.0,4198628,2757860,
17.5,1790952556.167,0.0,0.0,2.3,0.0,11.2,10.6,35.6,0.0,4199640,2757860,
17.6,1790952556.267,0.0,0.0,1.4,0.0,16.1,15.2,40.5,0.0,4193412,2757860,
17.7,1790952556.367,0.0,0.0,1.7,0.0,27.6,26.2,40.5,0.0,4183360,2757860,
17.8,1790952556.467,0.0,0.0,1.7,0.0,12.4,11.9,39.3,0.0,4173972,2757860,
17.9,1790952556.567,0.0,0.0,2.2,0.0,11.3,11.0,40.5,0.0,4169876,2757860,
18.0,1790952556.667,0.0,0.0,2.5,0.0,19.7,18.4,38.0,0.0,4160432,2757860,
18.1,1790952556.767,0.0,0.0,2.1,0.0,18.7,17.3,39.3,0.0,4160424,2757860,
18.2,1790952556.867,0.0,0.0,2.2,0.0,28.8,28.4,36.8,0.0,4160328,2757860,
18.3,1790952556.967,0.0,0.0,1.5,0.0,19.4,17.0,38.0,0.0,4152080,2757860,
18.4,1790952557.067,0.0,0.0,3.7,0.0,1.6,1.4,2.2,0.0,4334784,2757860,
18.5,1790952557.167,0.0,0.0,2.8,0.0,0.0,0.0,0.0,0.0,4194196,2757860,
18.6,1790952557.267,0.0,0.0,2.5,0.0,0.0,0.0,0.0,0.0,4266700,2757860,
18.7,1790952557.367,0.0,0.0,3.1,0.0,0.0,0.0,0.0,0.0,4146072,2757860,
18.8,1790952557.467,0.0,0.0,1.7,0.0,0.0,0.0,0.0,0.0,4126464,2757860,
18.9,1790952557.567,0.0,0.0,0.7,0.0,15.1,15.0,0.0,0.0,4119200,2757860,
19.0,1790952557.667,0.0,0.0,1.3,0.0,1.8,1.7,0.0,0.0,4119708,2757860,
19.1,1790952557.767,0.0,0.0,3.2,0.0,1.3,1.3,0.0,0.0,4120012,2757860,
19.2,1790952557.867,0.0,0.0,1.8,0.0,2.1,2.0,0.3,0.0,4120576,2757860,
19.3,1790952557.967,0.0,0.0,1.4,0.0,0.9,0.9,0.0,0.0,4120616,2757860,
19.4,1790952558.067,0.0,0.0,3.0,0.0,0.0,0.0,0.0,0.0,4116372,2757860,
19.5,1790952558.167,0.0,0.0,4.8,0.0,0.0,0.0,0.0,0.0,4106448,2757860,
19.6,1790952558.267,0.0,0.0,4.0,0.0,0.0,0.0,0.0,0.0,4098012,2757860,
19.7,1790952558.367,0.0,0.0,1.5,0.0,0.0,0.0,0.0,0.0,4090016,2757860,
19.8,1790952558.467,0.0,0.0,0.6,0.0,0.0,0.0,0.0,0.0,4082948,2757860,
19.9,1790952558.567,0.0,0.0,1.3,0.0,0.0,0.0,0.0,0.0,4077932,2757860,
20.0,1790952558.667,0.0,0.0,0.5,0.0,0.0,0.0,0.0,0.0,4072496,2757860,
20.1,1790952558.767,0.0,0.0,1.8,0.0,0.0,0.0,0.0,0.0,4065940,2757860,
20.2,1790952558.867,0.0,0.0,1.1,0.0,0.0,0.0,0.0,0.0,4058148,2757860,
20.3,1790952558.967,0.0,0.0,0.7,0.0,0.0,0.0,0.0,0.0,4054956,2757860,
20.4,1790952559.067,0.0,0.0,0.9,0.0,0.0,0.0,0.0,0.0,4045940,2757860,
20.5,1790952559.167,0.0,0.0,0.7,0.0,0.0,0.0,0.0,0.0,4039312,2757860,
20.6,1790952559.267,0.0,0.0,0.8,0.0,0.0,0.0,0.0,0.0,4030536,2757860,
20.7,1790952559.367,0.0,0.0,0.6,0.0,0.0,0.0,0.0,0.0,4020048,2757860,
20.8,1790952559.467,0.0,0.0,0.6,0.0,0.0,0.0,0.0,0.0,4013984,2757860,
20.9,1790952559.567,0.0,0.0,0.6,0.0,0.0,0.0,0.0,0.0,4006312,2757860,
21.0,1790952559.667,0.0,0.0,2.3,0.0,0.0,0.0,0.0,0.0,3998316,2757860,
21.1,1790952559.767,0.0,0.0,1.3,0.0,0.0,0.0,0.0,0.0,3986916,2757860,
21.2,1790952559.867,0.0,0.0,0.6,0.0,0.0,0.0,0.0,0.0,3986916,2757860,
21.3,1790952559.967,0.0,0.0,2.1,0.0,0.0,0.0,0.0,0.0,3986916,2757860,
21.4,1790952560.067,0.0,0.0,0.5,0.0,0.0,0.0,0.0,0.0,3986916,2757860,
21.5,1790952560.167,0.0,0.0,1.0,0.0,0.0,0.0,0.0,0.0,3986916,2757860,
21.6,1790952560.267,0.0,0.0,0.8,0.0,0.0,0.0,0.0,0.0,3986160,2757860,
21.7,1790952560.367,0.0,0.0,0.5,0.0,0.0,0.0,0.0,0.0,3986160,2757860,
21.8,1790952560.467,0.0,0.0,0.6,0.0,0.0,0.0,0.0,0.0,3985704,2757860,
21.9,1790952560.567,0.0,0.0,0.5,0.0,0.0,0.0,0.0,0.0,3985656,2757860,
22.0,1790952560.667,0.0,0.0,1.6,0.0,0.0,0.0,0.0,0.0,3985440,2757860,
22.1,1790952560.767,0.0,0.0,2.2,0.0,0.0,0.0,0.0,0.0,3982704,2757860,
22.2,1790952560.867,0.0,0.0,0.8,0.0,0.0,0.0,0.0,0.0,3972444,2757860,
22.3,1790952560.967,0.0,0.0,0.7,0.0,0.0,0.0,0.0,0.0,3967556,2757860,
22.4,1790952561.067,0.0,0.0,1.3,0.0,0.0,0.0,0.0,0.0,3958864,2757860,
22.5,1790952561.167,0.0,0.0,0.6,0.0,0.0,0.0,0.0,0.0,3937368,2757860,
22.6,1790952561.267,0.0,0.0,0.5,0.0,0.0,0.0,0.0,0.0,3937368,2757860,
22.7,1790952561.367,0.0,0.0,0.5,0.0,0.0,0.0,0.0,0.0,3933272,2757860,
22.8,1790952561.467,0.0,0.0,0.7,0.0,0.0,0.0,0.0,0.0,3929176,2757860,
22.9,1790952561.567,0.0,0.0,1.8,0.0,0.0,0.0,0.0,0.0,3922428,2757860,
23.0,1790952561.667,0.0,0.0,0.9,0.0,0.0,0.0,0.0,0.0,3918420,2757860,
23.1,1790952561.767,0.0,0.0,0.8,0.0,0.0,0.0,0.0,0.0,3909824,2757808,
23.2,1790952561.867,0.0,0.0,0.9,0.0,0.0,0.0,0.0,0.0,3894916,2757808,
23.3,1790952561.967,0.0,0.0,0.8,0.0,0.0,0.0,0.0,0.0,3939376,2757808,
23.4,1790952562.067,0.0,0.0,0.5,0.0,0.0,0.0,0.0,0.0,3939376,2757808,
23.5,1790952562.167,0.0,0.0,0.5,0.0,0.0,0.0,0.0,0.0,3939376,2757808,
23.6,1790952562.267,0.0,0.0,0.6,0.0,0.0,0.0,0.0,0.0,3939376,2757808,
23.7,1790952562.367,0.0,0.0,0.9,0.0,0.0,0.0,0.0,0.0,3939376,2757808,
23.8,1790952562.467,0.0,0.0,0.8,0.0,0.0,0.0,0.0,0.0,3938008,2757808,
23.9,1790952562.567,0.0,0.0,0.7,0.0,0.0,0.0,0.0,0.0,3936412,2757808,
24.0,1790952562.667,0.0,0.0,0.9,0.0,0.0,0.0,0.0,0.0,3926472,2757808,
24.1,1790952562.767,0.0,0.0,1.1,0.0,0.0,0.0,0.0,0.0,3924648,2757808,
24.2,1790952562.867,0.0,0.0,1.0,0.0,0.0,0.0,0.0,0.0,3921456,2757808,
24.3,1790952562.967,0.0,0.0,0.5,0.0,0.0,0.0,0.0,0.0,3918040,2757808,
24.4,1790952563.067,0.0,0.0,0.7,0.0,0.0,0.0,0.0,0.0,3907096,2757808,
24.5,1790952563.167,0.0,0.0,0.7,0.0,0.0,0.0,0.0,0.0,3907096,2757808,
24.6,1790952563.267,0.0,0.0,0.8,0.0,0.0,0.0,0.0,0.0,3903676,2757808,
24.7,1790952563.367,0.0,0.0,0.9,0.0,0.0,0.0,0.0,0.0,3885664,2757808,
24.8,1790952563.467,0.0,0.0,0.8,0.0,0.0,0.0,0.0,0.0,3885664,2757808,
24.9,1790952563.567,0.0,0.0,0.7,0.0,0.0,0.0,0.0,0.0,3885668,2757808,
25.0,1790952563.667,0.0,0.0,0.7,0.0,0.0,0.0,0.0,0.0,3885572,2757804,
25.1,1790952563.767,0.0,0.0,0.8,0.0,0.0,0.0,0.0,0.0,3885344,2757804,
25.2,1790952563.867,0.0,0.0,0.8,0.0,0.0,0.0,0.0,0.0,3881696,2757804,
25.3,1790952563.967,0.0,0.0,0.8,0.0,4.5,4.4,0.0,0.0,3877364,2757804,
25.4,1790952564.067,0.0,0.0,2.6,0.0,32.4,26.7,0.0,0.0,3872316,2757804,
25.5,1790952564.167,0.0,0.0,0.7,0.0,41.5,36.1,0.0,0.0,3863440,2757804,
25.6,1790952564.267,0.0,0.0,1.7,0.0,11.0,10.3,0.0,0.0,3860980,2757804,
25.7,1790952564.367,0.0,0.0,2.4,0.0,39.5,35.4,0.0,0.0,3860064,2757804,
25.8,1790952564.467,0.3,0.3,6.0,0.0,36.0,25.3,10.9,0.0,3840540,2757496,
25.9,1790952564.567,0.0,0.0,4.2,0.0,24.6,18.8,0.0,0.0,3832252,2757492,
26.0,1790952564.667,0.0,0.0,0.4,0.0,8.1,7.2,0.0,0.0,3816544,2757492,
26.1,1790952564.767,0.0,0.0,0.7,0.0,0.0,0.0,0.0,0.0,3813208,2757488,
26.2,1790952564.867,0.0,0.0,0.4,0.0,9.0,7.9,0.0,0.0,3785032,2757488,
26.3,1790952564.967,0.0,0.0,0.3,0.0,0.0,0.0,0.0,0.0,3776824,2757488,
26.4,1790952565.067,0.0,0.0,0.5,0.0,0.0,0.0,0.0,0.0,3772224,2757488,
26.5,1790952565.167,0.0,0.0,0.9,0.0,0.0,0.0,0.0,0.0,3770400,2757488,
26.6,1790952565.267,0.0,0.0,2.0,0.0,0.0,0.0,0.0,0.0,3764700,2757488,
26.7,1790952565.367,0.0,0.0,1.1,0.0,0.0,0.0,0.0,0.0,3744636,2757488,
26.8,1790952565.467,0.0,0.0,0.7,0.0,0.0,0.0,0.0,0.0,3739916,2757488,
26.9,1790952565.567,0.0,0.0,0.5,0.0,0.0,0.0,0.0,0.0,3739916,2757488,
27.0,1790952565.667,0.0,0.0,0.3,0.0,0.0,0.0,0.0,0.0,3730716,2757488,
27.1,1790952565.767,0.0,0.0,1.4,0.0,7.6,7.6,0.0,0.0,3729216,2757488,
27.2,1790952565.867,0.0,0.0,2.8,0.0,0.0,0.0,0.0,0.0,3688432,2757488,
27.3,1790952565.967,0.0,0.0,1.9,0.0,0.0,0.0,0.0,0.0,3688048,2757488,
27.4,1790952566.067,0.0,0.0,0.8,0.0,0.6,0.6,0.0,0.0,3686804,2757488,
27.5,1790952566.167,0.0,0.0,3.0,0.0,0.0,0.0,0.0,0.0,3686780,2757488,
27.6,1790952566.267,0.0,0.0,1.3,0.0,0.0,0.0,0.0,0.0,3657992,2757488,
27.7,1790952566.367,0.0,0.0,2.5,0.0,5.2,5.2,3.7,0.0,3656568,2757488,
27.8,1790952566.467,0.0,0.0,1.1,0.0,39.5,38.6,40.5,0.0,3651812,2757488,
27.9,1790952566.567,0.0,0.0,1.4,0.0,14.9,14.5,19.0,0.0,3630788,2757488,
28.0,1790952566.667,0.0,0.0,2.5,0.0,0.0,0.0,0.0,0.0,3485648,2757488,
28.1,1790952566.767,0.0,0.0,0.7,0.0,0.0,0.0,0.0,0.0,3276228,2757488,
28.2,1790952566.867,0.0,0.0,0.6,0.0,0.0,0.0,0.0,0.0,3029672,2757488,
28.3,1790952566.967,0.0,0.0,0.8,0.0,0.0,0.0,0.0,0.0,3009288,2757488,
28.4,1790952567.067,0.0,0.0,0.6,0.0,0.0,0.0,0.0,0.0,2996760,2757488,
28.5,1790952567.167,0.0,0.0,0.9,0.0,0.0,0.0,0.0,0.0,2813780,2757488,
28.6,1790952567.267,0.0,0.0,0.9,0.0,0.0,0.0,0.0,0.0,2753924,2757488,
28.7,1790952567.367,0.0,0.0,1.7,0.0,0.0,0.0,0.0,0.0,2496120,2757488,
28.8,1790952567.467,0.0,0.0,0.9,0.0,0.0,0.0,0.0,0.0,2261732,2757488,
28.9,1790952567.567,0.0,0.0,1.2,0.0,0.0,0.0,0.0,0.0,2225424,2757488,
29.0,1790952567.667,0.0,0.0,1.8,0.0,13.6,13.3,0.0,0.0,2220144,2757488,
29.1,1790952567.769,0.3,0.3,3.3,0.0,1.2,0.8,0.0,0.0,2183636,2757488,
29.2,1790952567.867,20.4,14.7,2.8,0.0,27.3,18.1,0.0,0.0,2188468,2757488,
29.3,1790952567.967,0.0,0.0,2.7,0.0,12.9,12.5,0.0,0.0,2180060,2757488,
29.4,1790952568.067,0.4,0.3,2.3,0.0,0.6,0.5,0.0,0.0,2174004,2757460,
29.5,1790952568.167,0.0,0.0,1.3,0.0,2.6,2.3,0.0,0.0,2177980,2757460,
29.6,1790952568.267,0.0,0.0,3.4,0.0,1.5,1.4,0.0,0.0,2167768,2757460,
29.7,1790952568.367,0.0,0.0,2.1,0.0,0.0,0.0,0.0,0.0,2089228,2753316,
29.8,1790952568.467,0.0,0.0,0.8,0.0,44.7,43.4,33.1,0.0,2074372,2753316,
29.9,1790952568.567,0.0,0.0,0.9,0.0,15.2,14.1,38.1,0.0,2069604,2753316,
30.0,1790952568.667,0.0,0.0,2.2,0.0,0.0,0.0,0.0,0.0,2069680,2753312,
30.1,1790952568.767,1.8,1.8,1.2,0.0,7.0,6.8,8.7,0.0,2070588,2753312,
30.2,1790952568.867,0.0,0.0,1.9,0.0,16.9,16.4,16.9,0.0,2072504,2753312,
30.3,1790952568.967,0.0,0.0,4.2,0.0,12.7,11.7,32.5,0.0,2052540,2753312,
30.4,1790952569.067,0.0,0.0,5.4,0.0,18.3,13.5,40.5,0.0,1997612,2753312,
30.5,1790952569.168,0.0,0.0,5.6,0.0,20.8,14.2,41.3,0.0,1938708,2753312,
30.6,1790952569.267,0.0,0.0,5.0,0.0,16.0,12.0,41.7,0.0,1697668,2753312,
30.7,1790952569.367,0.0,0.0,2.0,0.0,11.0,9.8,41.7,0.0,1666224,2753312,
30.8,1790952569.467,0.0,0.0,4.6,0.0,15.1,11.9,42.0,0.0,1456232,2753308,
30.9,1790952569.567,1.2,1.0,4.4,0.0,20.5,16.7,40.5,0.0,1382872,2753308,
31.0,1790952569.667,0.0,0.0,3.2,0.0,18.5,15.4,41.7,0.0,1391852,2753308,
31.1,1790952569.767,0.0,0.0,5.7,0.0,17.8,14.9,42.9,0.0,1387880,2753308,
31.2,1790952569.867,0.0,0.0,3.0,0.0,18.5,15.5,40.6,0.0,1386500,2753308,
31.3,1790952569.967,0.0,0.0,5.2,0.0,15.7,12.5,42.9,0.0,1392244,2753308,
31.4,1790952570.067,0.0,0.0,4.4,0.0,18.8,13.7,41.0,0.0,1365380,2753308,
31.5,1790952570.167,9.4,9.1,6.1,0.0,15.1,12.4,40.4,0.0,1447100,2753308,
31.6,1790952570.267,1.0,1.0,5.8,0.0,19.4,15.7,41.7,0.0,1451536,2753308,
31.7,1790952570.367,2.3,2.3,4.1,0.0,21.4,16.5,39.7,0.0,1433460,2753308,
31.8,1790952570.467,0.0,0.0,2.5,0.0,20.5,16.6,39.9,0.0,1428444,2753308,
31.9,1790952570.567,0.0,0.0,5.9,0.0,22.9,19.0,43.0,0.0,1408716,2753308,
32.0,1790952570.667,0.0,0.0,3.1,0.0,22.5,17.1,40.8,0.0,1400232,2753308,
32.1,1790952570.767,0.0,0.0,4.9,0.0,19.2,14.4,40.0,0.0,1395472,2753308,
32.2,1790952570.867,0.0,0.0,3.8,0.0,14.6,11.3,39.5,0.0,1387100,2753308,
32.3,1790952570.967,0.0,0.0,6.8,0.0,22.3,16.6,40.2,0.0,1354900,2753308,
32.4,1790952571.067,8.2,8.1,5.4,0.0,14.9,11.6,39.3,0.0,1355888,2754252,
32.5,1790952571.167,0.0,0.0,5.4,0.0,20.1,16.2,36.5,0.0,1329960,2754252,
32.6,1790952571.267,0.0,0.0,6.1,0.0,22.6,18.0,41.7,0.0,1310268,2754252,
32.7,1790952571.369,0.0,0.0,8.9,0.0,19.6,14.0,37.6,0.0,1265172,2754252,
32.8,1790952571.467,0.0,0.0,10.7,0.0,16.1,11.5,35.1,0.0,1241772,2754252,
32.9,1790952571.567,0.3,0.3,2.0,0.0,18.0,14.2,26.9,0.0,1247980,2754252,
33.0,1790952571.667,0.0,0.0,1.0,0.0,39.3,35.5,11.7,0.0,1245624,2754252,
33.1,1790952571.767,0.0,0.0,3.6,0.0,13.0,11.0,41.3,0.0,1244636,2754252,
33.2,1790952571.867,1.7,1.7,6.2,0.0,6.5,5.4,29.8,0.0,1313044,2754252,
33.3,1790952571.967,0.0,0.0,4.0,0.0,4.0,2.9,20.1,0.0,1302736,2754252,
33.4,1790952572.067,0.0,0.0,4.1,0.0,8.6,6.6,22.1,0.0,1276048,2754252,
33.5,1790952572.167,15.4,15.3,5.9,0.0,13.9,10.4,6.6,0.0,1113752,2764896,
33.6,1790952572.267,7.6,7.5,4.6,0.0,27.1,20.2,21.0,0.0,1113148,2781704,
33.7,1790952572.367,0.0,0.0,2.9,0.0,0.2,0.1,0.0,0.0,1109580,2781704,
33.8,1790952572.467,0.1,0.1,6.3,0.0,3.6,3.1,12.3,0.0,1104932,2781704,
33.9,1790952572.567,0.0,0.0,4.1,0.0,3.3,2.7,7.7,0.0,1107580,2781704,
34.0,1790952572.667,0.0,0.0,4.5,0.0,0.0,0.0,0.0,0.0,1107620,2781704,
34.1,1790952572.767,0.0,0.0,5.7,0.0,0.5,0.3,1.2,0.0,1107840,2781704,
34.2,1790952572.867,0.0,0.0,6.4,0.0,10.6,8.0,26.1,0.0,1044256,2781704,
34.3,1790952572.967,0.0,0.0,3.8,0.0,34.5,28.5,41.7,0.0,1039272,2781704,
34.4,1790952573.067,0.0,0.0,4.7,0.0,21.5,15.1,29.2,0.0,1036668,2781704,
34.5,1790952573.167,0.0,0.0,2.8,0.0,0.3,0.2,4.7,0.0,1037024,2781704,
34.6,1790952573.267,0.0,0.0,3.8,0.0,0.0,0.0,0.0,0.0,1032708,2781704,
34.7,1790952573.367,0.0,0.0,1.6,0.0,11.2,9.7,37.8,0.0,1016292,2781704,
34.8,1790952573.467,0.2,0.2,1.5,0.0,9.8,8.4,38.4,0.0,1015560,2781704,
34.9,1790952573.567,0.0,0.0,1.9,0.0,3.0,2.4,11.4,0.0,897532,2781704,
35.0,1790952573.667,9.4,9.3,2.5,0.0,0.0,0.0,0.0,0.0,924580,2783804,
35.1,1790952573.767,8.0,7.9,4.4,0.0,2.1,1.1,1.1,0.0,876272,2789580,
35.2,1790952573.867,14.3,14.1,6.6,0.0,12.6,8.3,29.4,0.0,612120,2815804,
35.3,1790952573.967,33.6,33.2,2.1,0.0,21.6,12.3,6.8,0.0,602176,2826132,
35.4,1790952574.067,50.9,50.7,1.7,0.0,0.0,0.0,0.0,0.0,601004,2843568,
35.5,1790952574.167,42.9,42.7,1.1,0.0,0.1,0.1,0.5,0.0,582548,2873992,
35.6,1790952574.267,40.7,40.5,4.2,0.0,3.7,2.9,17.6,0.0,485900,2880372,
35.7,1790952574.367,13.2,12.7,23.5,0.0,13.0,6.2,27.2,0.0,349200,2880108,
35.8,1790952574.467,0.0,0.0,5.5,0.0,2.9,1.7,12.1,0.0,478344,2879960,
35.9,1790952574.567,0.0,0.0,11.7,0.0,5.7,4.1,16.3,0.0,590856,2879884,
36.0,1790952574.667,0.0,0.0,9.9,0.0,16.2,11.5,37.0,0.0,586460,2879660,
36.1,1790952574.767,0.0,0.0,13.6,0.0,17.6,11.3,32.6,0.0,580288,2879612,
36.2,1790952574.867,0.0,0.0,8.0,0.0,1.4,0.9,2.1,0.0,577244,2879608,
36.3,1790952574.967,0.0,0.0,8.5,0.0,3.8,2.2,10.5,0.0,572064,2879592,
36.4,1790952575.067,0.0,0.0,5.2,0.0,0.2,0.1,0.0,0.0,564360,2879568,
36.5,1790952575.167,0.0,0.0,6.7,0.0,3.3,2.2,8.1,0.0,561320,2879532,
36.6,1790952575.267,0.0,0.0,5.3,0.0,0.0,0.0,0.0,0.0,558508,2879524,
36.7,1790952575.367,0.0,0.0,6.3,0.0,0.0,0.0,0.0,0.0,557528,2879524,
36.8,1790952575.467,0.0,0.0,4.8,0.0,0.7,0.6,0.0,0.0,557024,2879512,
36.9,1790952575.567,0.0,0.0,6.4,0.0,0.0,0.0,0.0,0.0,553116,2879512,
37.0,1790952575.667,0.0,0.0,3.9,0.0,0.0,0.0,0.0,0.0,551532,2879508,
37.1,1790952575.767,0.0,0.0,5.1,0.0,0.0,0.0,0.0,0.0,553328,2879500,
37.2,1790952575.867,0.0,0.0,5.7,0.0,10.6,8.4,37.4,0.0,501880,2879488,
37.3,1790952575.967,6.1,6.0,5.3,0.0,11.0,8.4,40.5,0.0,305072,2891012,
37.4,1790952576.067,16.8,16.2,8.4,0.0,10.5,6.0,41.7,0.0,367756,2909780,
37.5,1790952576.167,1.1,1.1,19.3,0.0,30.5,17.3,39.1,0.0,449540,2910552,
37.6,1790952576.267,0.0,0.0,9.9,0.0,5.9,4.0,15.1,0.0,981000,2910420,
37.7,1790952576.367,0.0,0.0,7.9,0.0,4.9,3.1,17.2,0.0,1091288,2910420,
37.8,1790952576.467,0.0,0.0,10.0,0.0,12.4,8.9,41.7,0.0,1085268,2910420,
37.9,1790952576.567,0.0,0.0,17.7,0.0,10.4,4.9,39.2,0.0,1075500,2910420,
38.0,1790952576.667,0.0,0.0,16.3,0.0,11.1,6.0,37.3,0.0,1070436,2910420,
38.1,1790952576.767,0.0,0.0,20.5,0.0,13.1,4.6,39.4,0.0,1044476,2910376,
38.2,1790952576.867,0.0,0.0,14.8,0.0,19.1,10.3,30.7,0.0,1002080,2910376,
38.3,1790952576.967,0.0,0.0,12.9,0.0,24.0,13.1,40.5,0.0,1002308,2910376,
38.4,1790952577.067,0.0,0.0,9.5,0.0,22.0,14.1,40.5,0.0,1003564,2910376,
38.5,1790952577.167,0.0,0.0,8.1,0.0,24.2,16.5,41.7,0.0,1003220,2910376,
38.6,1790952577.267,0.0,0.0,10.3,0.0,22.7,14.2,41.7,0.0,1002240,2910376,
38.7,1790952577.367,0.0,0.0,9.7,0.0,23.7,15.4,41.8,0.0,1004084,2910376,
38.8,1790952577.467,0.0,0.0,12.6,0.0,27.0,16.0,40.5,0.0,1000952,2910376,
38.9,1790952577.567,0.0,0.0,13.1,0.0,19.8,10.6,30.6,0.0,1000392,2910376,
39.0,1790952577.667,0.0,0.0,13.6,0.0,15.2,9.9,40.5,0.0,982044,2910376,
39.1,1790952577.767,0.0,0.0,13.7,0.0,5.0,2.3,9.1,0.0,974168,2910368,
39.2,1790952577.867,0.0,0.0,30.5,0.0,11.2,3.1,11.0,0.0,854172,2910340,
39.3,1790952577.967,0.0,0.0,3.5,0.0,6.5,6.0,0.0,0.0,855260,2910340,
39.4,1790952578.067,0.0,0.0,6.8,0.0,4.3,3.7,0.0,0.0,857156,2910328,
39.5,1790952578.167,0.0,0.0,26.9,0.0,17.5,6.1,28.7,0.0,851752,2910312,
39.6,1790952578.267,0.0,0.0,23.5,0.0,21.3,9.4,37.7,0.0,855416,2910308,
39.7,1790952578.367,0.0,0.0,16.1,0.0,21.6,11.5,32.2,0.0,838972,2910308,
39.8,1790952578.467,0.0,0.0,11.1,0.0,26.4,15.0,41.7,0.0,839752,2910308,
39.9,1790952578.567,0.0,0.0,12.8,0.0,19.6,11.7,41.6,0.0,717124,2910308,
40.0,1790952578.667,0.0,0.0,12.1,0.0,11.5,6.6,38.1,0.0,427092,2910308,
40.1,1790952578.769,30.1,29.4,26.7,0.0,11.4,4.1,37.6,0.0,417096,2922888,
40.2,1790952578.867,39.8,33.8,44.0,0.0,5.6,1.4,9.6,0.0,345276,2930272,
40.3,1790952578.967,41.9,34.5,47.6,0.0,8.6,1.3,32.1,0.0,313348,2956772,
40.4,1790952579.067,57.4,47.6,47.2,0.0,1.3,0.6,1.0,0.0,322048,2988100,
40.5,1790952579.167,37.0,34.3,34.3,0.0,1.7,0.7,2.6,0.0,312504,3015452,
40.6,1790952579.267,44.6,38.2,34.9,0.0,0.1,0.1,0.8,0.0,310100,3048408,
40.7,1790952579.367,44.7,36.0,42.0,0.0,0.0,0.0,0.0,0.0,308424,3086592,
40.8,1790952579.467,43.6,34.8,37.3,0.0,0.0,0.0,0.0,0.0,310052,3114696,
40.9,1790952579.567,44.4,40.1,23.2,0.0,0.0,0.0,0.0,0.0,307644,3152612,
41.0,1790952579.667,58.5,54.2,26.3,0.0,0.1,0.0,0.1,0.0,292624,3198076,
41.1,1790952579.767,35.0,32.8,29.3,0.0,0.6,0.0,1.6,0.0,299236,3252336,
41.2,1790952579.867,52.8,49.2,31.7,0.0,1.0,0.0,5.3,0.0,284996,3297916,
41.3,1790952579.967,51.8,51.3,6.6,0.0,0.3,0.3,2.5,0.0,289244,3323520,
41.4,1790952580.067,51.4,50.3,5.0,0.0,0.0,0.0,0.0,0.0,283220,3346252,
41.5,1790952580.167,49.2,48.6,3.7,0.0,0.0,0.0,0.0,0.0,281648,3368844,
41.6,1790952580.267,33.3,32.6,21.4,0.0,0.0,0.0,0.0,0.0,297008,3389228,
41.7,1790952580.367,32.8,31.6,11.8,0.0,0.0,0.0,0.0,0.0,280456,3407280,
41.8,1790952580.467,32.1,31.9,6.3,0.0,0.0,0.0,0.0,0.0,281028,3422472,
41.9,1790952580.567,19.5,19.2,14.1,0.0,0.0,0.0,0.0,0.0,289144,3445204,
42.0,1790952580.667,21.0,20.8,9.5,0.0,0.0,0.0,0.0,0.0,299040,3463244,
42.1,1790952580.767,20.0,19.6,13.5,0.0,0.0,0.0,0.0,0.0,309740,3477844,
42.2,1790952580.867,18.8,18.5,14.5,0.0,0.0,0.0,0.0,0.0,325468,3496120,
42.3,1790952580.967,20.4,20.1,12.3,0.0,0.0,0.0,0.0,0.0,335892,3514048,
42.4,1790952581.067,20.7,20.4,8.7,0.0,0.0,0.0,0.0,0.0,351604,3532464,
42.5,1790952581.167,20.2,19.9,13.1,0.0,0.0,0.0,0.0,0.0,368932,3553308,
42.6,1790952581.267,21.2,21.0,10.3,0.0,0.0,0.0,0.0,0.0,422380,3609644,
42.7,1790952581.367,19.9,19.5,10.1,0.0,0.0,0.0,0.0,0.0,437000,3627368,
42.8,1790952581.467,20.1,19.8,10.4,0.0,0.0,0.0,0.0,0.0,455888,3653024,
42.9,1790952581.567,21.6,21.3,8.0,0.0,0.0,0.0,0.0,0.0,459080,3664048,
43.0,1790952581.667,20.7,20.4,8.7,0.0,0.0,0.0,0.0,0.0,461520,3674668,
43.1,1790952581.767,21.6,21.4,8.8,0.0,0.0,0.0,0.0,0.0,472180,3685468,
43.2,1790952581.867,19.4,19.2,14.3,0.0,0.0,0.0,0.0,0.0,476684,3697812,
43.3,1790952581.967,18.3,18.0,16.9,0.0,0.0,0.0,0.0,0.0,487692,3716024,
43.4,1790952582.067,20.5,20.2,8.8,0.0,0.0,0.0,0.0,0.0,503416,3735824,
43.5,1790952582.167,20.1,19.8,11.2,0.0,0.0,0.0,0.0,0.0,520020,3757308,
43.6,1790952582.267,15.3,15.1,10.2,0.0,0.0,0.0,0.0,0.0,532708,3773756,
43.7,1790952582.367,0.0,0.0,9.0,0.0,0.0,0.0,0.0,0.0,532684,3773720,
43.8,1790952582.467,0.0,0.0,10.5,0.0,0.0,0.0,0.0,0.0,532456,3773716,
43.9,1790952582.567,0.0,0.0,7.7,0.0,0.0,0.0,0.0,0.0,532432,3773704,
44.0,1790952582.667,0.0,0.0,9.4,0.0,0.0,0.0,0.0,0.0,532704,3773700,
44.1,1790952582.767,0.0,0.0,10.8,0.0,0.1,0.1,0.0,0.0,532240,3773632,
44.2,1790952582.867,0.0,0.0,11.8,0.0,0.0,0.0,0.0,0.0,532216,3773604,
44.3,1790952582.967,0.0,0.0,11.5,0.0,0.0,0.0,0.0,0.0,532216,3773584,
44.4,1790952583.067,0.0,0.0,6.8,0.0,0.0,0.0,0.0,0.0,532216,3773580,
44.5,1790952583.167,0.0,0.0,8.0,0.0,0.0,0.0,0.0,0.0,531532,3773564,
44.6,1790952583.267,0.0,0.0,10.8,0.0,0.0,0.0,0.0,0.0,531460,3773472,
44.7,1790952583.367,0.0,0.0,8.3,0.0,0.0,0.0,0.0,0.0,531460,3773340,
44.8,1790952583.467,0.0,0.0,10.4,0.0,0.0,0.0,0.0,0.0,531460,3773320,
44.9,1790952583.567,0.0,0.0,7.0,0.0,0.0,0.0,0.0,0.0,531240,3773312,
45.0,1790952583.667,0.0,0.0,7.0,0.0,0.0,0.0,0.0,0.0,530988,3773300,
45.1,1790952583.767,0.1,0.1,10.0,0.0,0.0,0.0,0.0,0.0,530988,3773160,
45.2,1790952583.867,0.1,0.1,8.6,0.0,0.0,0.0,0.0,0.0,530988,3773052,
45.3,1790952583.967,0.0,0.0,7.7,0.0,0.0,0.0,0.0,0.0,530988,3773044,
45.4,1790952584.067,0.0,0.0,8.7,0.0,0.0,0.0,0.0,0.0,530988,3773040,
45.5,1790952584.167,0.0,0.0,7.3,0.0,0.0,0.0,0.0,0.0,530988,3773016,
45.6,1790952584.267,0.0,0.0,9.3,0.0,0.0,0.0,0.0,0.0,530988,3773008,
45.7,1790952584.367,0.0,0.0,9.0,0.0,0.0,0.0,0.0,0.0,530988,3772992,
45.8,1790952584.467,0.0,0.0,6.8,0.0,0.0,0.0,0.0,0.0,530988,3772988,
45.9,1790952584.567,0.0,0.0,8.7,0.0,0.0,0.0,0.0,0.0,530988,3772980,
46.0,1790952584.667,0.0,0.0,10.2,0.0,0.0,0.0,0.0,0.0,530988,3772900,
46.1,1790952584.767,0.0,0.0,9.6,0.0,0.0,0.0,0.0,0.0,530512,3772888,
46.2,1790952584.867,0.0,0.0,8.9,0.0,0.0,0.0,0.0,0.0,530512,3772820,
46.3,1790952584.967,0.0,0.0,11.9,0.0,0.0,0.0,0.0,0.0,530040,3772816,
46.4,1790952585.067,0.0,0.0,7.9,0.0,0.0,0.0,0.0,0.0,530040,3772808,
46.5,1790952585.167,0.0,0.0,7.6,0.0,0.0,0.0,0.0,0.0,530040,3772788,
46.6,1790952585.267,0.0,0.0,7.5,0.0,0.0,0.0,0.0,0.0,530040,3772760,
46.7,1790952585.367,0.0,0.0,8.2,0.0,0.0,0.0,0.0,0.0,530044,3772752,
46.8,1790952585.467,0.0,0.0,10.2,0.0,0.0,0.0,0.0,0.0,530044,3772748,
46.9,1790952585.567,0.0,0.0,5.8,0.0,0.0,0.0,0.0,0.0,530044,3772744,
47.0,1790952585.667,0.0,0.0,7.4,0.0,0.0,0.0,0.0,0.0,530044,3772732,
47.1,1790952585.767,0.0,0.0,7.4,0.0,0.0,0.0,0.0,0.0,530044,3772684,
47.2,1790952585.867,0.0,0.0,6.4,0.0,0.0,0.0,0.0,0.0,530044,3772680,
47.3,1790952585.967,0.0,0.0,9.1,0.0,0.0,0.0,0.0,0.0,530044,3772668,
47.4,1790952586.067,0.0,0.0,8.9,0.0,0.0,0.0,0.0,0.0,530044,3772656,
47.5,1790952586.167,0.0,0.0,8.7,0.0,0.0,0.0,0.0,0.0,530044,3772652,
47.6,1790952586.267,0.0,0.0,7.6,0.0,0.0,0.0,0.0,0.0,530044,3772648,
47.7,1790952586.367,0.0,0.0,8.9,0.0,0.0,0.0,0.0,0.0,530044,3772644,
47.8,1790952586.467,0.0,0.0,6.9,0.0,0.0,0.0,0.0,0.0,530044,3772636,
47.9,1790952586.567,0.0,0.0,11.2,0.0,0.0,0.0,0.0,0.0,530044,3772608,
48.0,1790952586.667,0.0,0.0,9.9,0.0,0.0,0.0,0.0,0.0,530044,3772600,
48.1,1790952586.767,0.0,0.0,9.7,0.0,0.0,0.0,0.0,0.0,530060,3772508,
48.2,1790952586.867,0.1,0.1,9.0,0.0,0.0,0.0,0.0,0.0,530060,3772348,
48.3,1790952586.967,0.0,0.0,8.1,0.0,0.0,0.0,0.0,0.0,530060,3772332,
48.4,1790952587.067,0.0,0.0,9.6,0.0,0.0,0.0,0.0,0.0,530060,3772320,
48.5,1790952587.167,0.0,0.0,9.0,0.0,0.0,0.0,0.0,0.0,530060,3772312,
48.6,1790952587.267,0.0,0.0,5.9,0.0,0.0,0.0,0.0,0.0,530036,3772304,
48.7,1790952587.367,0.0,0.0,7.3,0.0,0.0,0.0,0.0,0.0,530036,3772300,
48.8,1790952587.467,0.0,0.0,9.3,0.0,0.0,0.0,0.0,0.0,530036,3772284,
48.9,1790952587.567,0.1,0.1,7.2,0.0,0.0,0.0,0.0,0.0,530036,3772256,
49.0,1790952587.667,0.0,0.0,6.4,0.0,0.0,0.0,0.0,0.0,530036,3772252,
49.1,1790952587.767,0.7,0.7,11.7,0.0,0.0,0.0,0.0,0.0,529224,3770580,
49.2,1790952587.867,0.0,0.0,8.4,0.0,0.0,0.0,0.0,0.0,529264,3770544,
49.3,1790952587.967,0.0,0.0,10.8,0.0,0.0,0.0,0.0,0.0,527940,3770532,
49.4,1790952588.067,0.0,0.0,9.6,0.0,0.0,0.0,0.0,0.0,527916,3770524,
49.5,1790952588.167,0.0,0.0,8.8,0.0,0.0,0.0,0.0,0.0,527208,3770512,
49.6,1790952588.267,0.0,0.0,4.6,0.0,0.0,0.0,0.0,0.0,527160,3770508,
49.7,1790952588.367,0.0,0.0,7.5,0.0,0.0,0.0,0.0,0.0,527160,3770504,
49.8,1790952588.468,0.0,0.0,6.9,0.0,0.0,0.0,0.0,0.0,527160,3770460,
49.9,1790952588.567,0.0,0.0,9.5,0.0,0.0,0.0,0.0,0.0,526592,3770456,
50.0,1790952588.667,0.0,0.0,8.3,0.0,0.0,0.0,0.0,0.0,526592,3770452,
50.1,1790952588.767,0.0,0.0,10.1,0.0,0.0,0.0,0.0,0.0,525080,3770392,
50.2,1790952588.869,0.8,0.7,31.1,0.0,0.0,0.0,0.0,0.0,433080,3769452,
50.3,1790952588.967,9.8,9.3,34.1,0.0,0.4,0.2,0.0,0.0,428404,3769344,
50.4,1790952589.067,18.8,18.5,41.3,0.0,0.7,0.3,0.0,0.0,361344,3770816,
50.5,1790952589.169,14.0,13.7,47.3,0.0,0.2,0.1,0.0,0.0,363028,3804544,
50.6,1790952589.267,7.5,6.8,39.8,0.0,0.0,0.0,0.0,0.0,353992,3834772,
50.7,1790952589.368,10.1,9.0,40.1,0.0,0.0,0.0,0.0,0.0,370468,3892104,
50.8,1790952589.467,4.9,4.8,34.4,0.0,0.0,0.0,0.0,0.0,379460,3942600,
50.9,1790952589.567,8.5,7.8,40.9,0.0,0.0,0.0,0.0,0.0,443520,3997736,
51.0,1790952589.667,0.4,0.4,32.4,0.0,0.0,0.0,0.0,0.0,368200,3999180,
51.1,1790952589.769,13.7,13.4,38.1,0.0,0.0,0.0,0.0,0.0,410420,4035332,
51.2,1790952589.867,1.6,1.5,36.7,0.0,0.0,0.0,0.0,0.0,384200,4043136,
51.3,1790952589.967,1.4,1.4,44.2,0.0,0.0,0.0,0.0,0.0,384700,4045180,
51.4,1790952590.067,10.3,9.4,47.9,0.0,0.0,0.0,0.0,0.0,405052,4092660,
51.5,1790952590.167,0.0,0.0,43.1,0.0,0.0,0.0,0.0,0.0,389672,4092656,
51.6,1790952590.267,0.0,0.0,48.9,0.0,0.0,0.0,0.0,0.0,379772,4092656,
51.7,1790952590.367,0.0,0.0,40.0,0.0,0.0,0.0,0.0,0.0,391428,4092652,
51.8,1790952590.468,0.0,0.0,42.3,0.0,0.0,0.0,0.0,0.0,391556,4092440,
51.9,1790952590.567,0.0,0.0,33.9,0.0,0.0,0.0,0.0,0.0,400216,4092424,
52.0,1790952590.667,0.0,0.0,32.0,0.0,0.0,0.0,0.0,0.0,386052,4092400,
52.1,1790952590.767,0.0,0.0,28.8,0.0,0.0,0.0,0.0,0.0,392236,4092400,
52.2,1790952590.867,0.0,0.0,37.5,0.0,0.0,0.0,0.0,0.0,406888,4092396,
52.3,1790952590.972,0.0,0.0,36.7,0.0,0.0,0.0,0.0,0.0,406968,4092392,
52.4,1790952591.067,0.0,0.0,26.8,0.0,0.0,0.0,0.0,0.0,389688,4092392,
52.5,1790952591.167,0.0,0.0,29.8,0.0,0.0,0.0,0.0,0.0,395024,4092392,
52.6,1790952591.267,0.0,0.0,27.0,0.0,0.0,0.0,0.0,0.0,405724,4092392,
52.7,1790952591.367,0.0,0.0,26.3,0.0,0.0,0.0,0.0,0.0,397140,4092392,
52.8,1790952591.467,0.0,0.0,29.5,0.0,0.0,0.0,0.0,0.0,409660,4092372,
52.9,1790952591.567,0.0,0.0,23.2,0.0,0.0,0.0,0.0,0.0,390104,4092352,
53.0,1790952591.667,0.0,0.0,29.5,0.0,0.0,0.0,0.0,0.0,403764,4092348,
53.1,1790952591.767,0.0,0.0,30.3,0.0,0.0,0.0,0.0,0.0,404596,4092288,
53.2,1790952591.867,0.0,0.0,31.3,0.0,0.0,0.0,0.0,0.0,392224,4092288,
53.3,1790952591.967,0.2,0.2,33.0,0.0,0.4,0.0,0.0,0.0,396752,4091940,
53.4,1790952592.067,0.0,0.0,26.3,0.0,0.0,0.0,0.0,0.0,390064,4091940,
53.5,1790952592.167,0.0,0.0,25.2,0.0,0.0,0.0,0.0,0.0,395216,4091940,
53.6,1790952592.267,0.0,0.0,25.0,0.0,0.0,0.0,0.0,0.0,398532,4091940,
53.7,1790952592.367,0.0,0.0,27.5,0.0,0.0,0.0,0.0,0.0,398596,4091868,
53.8,1790952592.467,0.0,0.0,26.3,0.0,0.0,0.0,0.0,0.0,405572,4091868,
53.9,1790952592.567,0.0,0.0,27.8,0.0,0.0,0.0,0.0,0.0,392876,4091868,
54.0,1790952592.667,0.0,0.0,27.4,0.0,0.0,0.0,0.0,0.0,391024,4091868,
54.1,1790952592.767,0.0,0.0,29.2,0.0,0.0,0.0,0.0,0.0,398520,4091864,
54.2,1790952592.867,0.0,0.0,23.9,0.0,0.0,0.0,0.0,0.0,384720,4091864,
54.3,1790952592.967,0.0,0.0,27.2,0.0,0.0,0.0,0.0,0.0,396344,4091856,
54.4,1790952593.067,0.0,0.0,25.1,0.0,0.0,0.0,0.0,0.0,393552,4091852,
54.5,1790952593.169,0.0,0.0,23.8,0.0,0.0,0.0,0.0,0.0,392460,4091852,
54.6,1790952593.267,0.0,0.0,23.8,0.0,0.0,0.0,0.0,0.0,392392,4091848,
54.7,1790952593.367,15.9,15.2,35.1,0.0,0.7,0.1,0.0,0.0,442912,4123864,
54.8,1790952593.467,39.5,35.9,31.9,0.0,0.4,0.3,0.0,0.0,427248,4140872,
54.9,1790952593.567,36.2,32.6,23.3,0.0,1.6,0.7,0.0,0.0,434360,4172476,
55.0,1790952593.667,21.2,20.9,14.5,0.0,0.0,0.0,0.0,0.0,450272,4176544,
55.1,1790952593.767,23.8,21.2,21.2,0.0,0.2,0.1,0.0,0.0,389760,4178688,
55.2,1790952593.867,0.1,0.1,17.0,0.0,0.4,0.2,0.0,0.0,773116,4178188,
55.3,1790952593.967,0.0,0.0,16.0,0.0,0.0,0.0,0.0,0.0,980016,4178088,
55.4,1790952594.067,1.0,1.0,10.8,0.0,0.0,0.0,0.0,0.0,937720,4175924,
55.5,1790952594.169,0.0,0.0,27.7,0.0,10.7,3.7,39.0,0.0,966272,4173324,
55.6,1790952594.267,0.0,0.0,33.2,0.0,11.8,3.5,37.9,0.0,877872,4173320,
55.7,1790952594.367,2.4,2.4,10.2,0.0,10.7,6.9,36.2,0.0,805784,4171716,
55.8,1790952594.467,0.2,0.2,10.7,0.0,14.0,10.3,25.0,0.0,979480,4170952,
55.9,1790952594.567,0.0,0.0,12.6,0.0,11.1,6.5,41.8,0.0,1297380,4170920,
56.0,1790952594.667,0.4,0.4,8.7,0.0,4.5,2.9,19.6,0.0,1315940,4170376,
56.1,1790952594.767,0.0,0.0,11.9,0.0,9.1,5.0,22.8,0.0,1318360,4170012,
56.2,1790952594.867,0.1,0.1,17.1,0.0,15.6,6.3,37.7,0.0,1324260,4169708,
56.3,1790952594.967,0.0,0.0,14.5,0.0,14.9,8.6,41.8,0.0,1296908,4169576,
56.4,1790952595.067,0.0,0.0,14.7,0.0,12.6,7.0,38.8,0.0,1290728,4169568,
56.5,1790952595.167,0.1,0.1,15.6,0.0,11.9,5.9,40.6,0.0,1293068,4169480,
56.6,1790952595.268,0.3,0.3,19.8,0.0,11.7,5.8,37.5,0.0,1294672,4169120,
56.7,1790952595.367,0.1,0.1,22.0,0.0,17.4,7.3,35.7,0.0,1290728,4168760,
56.8,1790952595.467,0.0,0.0,13.8,0.0,14.8,8.0,39.6,0.0,1293204,4168604,
56.9,1790952595.567,0.5,0.5,16.4,0.0,35.7,17.2,37.6,0.0,1294268,4168060,
57.0,1790952595.667,0.0,0.0,21.6,0.0,33.2,12.5,34.8,0.0,1296304,4168012,
57.1,1790952595.767,0.1,0.1,26.4,0.0,20.3,9.4,38.6,0.0,1288568,4167808,
57.2,1790952595.867,0.0,0.0,32.3,0.0,16.5,6.1,35.6,0.0,1280964,4167788,
57.3,1790952595.967,0.0,0.0,25.6,0.0,20.0,9.1,39.9,0.0,1279092,4167776,
57.4,1790952596.067,0.0,0.0,23.7,0.0,19.9,9.3,38.3,0.0,1278048,4167732,
57.5,1790952596.167,0.0,0.0,27.9,0.0,20.1,8.8,38.8,0.0,1272804,4167728,
57.6,1790952596.267,0.1,0.1,27.2,0.0,15.8,6.4,21.3,0.0,1258928,4167024,
57.7,1790952596.367,0.4,0.4,6.6,0.0,4.0,2.7,13.8,0.0,1250336,4164916,
57.8,1790952596.467,0.2,0.2,4.8,0.0,4.8,4.0,12.3,0.0,1189940,4163796,
57.9,1790952596.567,0.1,0.1,4.4,0.0,14.2,11.2,41.7,0.0,1191416,4162236,
58.0,1790952596.667,0.0,0.0,4.2,0.0,19.3,16.2,41.7,0.0,1192172,4162188,
58.1,1790952596.767,0.1,0.1,7.1,0.0,12.0,9.6,41.7,0.0,1194204,4162048,
58.2,1790952596.867,0.0,0.0,7.2,0.0,9.5,7.3,27.0,0.0,1195748,4162020,
58.3,1790952596.967,0.0,0.0,6.9,0.0,0.0,0.0,0.0,0.0,1195080,4162016,
58.4,1790952597.067,0.0,0.0,5.0,0.0,0.0,0.0,0.0,0.0,1194828,4162008,
58.5,1790952597.167,0.0,0.0,6.0,0.0,0.0,0.0,0.0,0.0,1194600,4161984,
58.6,1790952597.267,0.0,0.0,6.6,0.0,0.0,0.0,0.0,0.0,1192560,4161980,
58.7,1790952597.367,0.0,0.0,5.4,0.0,0.0,0.0,0.0,0.0,1192056,4161980,
58.8,1790952597.467,0.0,0.0,6.7,0.0,0.0,0.0,0.0,0.0,1192056,4161948,
58.9,1790952597.567,0.0,0.0,5.2,0.0,0.0,0.0,0.0,0.0,1191552,4161948,
59.0,1790952597.667,0.0,0.0,4.1,0.0,0.0,0.0,0.0,0.0,1191552,4161948,
59.1,1790952597.767,0.0,0.0,4.3,0.0,0.0,0.0,0.0,0.0,1191476,4161948,
59.2,1790952597.867,0.0,0.0,5.5,0.0,0.0,0.0,0.0,0.0,1191600,4161948,
59.3,1790952597.967,0.0,0.0,4.4,0.0,0.0,0.0,0.0,0.0,1191376,4161948,
59.4,1790952598.067,0.0,0.0,5.1,0.0,0.0,0.0,0.0,0.0,1191376,4161948,
59.5,1790952598.167,0.0,0.0,5.5,0.0,0.0,0.0,0.0,0.0,1191376,4161948,
59.6,1790952598.267,0.0,0.0,4.8,0.0,0.0,0.0,0.0,0.0,1191376,4161940,
59.7,1790952598.367,0.0,0.0,4.8,0.0,0.0,0.0,0.0,0.0,1191148,4161936,
59.8,1790952598.467,0.0,0.0,3.5,0.0,0.0,0.0,0.0,0.0,1191124,4161908,
59.9,1790952598.567,0.0,0.0,6.0,0.0,0.0,0.0,0.0,0.0,1191124,4161892,
60.0,1790952598.667,0.1,0.1,5.0,0.0,0.0,0.0,0.0,0.0,1191152,4161784,
60.1,1790952598.767,0.0,0.0,3.9,0.0,0.0,0.0,0.0,0.0,1191728,4161784,
60.2,1790952598.867,0.1,0.1,8.0,0.0,0.0,0.0,0.0,0.0,1191984,4161636,
60.3,1790952598.967,0.0,0.0,5.1,0.0,0.0,0.0,0.0,0.0,1191984,4161636,
60.4,1790952599.067,0.2,0.2,4.6,0.0,0.0,0.0,0.0,0.0,1191756,4161336,
60.5,1790952599.167,0.7,0.7,6.0,0.0,0.0,0.0,0.0,0.0,1191480,4160736,
60.6,1790952599.267,0.0,0.0,3.6,0.0,0.0,0.0,0.0,0.0,1191480,4160736,
60.7,1790952599.367,0.0,0.0,7.5,0.0,0.0,0.0,0.0,0.0,1191228,4160736,
60.8,1790952599.467,0.0,0.0,5.1,0.0,0.0,0.0,0.0,0.0,1191228,4160732,
60.9,1790952599.567,0.0,0.0,4.9,0.0,0.0,0.0,0.0,0.0,1191228,4160720,
61.0,1790952599.667,0.0,0.0,5.7,0.0,0.0,0.0,0.0,0.0,1191484,4160700,
61.1,1790952599.767,0.0,0.0,3.7,0.0,0.0,0.0,0.0,0.0,1198828,4160672,
61.2,1790952599.867,0.0,0.0,6.2,0.0,0.0,0.0,0.0,0.0,1198440,4160620,
61.3,1790952599.967,0.0,0.0,4.3,0.0,0.0,0.0,0.0,0.0,1197940,4160400,
61.4,1790952600.067,0.0,0.0,3.0,0.0,0.0,0.0,0.0,0.0,1197940,4160384,
61.5,1790952600.167,0.0,0.0,2.5,0.0,0.0,0.0,0.0,0.0,1197940,4160384,
61.6,1790952600.267,0.0,0.0,3.9,0.0,0.0,0.0,0.0,0.0,1197688,4160256,
61.7,1790952600.367,0.0,0.0,2.4,0.0,0.0,0.0,0.0,0.0,1197464,4160208,
61.8,1790952600.467,0.0,0.0,6.1,0.0,0.0,0.0,0.0,0.0,1197464,4160180,
61.9,1790952600.567,0.4,0.4,2.7,0.0,0.0,0.0,0.0,0.0,1197212,4160096,
62.0,1790952600.667,0.0,0.0,4.9,0.0,0.0,0.0,0.0,0.0,1199244,4160056,
62.1,1790952600.767,0.1,0.1,5.1,0.0,0.0,0.0,0.0,0.0,1205136,4159964,
62.2,1790952600.867,0.0,0.0,3.3,0.0,0.0,0.0,0.0,0.0,1206816,4159948,
62.3,1790952600.967,0.0,0.0,5.3,0.0,0.0,0.0,0.0,0.0,1206588,4159884,
62.4,1790952601.067,0.3,0.3,4.6,0.0,4.9,3.8,2.9,0.0,1206164,4159316,
62.5,1790952601.167,0.1,0.1,4.3,0.0,0.0,0.0,0.0,0.0,1205880,4159048,
62.6,1790952601.267,0.0,0.0,4.5,0.0,0.0,0.0,0.0,0.0,1205856,4159032,
62.7,1790952601.367,0.1,0.1,5.8,0.0,0.0,0.0,0.0,0.0,1205856,4158940,
62.8,1790952601.467,0.0,0.0,2.2,0.0,0.0,0.0,0.0,0.0,1205856,4158940,
62.9,1790952601.567,0.0,0.0,6.6,0.0,0.0,0.0,0.4,0.0,1205888,4158940,
63.0,1790952601.667,0.0,0.0,5.1,0.0,0.0,0.0,0.0,0.0,1217220,4158936,
63.1,1790952601.767,0.0,0.0,5.0,0.0,0.0,0.0,0.0,0.0,1225944,4158928,
63.2,1790952601.867,0.2,0.2,3.9,0.0,0.0,0.0,0.0,0.0,1229052,4158824,
63.3,1790952601.967,0.0,0.0,2.1,0.0,0.0,0.0,0.0,0.0,1229304,4158816,
63.4,1790952602.067,0.0,0.0,4.2,0.0,0.0,0.0,0.0,0.0,1229304,4158816,
63.5,1790952602.167,0.0,0.0,1.9,0.0,0.4,0.4,2.5,0.0,1229520,4158800,
63.6,1790952602.267,0.0,0.0,3.5,0.0,0.0,0.0,0.0,0.0,1229520,4158800,
63.7,1790952602.367,0.0,0.0,2.5,0.0,0.0,0.0,0.0,0.0,1229520,4158792,
63.8,1790952602.467,0.0,0.0,2.9,0.0,0.0,0.0,0.0,0.0,1229520,4158792,
63.9,1790952602.567,0.0,0.0,2.6,0.0,0.0,0.0,0.0,0.0,1229520,4158792,
64.0,1790952602.667,0.0,0.0,4.1,0.0,0.0,0.0,0.0,0.0,1239128,4158788,
64.1,1790952602.767,0.0,0.0,4.0,0.0,0.0,0.0,0.0,0.0,1239280,4158788,
64.2,1790952602.867,0.0,0.0,5.4,0.0,0.0,0.0,0.0,0.0,1239284,4158780,
64.3,1790952602.967,0.0,0.0,4.7,0.0,0.0,0.0,0.0,0.0,1239364,4158776,
64.4,1790952603.067,0.0,0.0,1.9,0.0,0.0,0.0,0.0,0.0,1241660,4158760,
64.5,1790952603.167,0.0,0.0,4.0,0.0,0.0,0.0,0.0,0.0,1241660,4158760,
64.6,1790952603.267,0.0,0.0,3.1,0.0,0.0,0.0,2.5,0.0,1241880,4158760,
64.7,1790952603.367,0.0,0.0,8.0,0.0,0.0,0.0,0.0,0.0,1241900,4158752,
64.8,1790952603.467,0.0,0.0,3.4,0.0,0.0,0.0,0.0,0.0,1241900,4158752,
64.9,1790952603.567,0.0,0.0,4.7,0.0,0.0,0.0,0.0,0.0,1241900,4158744,
65.0,1790952603.667,0.0,0.0,3.0,0.0,0.0,0.0,0.0,0.0,1247920,4158732,
65.1,1790952603.767,0.0,0.0,8.0,0.0,0.0,0.0,0.0,0.0,1251248,4158732,
65.2,1790952603.867,0.0,0.0,6.8,0.0,0.0,0.0,0.0,0.0,1251248,4158724,
65.3,1790952603.967,0.0,0.0,2.9,0.0,0.0,0.0,0.0,0.0,1251248,4158724,
65.4,1790952604.067,0.0,0.0,2.2,0.0,0.0,0.0,0.0,0.0,1257984,4158720,
65.5,1790952604.167,0.0,0.0,3.3,0.0,0.0,0.0,0.0,0.0,1258104,4158720,
65.6,1790952604.267,0.0,0.0,4.0,0.0,0.0,0.0,0.0,0.0,1258104,4158720,
65.7,1790952604.367,0.0,0.0,3.0,0.0,0.0,0.0,0.0,0.0,1258200,4158668,
65.8,1790952604.467,0.0,0.0,3.8,0.0,0.0,0.0,0.0,0.0,1258200,4158668,
65.9,1790952604.567,0.0,0.0,1.5,0.0,0.0,0.0,0.0,0.0,1258200,4158668,
66.0,1790952604.667,0.0,0.0,6.3,0.0,1.8,1.6,0.0,0.0,1263096,4158592,
66.1,1790952604.767,0.1,0.1,3.6,0.0,0.0,0.0,0.0,0.0,1266204,4158492,
66.2,1790952604.867,0.0,0.0,6.2,0.0,0.0,0.0,0.0,0.0,1265976,4158468,
66.3,1790952604.967,0.1,0.1,4.6,0.0,0.0,0.0,0.0,0.0,1265984,4158424,
66.4,1790952605.067,0.0,0.0,2.1,0.0,0.0,0.0,0.0,0.0,1265732,4158424,
66.5,1790952605.167,0.0,0.0,3.8,0.0,0.0,0.0,0.0,0.0,1265732,4158420,
66.6,1790952605.267,0.1,0.1,4.7,0.0,0.3,0.3,2.5,0.0,1267052,4158396,
66.7,1790952605.367,0.0,0.0,3.1,0.0,4.0,3.8,0.0,0.0,1268616,4158380,
66.8,1790952605.467,0.0,0.0,1.6,0.0,0.0,0.0,0.0,0.0,1268616,4158372,
66.9,1790952605.567,0.0,0.0,3.9,0.0,0.0,0.0,0.0,0.0,1268616,4158368,
67.0,1790952605.667,0.0,0.0,4.7,0.0,0.0,0.0,0.0,0.0,1275184,4158368,
67.1,1790952605.767,0.3,0.3,2.3,0.0,0.0,0.0,0.0,0.0,1275780,4158140,
67.2,1790952605.867,0.0,0.0,3.9,0.0,0.0,0.0,0.0,0.0,1275780,4158140,
67.3,1790952605.967,0.0,0.0,3.5,0.0,0.0,0.0,0.0,0.0,1275812,4158140,
67.4,1790952606.067,0.0,0.0,2.5,0.0,0.0,0.0,0.0,0.0,1275812,4158136,
67.5,1790952606.167,0.0,0.0,3.0,0.0,0.0,0.0,0.0,0.0,1275812,4158136,
67.6,1790952606.267,0.0,0.0,4.1,0.0,0.0,0.0,0.0,0.0,1275812,4158132,
67.7,1790952606.367,0.0,0.0,3.6,0.0,0.0,0.0,0.0,0.0,1275812,4158132,
67.8,1790952606.467,0.0,0.0,5.1,0.0,0.0,0.0,0.0,0.0,1275584,4158128,
67.9,1790952606.567,0.0,0.0,3.3,0.0,0.0,0.0,0.0,0.0,1275560,4158108,
68.0,1790952606.667,0.0,0.0,4.6,0.0,0.0,0.0,0.0,0.0,1280296,4158108,
68.1,1790952606.767,0.0,0.0,4.9,0.0,0.0,0.0,0.0,0.0,1283988,4158108,
68.2,1790952606.867,0.0,0.0,4.1,0.0,0.0,0.0,0.0,0.0,1283992,4158096,
68.3,1790952606.967,0.0,0.0,4.4,0.0,0.0,0.0,0.0,0.0,1284064,4158092,
68.4,1790952607.067,0.0,0.0,3.1,0.0,0.0,0.0,0.0,0.0,1284064,4158092,
68.5,1790952607.167,0.0,0.0,7.2,0.0,0.0,0.0,0.0,0.0,1284064,4158092,
68.6,1790952607.267,1.6,1.6,4.1,0.0,0.7,0.4,2.5,0.0,1284268,4156600,
68.7,1790952607.367,0.0,0.0,6.8,0.0,0.0,0.0,0.0,0.0,1284268,4156600,
68.8,1790952607.467,0.0,0.0,3.2,0.0,0.0,0.0,0.0,0.0,1284268,4156600,
68.9,1790952607.567,0.0,0.0,2.6,0.0,0.0,0.0,0.0,0.0,1284268,4156596,
69.0,1790952607.667,0.0,0.0,3.7,0.0,0.0,0.0,0.0,0.0,1290020,4156596,
69.1,1790952607.767,0.0,0.0,2.1,0.0,0.0,0.0,0.0,0.0,1291936,4156576,
69.2,1790952607.867,0.2,0.2,3.7,0.0,0.0,0.0,0.0,0.0,1292224,4156444,
69.3,1790952607.967,0.0,0.0,2.6,0.0,0.0,0.0,0.0,0.0,1292224,4156444,
69.4,1790952608.067,0.0,0.0,4.0,0.0,0.0,0.0,0.0,0.0,1292480,4156444,
69.5,1790952608.167,0.0,0.0,3.2,0.0,0.0,0.0,0.0,0.0,1292480,4156444,
69.6,1790952608.267,0.0,0.0,4.0,0.0,0.0,0.0,0.0,0.0,1296308,4156444,
69.7,1790952608.367,0.0,0.0,4.6,0.0,0.0,0.0,0.0,0.0,1296308,4156444,
69.8,1790952608.467,0.0,0.0,2.9,0.0,0.0,0.0,0.0,0.0,1296308,4156444,
69.9,1790952608.567,0.0,0.0,6.9,0.0,0.0,0.0,0.0,0.0,1296056,4156400,
70.0,1790952608.667,0.0,0.0,1.9,0.0,0.0,0.0,0.0,0.0,1300784,4156372,
70.1,1790952608.767,0.0,0.0,3.2,0.0,0.0,0.0,0.0,0.0,1300756,4156372,
70.2,1790952608.867,0.0,0.0,3.0,0.0,0.0,0.0,0.0,0.0,1300528,4156372,
70.3,1790952608.967,0.0,0.0,4.3,0.0,0.0,0.0,0.0,0.0,1300280,4156372,
70.4,1790952609.067,0.0,0.0,1.8,0.0,0.0,0.0,0.0,0.0,1300032,4156372,
70.5,1790952609.167,0.3,0.3,5.9,0.0,0.0,0.0,0.0,0.0,1300036,4155872,
70.6,1790952609.267,0.0,0.0,2.5,0.0,0.0,0.0,2.5,0.0,1300240,4155872,
70.7,1790952609.367,0.1,0.1,2.4,0.0,0.0,0.0,0.0,0.0,1303720,4155764,
70.8,1790952609.467,0.0,0.0,3.9,0.0,0.0,0.0,0.0,0.0,1304004,4155764,
70.9,1790952609.567,0.0,0.0,3.1,0.0,0.0,0.0,0.0,0.0,1304004,4155756,
71.0,1790952609.667,0.1,0.1,4.7,0.0,0.0,0.0,0.0,0.0,1307684,4155640,
71.1,1790952609.767,0.1,0.1,3.5,0.0,0.0,0.0,0.0,0.0,1307952,4155536,
71.2,1790952609.867,0.0,0.0,8.2,0.0,0.0,0.0,0.0,0.0,1308456,4155508,
71.3,1790952609.967,0.0,0.0,2.3,0.0,0.0,0.0,0.0,0.0,1308456,4155508,
71.4,1790952610.067,0.4,0.4,4.3,0.0,0.0,0.0,0.0,0.0,1308456,4155092,
71.5,1790952610.167,0.9,0.9,3.0,0.0,8.2,7.4,0.0,0.0,1309864,4154344,
71.6,1790952610.267,4.4,4.4,3.4,0.0,0.0,0.0,0.0,0.0,1308168,4149412,
71.7,1790952610.367,0.0,0.0,2.0,0.0,0.0,0.0,0.0,0.0,1308168,4149360,
71.8,1790952610.467,0.0,0.0,2.2,0.0,0.0,0.0,0.0,0.0,1308168,4149280,
71.9,1790952610.567,0.1,0.1,3.3,0.0,0.0,0.0,0.0,0.0,1308168,4149228,
72.0,1790952610.667,0.0,0.0,3.1,0.0,0.0,0.0,0.0,0.0,1308168,4149192,
72.1,1790952610.767,0.1,0.1,3.9,0.0,0.0,0.0,0.0,0.0,1310272,4149096,
72.2,1790952610.867,0.4,0.3,4.3,0.0,0.0,0.0,0.0,0.0,1310272,4148692,
72.3,1790952610.967,0.0,0.0,5.3,0.0,0.0,0.0,0.0,0.0,1309796,4148692,
72.4,1790952611.067,0.0,0.0,3.5,0.0,0.0,0.0,0.0,0.0,1309796,4148684,
72.5,1790952611.167,0.0,0.0,2.5,0.0,0.0,0.0,2.5,0.0,1309796,4148684,
72.6,1790952611.267,0.0,0.0,3.9,0.0,0.0,0.0,0.0,0.0,1309972,4148680,
72.7,1790952611.367,0.1,0.1,2.4,0.0,0.0,0.0,0.0,0.0,1309516,4148660,
72.8,1790952611.467,0.0,0.0,3.4,0.0,0.0,0.0,0.0,0.0,1309468,4148660,
72.9,1790952611.567,0.0,0.0,1.4,0.0,0.0,0.0,0.0,0.0,1309696,4148568,
73.0,1790952611.667,0.1,0.1,3.6,0.0,0.0,0.0,0.0,0.0,1310644,4148484,
73.1,1790952611.767,0.1,0.1,2.2,0.0,0.0,0.0,0.0,0.0,1310668,4148308,
73.2,1790952611.867,0.0,0.0,5.4,0.0,0.0,0.0,0.0,0.0,1310920,4148284,
73.3,1790952611.967,0.0,0.0,3.8,0.0,0.0,0.0,0.0,0.0,1311184,4148260,
73.4,1790952612.067,0.0,0.0,4.4,0.0,0.0,0.0,0.0,0.0,1311184,4148260,
73.5,1790952612.167,0.3,0.3,5.1,0.0,0.0,0.0,0.0,0.0,1310956,4147892,
73.6,1790952612.267,1.2,1.2,3.6,0.0,0.0,0.0,0.0,0.0,1310956,4147424,
73.7,1790952612.367,0.0,0.0,4.1,0.0,0.0,0.0,0.0,0.0,1310956,4147416,
73.8,1790952612.467,0.0,0.0,1.6,0.0,0.0,0.0,0.0,0.0,1310956,4147416,
73.9,1790952612.567,0.0,0.0,4.3,0.0,0.0,0.0,0.0,0.0,1310956,4147416,
74.0,1790952612.667,0.0,0.0,4.9,0.0,0.0,0.0,0.0,0.0,1310732,4147392,
74.1,1790952612.767,0.0,0.0,4.6,0.0,0.0,0.0,0.0,0.0,1310932,4147368,
74.2,1790952612.867,0.1,0.1,3.3,0.0,0.0,0.0,0.0,0.0,1310932,4147308,
74.3,1790952612.967,0.0,0.0,2.9,0.0,1.0,0.6,1.8,0.0,1310932,4147304,
74.4,1790952613.067,0.0,0.0,4.8,0.0,0.0,0.0,0.0,0.0,1310944,4147304,
74.5,1790952613.167,0.0,0.0,2.8,0.0,0.0,0.0,2.5,0.0,1310944,4147304,
74.6,1790952613.267,0.0,0.0,3.3,0.0,0.0,0.0,0.0,0.0,1310944,4147304,
74.7,1790952613.367,0.0,0.0,2.3,0.0,0.0,0.0,0.0,0.0,1310956,4147292,
74.8,1790952613.467,0.0,0.0,5.5,0.0,0.0,0.0,0.0,0.0,1310956,4147292,
74.9,1790952613.567,0.0,0.0,3.7,0.0,0.0,0.0,0.0,0.0,1310956,4147288,
75.0,1790952613.667,0.1,0.1,4.8,0.0,0.0,0.0,0.0,0.0,1310956,4147224,
75.1,1790952613.767,0.0,0.0,2.2,0.0,0.0,0.0,0.0,0.0,1311176,4147224,
75.2,1790952613.867,0.0,0.0,5.0,0.0,0.0,0.0,0.0,0.0,1311176,4147224,
75.3,1790952613.967,0.0,0.0,4.5,0.0,0.3,0.2,1.2,0.0,1311176,4147208,
75.4,1790952614.067,0.0,0.0,3.6,0.0,0.0,0.0,0.0,0.0,1311176,4147208,
75.5,1790952614.167,0.0,0.0,3.8,0.0,0.0,0.0,0.0,0.0,1311280,4147208,
75.6,1790952614.267,0.0,0.0,3.9,0.0,0.0,0.0,0.0,0.0,1311280,4147208,
75.7,1790952614.367,0.1,0.1,6.4,0.0,0.0,0.0,0.0,0.0,1311280,4147164,
75.8,1790952614.467,0.0,0.0,3.0,0.0,0.0,0.0,0.0,0.0,1311280,4147164,
75.9,1790952614.567,0.1,0.1,4.8,0.0,0.0,0.0,0.0,0.0,1311280,4147148,
76.0,1790952614.667,0.0,0.0,3.7,0.0,0.0,0.0,0.0,0.0,1311280,4147148,
76.1,1790952614.767,0.0,0.0,5.1,0.0,0.0,0.0,0.0,0.0,1311540,4147144,
76.2,1790952614.867,0.0,0.0,4.2,0.0,0.0,0.0,0.0,0.0,1311540,4147144,
76.3,1790952614.967,0.0,0.0,5.2,0.0,0.0,0.0,0.0,0.0,1311540,4147140,
76.4,1790952615.067,0.0,0.0,3.6,0.0,0.0,0.0,0.0,0.0,1311540,4147132,
76.5,1790952615.167,0.0,0.0,2.3,0.0,0.0,0.0,0.0,0.0,1311540,4147132,
76.6,1790952615.267,0.0,0.0,4.6,0.0,0.4,0.4,2.5,0.0,1311768,4147132,
76.7,1790952615.367,0.0,0.0,3.9,0.0,0.0,0.0,0.0,0.0,1311768,4147132,
76.8,1790952615.467,0.0,0.0,4.9,0.0,0.0,0.0,0.0,0.0,1311768,4147128,
76.9,1790952615.567,0.0,0.0,2.0,0.0,0.0,0.0,0.0,0.0,1311768,4147120,
77.0,1790952615.667,0.1,0.1,5.5,0.0,0.0,0.0,0.0,0.0,1311512,4147068,
77.1,1790952615.767,0.0,0.0,3.6,0.0,0.0,0.0,0.0,0.0,1311320,4147016,
77.2,1790952615.867,0.0,0.0,5.4,0.0,0.0,0.0,0.0,0.0,1311320,4146996,
77.3,1790952615.967,0.0,0.0,4.4,0.0,0.0,0.0,0.0,0.0,1311320,4146992,
77.4,1790952616.067,0.0,0.0,4.1,0.0,0.0,0.0,0.0,0.0,1311320,4146992,
77.5,1790952616.167,0.0,0.0,3.6,0.0,0.0,0.0,0.0,0.0,1311320,4146992,
77.6,1790952616.267,0.0,0.0,2.8,0.0,0.0,0.0,0.0,0.0,1311320,4146992,
77.7,1790952616.367,0.0,0.0,5.3,0.0,0.0,0.0,0.0,0.0,1311320,4146992,
77.8,1790952616.467,0.0,0.0,3.5,0.0,0.0,0.0,0.0,0.0,1311320,4146992,
77.9,1790952616.567,0.0,0.0,4.3,0.0,0.0,0.0,0.0,0.0,1311320,4146928,
78.0,1790952616.667,0.0,0.0,3.6,0.0,0.0,0.0,0.0,0.0,1311320,4146928,
78.1,1790952616.767,0.0,0.0,2.5,0.0,0.0,0.0,0.0,0.0,1311320,4146928,
78.2,1790952616.867,0.0,0.0,3.6,0.0,0.0,0.0,0.0,0.0,1311332,4146916,
78.3,1790952616.967,0.0,0.0,3.3,0.0,0.0,0.0,0.0,0.0,1311332,4146916,
78.4,1790952617.067,0.0,0.0,2.1,0.0,0.0,0.0,0.0,0.0,1311332,4146912,
78.5,1790952617.167,0.0,0.0,2.8,0.0,0.0,0.0,0.0,0.0,1311332,4146912,
78.6,1790952617.267,0.0,0.0,2.5,0.0,0.0,0.0,0.0,0.0,1311332,4146912,
78.7,1790952617.367,0.0,0.0,2.2,0.0,0.0,0.0,2.5,0.0,1311552,4146912,
78.8,1790952617.467,0.0,0.0,4.3,0.0,1.0,1.0,1.8,0.0,1311552,4146912,
78.9,1790952617.567,0.0,0.0,3.2,0.0,0.0,0.0,0.0,0.0,1311552,4146912,
79.0,1790952617.667,0.0,0.0,4.9,0.0,0.0,0.0,0.0,0.0,1311552,4146908,
79.1,1790952617.767,0.0,0.0,5.7,0.0,0.0,0.0,0.0,0.0,1311552,4146900,
79.2,1790952617.867,0.0,0.0,7.6,0.0,0.0,0.0,0.0,0.0,1311552,4146900,
79.3,1790952617.967,0.0,0.0,7.5,0.0,0.0,0.0,0.0,0.0,1311328,4146900,
79.4,1790952618.067,0.0,0.0,4.7,0.0,0.0,0.0,0.0,0.0,1311328,4146896,
79.5,1790952618.167,0.0,0.0,5.3,0.0,0.0,0.0,0.0,0.0,1311328,4146892,
79.6,1790952618.267,0.0,0.0,3.0,0.0,0.0,0.0,0.0,0.0,1311328,4146892,
79.7,1790952618.367,0.0,0.0,4.6,0.0,0.0,0.0,0.0,0.0,1311328,4146892,
79.8,1790952618.467,0.0,0.0,4.6,0.0,0.0,0.0,0.0,0.0,1311328,4146892,
79.9,1790952618.567,0.0,0.0,6.0,0.0,0.0,0.0,0.0,0.0,1311328,4146888,
80.0,1790952618.667,0.5,0.5,2.9,0.0,0.0,0.0,0.0,0.0,1311120,4146360,
80.1,1790952618.767,0.0,0.0,4.9,0.0,0.0,0.0,0.0,0.0,1310988,4146360,
80.2,1790952618.867,0.0,0.0,4.9,0.0,0.0,0.0,0.0,0.0,1310988,4146360,
80.3,1790952618.967,3.1,3.1,3.1,0.0,1.2,1.1,0.0,0.0,1311504,4143024,
80.4,1790952619.067,1.2,1.2,4.7,0.0,13.1,11.4,0.0,0.0,1318924,4140788,
80.5,1790952619.167,2.0,1.9,3.6,0.0,2.3,2.0,0.0,0.0,1309020,4136404,
80.6,1790952619.267,3.2,3.1,4.2,0.0,8.8,7.0,0.0,0.0,1299624,4131360,
80.7,1790952619.367,0.0,0.0,3.0,0.0,2.4,2.4,0.0,0.0,1298968,4131344,
80.8,1790952619.467,0.0,0.0,3.4,0.0,0.0,0.0,0.0,0.0,1298968,4131332,
80.9,1790952619.567,0.0,0.0,1.9,0.0,0.0,0.0,0.0,0.0,1298968,4131332,
81.0,1790952619.667,0.0,0.0,5.4,0.0,0.1,0.0,2.5,0.0,1298968,4131324,
81.1,1790952619.767,0.0,0.0,2.5,0.0,0.0,0.0,0.0,0.0,1299332,4131320,
81.2,1790952619.867,0.4,0.4,6.8,0.0,0.0,0.0,0.0,0.0,1299340,4130968,
81.3,1790952619.968,0.0,0.0,4.3,0.0,0.0,0.0,0.0,0.0,1299340,4130968,
81.4,1790952620.067,0.0,0.0,4.1,0.0,0.0,0.0,0.0,0.0,1299340,4130964,
81.5,1790952620.167,0.0,0.0,4.6,0.0,0.0,0.0,0.0,0.0,1299340,4130964,
81.6,1790952620.267,0.0,0.0,2.3,0.0,0.0,0.0,0.0,0.0,1299340,4130964,
81.7,1790952620.367,0.0,0.0,5.4,0.0,0.0,0.0,0.0,0.0,1299340,4130964,
81.8,1790952620.467,0.1,0.1,4.6,0.0,0.0,0.0,0.0,0.0,1299340,4130608,
81.9,1790952620.567,0.1,0.1,7.2,0.0,0.0,0.0,0.0,0.0,1299340,4130548,
82.0,1790952620.667,0.1,0.1,2.3,0.0,0.0,0.0,0.0,0.0,1299344,4130480,
82.1,1790952620.767,0.0,0.0,3.6,0.0,0.0,0.0,0.0,0.0,1299340,4130480,
82.2,1790952620.867,0.0,0.0,3.4,0.0,0.0,0.0,0.0,0.0,1299340,4130480,
82.3,1790952620.967,0.0,0.0,5.6,0.0,0.0,0.0,0.0,0.0,1299112,4130480,
82.4,1790952621.067,0.0,0.0,3.4,0.0,0.0,0.0,0.0,0.0,1298652,4130480,
82.5,1790952621.167,0.0,0.0,3.9,0.0,0.0,0.0,0.0,0.0,1298652,4130480,
82.6,1790952621.267,0.0,0.0,3.2,0.0,0.0,0.0,0.0,0.0,1298652,4130420,
82.7,1790952621.367,0.0,0.0,2.5,0.0,0.0,0.0,0.0,0.0,1298652,4130420,
82.8,1790952621.467,0.0,0.0,2.8,0.0,0.0,0.0,0.0,0.0,1298652,4130420,
82.9,1790952621.567,0.0,0.0,2.3,0.0,0.0,0.0,0.0,0.0,1298652,4130420,
83.0,1790952621.667,0.2,0.2,3.4,0.0,0.0,0.0,0.0,0.0,1298652,4130144,
83.1,1790952621.767,0.0,0.0,2.0,0.0,0.0,0.0,0.0,0.0,1298404,4130144,
83.2,1790952621.867,0.0,0.0,6.3,0.0,0.0,0.0,0.0,0.0,1298404,4130144,
83.3,1790952621.967,0.0,0.0,2.6,0.0,0.0,0.0,0.0,0.0,1298404,4130144,
83.4,1790952622.067,0.0,0.0,4.4,0.0,2.7,2.7,4.3,0.0,1298860,4130144,
83.5,1790952622.167,0.0,0.0,3.8,0.0,0.0,0.0,0.0,0.0,1298860,4130144,
83.6,1790952622.267,0.0,0.0,5.6,0.0,0.0,0.0,0.0,0.0,1298860,4130144,
83.7,1790952622.367,0.0,0.0,4.8,0.0,0.0,0.0,0.0,0.0,1298860,4130144,
83.8,1790952622.467,0.0,0.0,3.6,0.0,0.0,0.0,0.0,0.0,1298860,4130144,
83.9,1790952622.567,0.0,0.0,3.5,0.0,0.0,0.0,0.0,0.0,1298860,4130144,
84.0,1790952622.667,0.0,0.0,3.7,0.0,0.0,0.0,0.0,0.0,1298860,4130144,
84.1,1790952622.767,0.6,0.6,4.8,0.0,0.0,0.0,0.0,0.0,1298888,4129280,
84.2,1790952622.867,0.2,0.2,2.4,0.0,0.0,0.0,0.0,0.0,1295528,4128860,
84.3,1790952622.967,0.1,0.1,3.2,0.0,0.0,0.0,0.0,0.0,1295528,4128832,
84.4,1790952623.067,0.0,0.0,1.8,0.0,0.0,0.0,0.0,0.0,1291432,4128816,
84.5,1790952623.167,0.0,0.0,2.0,0.0,0.0,0.0,0.0,0.0,1291452,4128812,
84.6,1790952623.267,0.0,0.0,3.5,0.0,0.0,0.0,0.0,0.0,1291452,4128812,
84.7,1790952623.367,0.0,0.0,2.1,0.0,0.0,0.0,0.0,0.0,1291452,4128812,
84.8,1790952623.467,0.0,0.0,2.5,0.0,0.0,0.0,0.0,0.0,1291452,4128812,
84.9,1790952623.567,0.0,0.0,1.5,0.0,0.0,0.0,0.0,0.0,1291452,4128804,
85.0,1790952623.667,1.9,1.9,3.1,0.0,0.0,0.0,0.0,0.0,1291200,4125360,
85.1,1790952623.767,0.0,0.0,1.7,0.0,0.0,0.0,0.0,0.0,1291036,4125348,
85.2,1790952623.867,0.0,0.0,6.6,0.0,0.0,0.0,0.0,0.0,1291036,4125348,
85.3,1790952623.967,0.0,0.0,3.3,0.0,0.0,0.0,0.0,0.0,1291036,4125348,
85.4,1790952624.067,0.0,0.0,3.9,0.0,0.0,0.0,0.0,0.0,1291036,4125340,
85.5,1790952624.167,0.0,0.0,4.3,0.0,0.0,0.0,0.0,0.0,1291036,4125340,
85.6,1790952624.267,0.4,0.4,3.2,0.0,0.0,0.0,0.0,0.0,1287256,4124748,
85.7,1790952624.367,0.0,0.0,4.8,0.0,0.0,0.0,2.5,0.0,1287256,4124744,
85.8,1790952624.467,0.0,0.0,1.5,0.0,0.0,0.0,0.0,0.0,1287256,4124744,
85.9,1790952624.567,0.0,0.0,3.9,0.0,0.0,0.0,0.0,0.0,1287256,4124744,
86.0,1790952624.667,0.0,0.0,2.2,0.0,0.0,0.0,0.0,0.0,1287256,4124744,
86.1,1790952624.767,0.0,0.0,5.5,0.0,0.0,0.0,0.0,0.0,1287244,4124744,
86.2,1790952624.867,0.0,0.0,2.3,0.0,0.0,0.0,0.0,0.0,1287244,4124736,
86.3,1790952624.967,0.0,0.0,4.7,0.0,0.0,0.0,0.0,0.0,1287244,4124736,
86.4,1790952625.067,0.0,0.0,3.6,0.0,0.0,0.0,0.0,0.0,1287016,4124736,
86.5,1790952625.167,0.0,0.0,4.6,0.0,0.0,0.0,0.0,0.0,1286992,4124736,
86.6,1790952625.267,0.0,0.0,3.6,0.0,0.0,0.0,0.0,0.0,1286992,4124736,
86.7,1790952625.367,0.0,0.0,5.0,0.0,0.0,0.0,0.0,0.0,1286992,4124736,
86.8,1790952625.467,0.0,0.0,3.4,0.0,0.0,0.0,0.0,0.0,1286992,4124736,
86.9,1790952625.567,0.0,0.0,2.1,0.0,0.0,0.0,0.0,0.0,1286992,4124736,
87.0,1790952625.667,0.0,0.0,2.5,0.0,0.6,0.5,0.0,0.0,1286992,4124736,
87.1,1790952625.767,0.0,0.0,3.0,0.0,0.0,0.0,0.0,0.0,1286992,4124736,
87.2,1790952625.867,0.0,0.0,3.0,0.0,0.0,0.0,0.0,0.0,1286992,4124728,
87.3,1790952625.967,0.0,0.0,3.5,0.0,0.0,0.0,0.0,0.0,1286992,4124724,
87.4,1790952626.067,0.0,0.0,4.5,0.0,0.0,0.0,0.0,0.0,1286996,4124720,
87.5,1790952626.168,0.0,0.0,5.6,0.0,0.0,0.0,0.0,0.0,1286996,4124720,
87.6,1790952626.267,0.0,0.0,3.8,0.0,0.0,0.0,0.0,0.0,1286996,4124716,
87.7,1790952626.367,0.0,0.0,3.7,0.0,0.0,0.0,0.0,0.0,1286996,4124716,
87.8,1790952626.467,0.0,0.0,7.2,0.0,0.0,0.0,0.0,0.0,1286996,4124708,
87.9,1790952626.567,0.0,0.0,3.8,0.0,0.9,0.9,2.1,0.0,1286996,4124704,
88.0,1790952626.667,0.0,0.0,2.3,0.0,0.0,0.0,2.5,0.0,1287164,4124704,
88.1,1790952626.767,0.0,0.0,7.0,0.0,0.0,0.0,0.0,0.0,1287248,4124704,
88.2,1790952626.867,0.0,0.0,3.3,0.0,0.0,0.0,0.0,0.0,1287248,4124704,
88.3,1790952626.967,0.0,0.0,4.2,0.0,0.0,0.0,0.0,0.0,1287248,4124700,
88.4,1790952627.067,0.0,0.0,2.5,0.0,0.0,0.0,0.0,0.0,1287368,4124700,
88.5,1790952627.167,0.0,0.0,4.9,0.0,0.0,0.0,0.0,0.0,1287440,4124700,
88.6,1790952627.267,0.0,0.0,3.9,0.0,0.0,0.0,0.0,0.0,1287440,4124700,
88.7,1790952627.367,0.0,0.0,2.1,0.0,0.0,0.0,0.0,0.0,1287440,4124696,
88.8,1790952627.467,0.0,0.0,3.6,0.0,0.0,0.0,0.0,0.0,1287440,4124696,
88.9,1790952627.567,0.0,0.0,2.3,0.0,0.0,0.0,0.0,0.0,1287440,4124684,
89.0,1790952627.667,0.0,0.0,4.7,0.0,0.0,0.0,0.0,0.0,1287440,4124684,
89.1,1790952627.767,0.0,0.0,2.9,0.0,0.0,0.0,0.0,0.0,1287440,4124684,
89.2,1790952627.867,0.0,0.0,4.8,0.0,0.0,0.0,0.0,0.0,1287440,4124684,
89.3,1790952627.967,0.0,0.0,1.7,0.0,0.0,0.0,0.0,0.0,1287440,4124684,
89.4,1790952628.067,0.4,0.4,6.2,0.0,0.0,0.0,0.0,0.0,1287440,4124416,
89.5,1790952628.167,0.0,0.0,3.2,0.0,0.0,0.0,0.0,0.0,1287440,4124416,
89.6,1790952628.267,0.0,0.0,6.8,0.0,0.0,0.0,0.0,0.0,1287440,4124416,
89.7,1790952628.367,0.0,0.0,3.8,0.0,0.0,0.0,0.0,0.0,1287440,4124416,
89.8,1790952628.467,0.0,0.0,4.2,0.0,0.0,0.0,0.0,0.0,1287440,4124416,
89.9,1790952628.567,0.0,0.0,3.0,0.0,0.0,0.0,0.0,0.0,1287440,4124416,
90.0,1790952628.667,0.0,0.0,3.4,0.0,0.0,0.0,0.0,0.0,1287440,4124416,
90.1,1790952628.767,0.0,0.0,4.8,0.0,0.0,0.0,0.0,0.0,1287440,4124416,
90.2,1790952628.867,0.0,0.0,4.2,0.0,0.0,0.0,0.0,0.0,1287440,4124416,
90.3,1790952628.967,0.0,0.0,2.9,0.0,0.0,0.0,2.5,0.0,1287440,4124416,
90.4,1790952629.067,0.0,0.0,3.6,0.0,0.0,0.0,0.0,0.0,1287440,4124412,
90.5,1790952629.167,0.0,0.0,6.5,0.0,0.0,0.0,0.0,0.0,1287440,4124328,
90.6,1790952629.267,0.0,0.0,3.0,0.0,0.0,0.0,0.0,0.0,1287440,4124328,
90.7,1790952629.367,0.0,0.0,9.5,0.0,0.0,0.0,0.0,0.0,1287440,4124324,
90.8,1790952629.467,0.0,0.0,3.9,0.0,0.0,0.0,0.0,0.0,1287440,4124324,
90.9,1790952629.567,0.0,0.0,3.6,0.0,0.0,0.0,0.0,0.0,1287440,4124324,
91.0,1790952629.667,0.0,0.0,5.5,0.0,0.0,0.0,0.0,0.0,1287440,4124324,
91.1,1790952629.767,0.0,0.0,2.8,0.0,0.0,0.0,0.0,0.0,1287428,4124324,
91.2,1790952629.867,0.0,0.0,4.4,0.0,0.0,0.0,0.0,0.0,1287428,4124324,
91.3,1790952629.967,0.0,0.0,5.0,0.0,0.0,0.0,0.0,0.0,1287428,4124324,
91.4,1790952630.067,0.0,0.0,4.4,0.0,0.0,0.0,0.0,0.0,1287428,4124324,
91.5,1790952630.167,0.0,0.0,2.4,0.0,0.0,0.0,0.0,0.0,1287428,4124320,
91.6,1790952630.267,0.0,0.0,3.4,0.0,0.0,0.0,0.0,0.0,1287428,4124320,
91.7,1790952630.367,0.0,0.0,1.7,0.0,0.0,0.0,0.0,0.0,1287428,4124320,
91.8,1790952630.467,0.0,0.0,4.5,0.0,0.0,0.0,0.0,0.0,1287428,4124200,
91.9,1790952630.567,0.0,0.0,4.6,0.0,0.0,0.0,0.0,0.0,1287428,4124200,
92.0,1790952630.667,0.0,0.0,5.8,0.0,0.0,0.0,0.0,0.0,1287428,4124200,
92.1,1790952630.767,0.0,0.0,5.1,0.0,0.0,0.0,0.0,0.0,1287204,4124200,
92.2,1790952630.867,0.0,0.0,3.8,0.0,0.0,0.0,0.0,0.0,1287204,4124200,
92.3,1790952630.967,0.0,0.0,2.3,0.0,0.0,0.0,0.0,0.0,1286980,4124200,
92.4,1790952631.067,0.0,0.0,6.2,0.0,0.0,0.0,0.0,0.0,1286980,4124200,
92.5,1790952631.167,0.0,0.0,3.9,0.0,0.0,0.0,0.0,0.0,1286980,4124200,
92.6,1790952631.267,0.0,0.0,5.3,0.0,0.0,0.0,2.5,0.0,1286980,4124200,
92.7,1790952631.367,0.0,0.0,5.8,0.0,0.0,0.0,0.0,0.0,1286980,4124200,
92.8,1790952631.467,0.0,0.0,2.5,0.0,0.0,0.0,0.0,0.0,1286980,4124200,
92.9,1790952631.567,0.0,0.0,3.2,0.0,0.0,0.0,0.0,0.0,1286980,4124200,
93.0,1790952631.667,0.0,0.0,3.9,0.0,0.0,0.0,0.0,0.0,1286980,4124196,
93.1,1790952631.767,0.0,0.0,8.0,0.0,0.0,0.0,0.0,0.0,1287112,4124196,
93.2,1790952631.867,0.0,0.0,3.4,0.0,0.0,0.0,0.0,0.0,1287112,4124196,
93.3,1790952631.967,0.0,0.0,3.4,0.0,0.0,0.0,0.0,0.0,1287112,4124196,
93.4,1790952632.067,0.0,0.0,4.6,0.0,0.0,0.0,0.0,0.0,1287112,4124196,
93.5,1790952632.167,0.0,0.0,4.8,0.0,0.0,0.0,0.0,0.0,1287112,4124196,
93.6,1790952632.267,0.0,0.0,3.0,0.0,0.0,0.0,0.0,0.0,1287112,4124196,
93.7,1790952632.367,0.0,0.0,3.1,0.0,0.0,0.0,0.0,0.0,1287112,4124192,
93.8,1790952632.467,0.0,0.0,4.0,0.0,0.0,0.0,0.0,0.0,1287220,4124192,
93.9,1790952632.567,0.0,0.0,2.7,0.0,0.0,0.0,0.0,0.0,1287220,4124192,
94.0,1790952632.667,0.0,0.0,4.6,0.0,0.0,0.0,0.0,0.0,1287220,4124192,
94.1,1790952632.767,0.0,0.0,2.7,0.0,0.0,0.0,0.0,0.0,1287220,4124188,
94.2,1790952632.867,11.8,10.3,31.6,0.0,0.4,0.4,0.0,0.0,1269920,4094148,
94.3,1790952632.967,0.8,0.8,3.5,0.0,0.0,0.0,0.0,0.0,1269764,4093636,
94.4,1790952633.067,0.2,0.2,3.3,0.0,0.0,0.0,0.0,0.0,1273412,4093044,
94.5,1790952633.167,0.0,0.0,2.2,0.0,0.0,0.0,0.0,0.0,1273412,4092952,
94.6,1790952633.267,0.0,0.0,3.2,0.0,0.0,0.0,0.0,0.0,1273744,4092952,
94.7,1790952633.367,0.0,0.0,3.5,0.0,0.0,0.0,0.0,0.0,1273744,4092952,
94.8,1790952633.467,0.0,0.0,2.7,0.0,0.0,0.0,2.5,0.0,1273692,4092952,
94.9,1790952633.567,0.0,0.0,3.2,0.0,0.0,0.0,0.0,0.0,1273692,4092952,
95.0,1790952633.667,0.0,0.0,4.8,0.0,0.0,0.0,0.0,0.0,1273464,4092920,
95.1,1790952633.767,0.0,0.0,5.3,0.0,0.0,0.0,0.0,0.0,1274016,4092920,
95.2,1790952633.867,0.0,0.0,3.3,0.0,0.0,0.0,0.0,0.0,1274016,4092920,
95.3,1790952633.967,0.0,0.0,5.6,0.0,0.0,0.0,0.0,0.0,1274056,4092916,
95.4,1790952634.067,0.0,0.0,2.7,0.0,0.0,0.0,0.0,0.0,1274056,4092912,
95.5,1790952634.167,0.0,0.0,8.2,0.0,0.0,0.0,0.0,0.0,1274056,4092912,
95.6,1790952634.267,0.0,0.0,3.6,0.0,0.0,0.0,0.0,0.0,1274056,4092912,
95.7,1790952634.367,0.0,0.0,4.7,0.0,0.1,0.1,0.0,0.0,1274140,4092900,
95.8,1790952634.467,0.0,0.0,3.6,0.0,0.0,0.0,0.0,0.0,1274140,4092900,
95.9,1790952634.567,0.1,0.1,6.4,0.0,0.0,0.0,0.0,0.0,1274140,4092808,
96.0,1790952634.667,0.0,0.0,6.1,0.0,0.0,0.0,0.0,0.0,1274404,4092808,
96.1,1790952634.767,0.0,0.0,4.0,0.0,0.0,0.0,0.0,0.0,1274152,4092808,
96.2,1790952634.867,0.0,0.0,8.3,0.0,0.0,0.0,0.0,0.0,1273928,4092804,
96.3,1790952634.967,0.0,0.0,3.2,0.0,0.0,0.0,0.0,0.0,1273928,4092804,
96.4,1790952635.067,0.0,0.0,5.5,0.0,0.0,0.0,0.0,0.0,1273928,4092804,
96.5,1790952635.167,0.0,0.0,2.6,0.0,0.0,0.0,0.0,0.0,1273928,4092804,
96.6,1790952635.267,0.0,0.0,4.5,0.0,0.0,0.0,0.0,0.0,1273400,4092804,
96.7,1790952635.367,0.2,0.2,6.7,0.0,0.0,0.0,0.0,0.0,1272508,4092612,
96.8,1790952635.467,0.1,0.1,4.0,0.0,0.0,0.0,2.5,0.0,1272528,4092588,
96.9,1790952635.567,0.0,0.0,5.8,0.0,0.0,0.0,0.0,0.0,1272528,4092560,
97.0,1790952635.667,0.0,0.0,4.1,0.0,0.3,0.3,0.0,0.0,1273020,4092560,
97.1,1790952635.767,0.0,0.0,4.8,0.0,0.2,0.2,0.0,0.0,1273200,4092552,
97.2,1790952635.867,0.0,0.0,4.3,0.0,0.0,0.0,0.0,0.0,1273208,4092536,
97.3,1790952635.967,0.0,0.0,3.1,0.0,0.0,0.0,0.0,0.0,1273240,4092536,
97.4,1790952636.067,0.0,0.0,1.9,0.0,0.0,0.0,0.0,0.0,1273240,4092532,
97.5,1790952636.167,0.0,0.0,3.3,0.0,0.0,0.0,0.0,0.0,1273240,4092532,
97.6,1790952636.267,0.0,0.0,2.2,0.0,0.0,0.0,0.0,0.0,1273240,4092532,
97.7,1790952636.367,0.0,0.0,6.2,0.0,0.0,0.0,0.0,0.0,1273240,4092532,
97.8,1790952636.467,0.0,0.0,3.4,0.0,0.0,0.0,0.0,0.0,1273240,4092528,
97.9,1790952636.567,0.0,0.0,5.8,0.0,0.0,0.0,0.0,0.0,1273240,4092528,
98.0,1790952636.667,0.0,0.0,4.8,0.0,0.0,0.0,0.0,0.0,1273240,4092528,
98.1,1790952636.767,0.0,0.0,4.3,0.0,0.0,0.0,0.0,0.0,1273240,4092516,
98.2,1790952636.867,0.0,0.0,4.6,0.0,0.0,0.0,0.0,0.0,1273240,4092512,
98.3,1790952636.967,0.0,0.0,3.0,0.0,0.0,0.0,0.0,0.0,1273240,4092504,
98.4,1790952637.067,0.0,0.0,3.2,0.0,0.0,0.0,0.0,0.0,1273240,4092496,
98.5,1790952637.167,0.0,0.0,3.7,0.0,0.0,0.0,0.0,0.0,1272784,4092472,
98.6,1790952637.267,0.0,0.0,4.3,0.0,0.0,0.0,2.5,0.0,1273012,4092472,
98.7,1790952637.367,0.3,0.3,2.5,0.0,0.0,0.0,0.0,0.0,1273240,4092248,
98.8,1790952637.467,0.0,0.0,3.8,0.0,0.0,0.0,0.0,0.0,1273240,4092244,
98.9,1790952637.567,0.0,0.0,2.9,0.0,0.0,0.0,0.0,0.0,1273240,4092244,
99.0,1790952637.667,0.0,0.0,3.7,0.0,0.0,0.0,0.0,0.0,1273240,4092240,
99.1,1790952637.767,0.0,0.0,2.9,0.0,0.0,0.0,0.0,0.0,1273304,4092232,
99.2,1790952637.867,0.0,0.0,5.8,0.0,0.0,0.0,0.0,0.0,1273304,4092228,
99.3,1790952637.967,0.0,0.0,5.1,0.0,0.0,0.0,0.0,0.0,1273304,4092228,
99.4,1790952638.067,0.0,0.0,4.1,0.0,0.0,0.0,0.0,0.0,1273304,4092228,
99.5,1790952638.167,0.0,0.0,3.4,0.0,0.0,0.0,0.0,0.0,1273304,4092228,
99.6,1790952638.267,0.0,0.0,3.4,0.0,0.0,0.0,0.0,0.0,1273336,4092224,
99.7,1790952638.367,0.0,0.0,3.1,0.0,0.0,0.0,0.0,0.0,1273336,4092220,
99.8,1790952638.467,0.1,0.1,4.1,0.0,0.0,0.0,0.0,0.0,1273336,4092200,
99.9,1790952638.567,0.0,0.0,6.8,0.0,0.0,0.0,0.0,0.0,1273336,4092188,
100.0,1790952638.667,0.0,0.0,2.7,0.0,0.0,0.0,0.0,0.0,1273588,4092172,
100.1,1790952638.767,0.1,0.1,3.5,0.0,0.0,0.0,0.0,0.0,1273588,4092020,
100.2,1790952638.867,0.0,0.0,2.8,0.0,0.0,0.0,0.0,0.0,1273588,4092020,
100.3,1790952638.967,0.0,0.0,3.2,0.0,0.0,0.0,0.0,0.0,1273588,4092020,
100.4,1790952639.067,0.0,0.0,3.3,0.0,0.0,0.0,0.0,0.0,1273588,4092020,
100.5,1790952639.167,0.0,0.0,4.3,0.0,0.0,0.0,2.5,0.0,1274140,4092020,
100.6,1790952639.267,0.0,0.0,3.9,0.0,0.0,0.0,0.0,0.0,1274328,4092020,
100.7,1790952639.367,0.0,0.0,5.5,0.0,0.0,0.0,0.0,0.0,1274328,4092020,
100.8,1790952639.467,0.0,0.0,4.6,0.0,0.0,0.0,0.0,0.0,1274328,4092016,
100.9,1790952639.567,0.0,0.0,3.4,0.0,0.0,0.0,0.0,0.0,1274328,4092012,
101.0,1790952639.667,0.0,0.0,4.0,0.0,0.0,0.0,0.0,0.0,1274328,4092012,
101.1,1790952639.767,0.0,0.0,2.5,0.0,0.0,0.0,0.0,0.0,1274104,4092008,
101.2,1790952639.867,0.0,0.0,4.5,0.0,0.0,0.0,0.0,0.0,1274104,4092008,
101.3,1790952639.967,0.0,0.0,2.0,0.0,0.0,0.0,0.0,0.0,1274104,4092008,
101.4,1790952640.067,0.0,0.0,4.1,0.0,0.0,0.0,0.0,0.0,1274104,4092004,
101.5,1790952640.167,0.0,0.0,2.8,0.0,0.0,0.0,0.0,0.0,1274108,4092000,
101.6,1790952640.267,0.0,0.0,7.2,0.0,0.0,0.0,0.0,0.0,1273880,4092000,
101.7,1790952640.367,0.0,0.0,3.0,0.0,0.0,0.0,0.0,0.0,1273880,4092000,
101.8,1790952640.467,0.0,0.0,2.6,0.0,0.0,0.0,0.0,0.0,1273880,4091892,
101.9,1790952640.567,0.0,0.0,4.0,0.0,0.0,0.0,0.0,0.0,1273880,4091888,
102.0,1790952640.667,0.0,0.0,4.5,0.0,0.0,0.0,0.0,0.0,1273880,4091884,
102.1,1790952640.767,0.0,0.0,3.3,0.0,0.0,0.0,0.0,0.0,1273908,4091876,
102.2,1790952640.867,0.0,0.0,3.3,0.0,0.0,0.0,0.0,0.0,1273908,4091876,
102.3,1790952640.967,0.0,0.0,6.0,0.0,0.0,0.0,0.0,0.0,1273908,4091876,
102.4,1790952641.067,0.0,0.0,3.5,0.0,0.0,0.0,2.5,0.0,1273908,4091876,
102.5,1790952641.167,0.0,0.0,6.0,0.0,0.0,0.0,0.0,0.0,1273908,4091876,
102.6,1790952641.267,0.0,0.0,2.3,0.0,0.0,0.0,0.0,0.0,1273884,4091876,
102.7,1790952641.367,0.0,0.0,8.9,0.0,0.0,0.0,0.0,0.0,1273884,4091876,
102.8,1790952641.467,0.0,0.0,2.4,0.0,0.0,0.0,0.0,0.0,1273884,4091872,
102.9,1790952641.567,0.0,0.0,3.1,0.0,0.0,0.0,0.0,0.0,1273884,4091872,
103.0,1790952641.667,0.0,0.0,5.2,0.0,0.0,0.0,0.0,0.0,1273884,4091868,
103.1,1790952641.767,0.0,0.0,2.7,0.0,0.0,0.0,0.0,0.0,1273896,4091868,
103.2,1790952641.867,0.0,0.0,6.3,0.0,0.0,0.0,0.0,0.0,1273896,4091868,
103.3,1790952641.967,0.0,0.0,2.5,0.0,0.0,0.0,0.0,0.0,1273896,4091868,
103.4,1790952642.067,0.0,0.0,3.0,0.0,0.0,0.0,0.0,0.0,1273896,4091864,
103.5,1790952642.167,0.0,0.0,4.2,0.0,0.0,0.0,0.0,0.0,1273896,4091864,
103.6,1790952642.267,0.0,0.0,4.1,0.0,0.0,0.0,0.0,0.0,1273896,4091852,
103.7,1790952642.367,0.0,0.0,3.4,0.0,0.0,0.0,0.0,0.0,1273896,4091848,
103.8,1790952642.467,0.0,0.0,4.3,0.0,0.0,0.0,0.0,0.0,1273896,4091848,
103.9,1790952642.567,0.0,0.0,2.3,0.0,0.0,0.0,0.0,0.0,1273896,4091848,
104.0,1790952642.667,0.0,0.0,3.1,0.0,0.0,0.0,0.0,0.0,1273896,4091844,
104.1,1790952642.767,0.0,0.0,5.1,0.0,0.0,0.0,0.0,0.0,1273448,4091844,
104.2,1790952642.867,0.0,0.0,4.0,0.0,0.0,0.0,0.0,0.0,1273448,4091844,
104.3,1790952642.967,0.0,0.0,4.9,0.0,0.0,0.0,0.0,0.0,1273448,4091764,
104.4,1790952643.067,0.0,0.0,3.0,0.0,0.0,0.0,2.5,0.0,1273448,4091764,
104.5,1790952643.167,0.0,0.0,4.9,0.0,0.0,0.0,0.0,0.0,1273676,4091764,
104.6,1790952643.267,0.0,0.0,2.7,0.0,0.0,0.0,0.0,0.0,1273680,4091764,
104.7,1790952643.367,0.0,0.0,8.1,0.0,0.0,0.0,0.0,0.0,1273680,4091764,
104.8,1790952643.467,0.0,0.0,3.3,0.0,0.0,0.0,0.0,0.0,1274184,4091764,
104.9,1790952643.567,0.0,0.0,3.3,0.0,0.0,0.0,0.0,0.0,1274184,4091760,
105.0,1790952643.667,0.0,0.0,3.3,0.0,0.0,0.0,0.0,0.0,1274184,4091756,
105.1,1790952643.767,0.0,0.0,4.9,0.0,0.0,0.0,0.0,0.0,1274196,4091756,
105.2,1790952643.867,0.0,0.0,4.0,0.0,0.0,0.0,0.0,0.0,1274196,4091752,
105.3,1790952643.967,0.0,0.0,3.2,0.0,0.0,0.0,0.0,0.0,1274196,4091752,
105.4,1790952644.067,0.0,0.0,4.1,0.0,0.0,0.0,0.0,0.0,1274196,4091752,
105.5,1790952644.167,0.0,0.0,2.9,0.0,0.0,0.0,0.0,0.0,1274196,4091752,
105.6,1790952644.267,0.0,0.0,3.3,0.0,0.0,0.0,0.0,0.0,1274196,4091752,
105.7,1790952644.367,0.0,0.0,2.4,0.0,0.0,0.0,0.0,0.0,1274196,4091752,
105.8,1790952644.467,0.0,0.0,4.1,0.0,0.0,0.0,0.0,0.0,1274196,4091752,
105.9,1790952644.567,0.0,0.0,2.4,0.0,0.0,0.0,0.0,0.0,1273968,4091744,
106.0,1790952644.667,0.0,0.0,5.1,0.0,0.0,0.0,0.0,0.0,1273968,4091744,
106.1,1790952644.767,0.0,0.0,3.3,0.0,0.0,0.0,0.0,0.0,1273944,4091740,
106.2,1790952644.867,0.0,0.0,6.5,0.0,0.0,0.0,0.0,0.0,1273944,4091736,
106.3,1790952644.967,0.0,0.0,8.2,0.0,0.0,0.0,2.5,0.0,1274100,4091736,
106.4,1790952645.067,0.0,0.0,2.3,0.0,0.0,0.0,0.0,0.0,1274100,4091732,
106.5,1790952645.167,0.0,0.0,5.0,0.0,0.0,0.0,0.0,0.0,1274100,4091732,
106.6,1790952645.267,0.0,0.0,2.9,0.0,0.0,0.0,0.0,0.0,1274304,4091732,
106.7,1790952645.367,0.0,0.0,5.2,0.0,0.0,0.0,0.0,0.0,1275444,4091732,
106.8,1790952645.467,0.0,0.0,2.2,0.0,0.0,0.0,0.0,0.0,1275560,4091732,
106.9,1790952645.567,0.0,0.0,4.6,0.0,0.0,0.0,0.0,0.0,1275560,4091732,
107.0,1790952645.667,0.0,0.0,2.2,0.0,0.0,0.0,0.0,0.0,1275560,4091732,
107.1,1790952645.767,0.0,0.0,7.0,0.0,0.0,0.0,0.0,0.0,1275552,4091724,
107.2,1790952645.867,0.0,0.0,2.1,0.0,0.0,0.0,0.0,0.0,1275552,4091724,
107.3,1790952645.967,0.0,0.0,3.8,0.0,0.0,0.0,0.0,0.0,1275328,4091724,
107.4,1790952646.067,0.0,0.0,3.9,0.0,0.0,0.0,0.0,0.0,1275328,4091724,
107.5,1790952646.167,0.2,0.2,3.1,0.0,0.0,0.0,0.0,0.0,1275328,4091520,
107.6,1790952646.267,0.0,0.0,4.0,0.0,0.0,0.0,0.0,0.0,1275328,4091520,
107.7,1790952646.367,0.0,0.0,3.2,0.0,0.0,0.0,0.0,0.0,1275328,4091520,
107.8,1790952646.467,0.0,0.0,5.7,0.0,0.0,0.0,0.0,0.0,1275328,4091520,
107.9,1790952646.567,0.0,0.0,1.5,0.0,0.0,0.0,0.0,0.0,1275328,4091520,
108.0,1790952646.667,0.0,0.0,7.5,0.0,0.0,0.0,0.0,0.0,1275328,4091520,
108.1,1790952646.767,0.0,0.0,2.1,0.0,0.0,0.0,0.0,0.0,1275328,4091520,
108.2,1790952646.867,0.0,0.0,8.6,0.0,0.0,0.0,0.0,0.0,1275328,4091520,
108.3,1790952646.967,0.0,0.0,2.6,0.0,0.0,0.0,2.5,0.0,1275224,4091520,
108.4,1790952647.067,0.0,0.0,2.8,0.0,0.0,0.0,0.0,0.0,1275224,4091520,
108.5,1790952647.167,0.0,0.0,4.5,0.0,0.0,0.0,0.0,0.0,1275224,4091520,
108.6,1790952647.267,0.0,0.0,5.1,0.0,0.0,0.0,0.0,0.0,1275336,4091520,
108.7,1790952647.367,0.0,0.0,4.8,0.0,0.0,0.0,0.0,0.0,1275336,4091520,
108.8,1790952647.467,0.1,0.1,2.3,0.0,0.0,0.0,0.0,0.0,1275108,4091308,
108.9,1790952647.567,0.0,0.0,5.6,0.0,0.0,0.0,0.0,0.0,1275108,4091300,
109.0,1790952647.667,0.0,0.0,2.5,0.0,0.0,0.0,0.0,0.0,1275108,4091300,
109.1,1790952647.767,0.0,0.0,3.5,0.0,0.0,0.0,0.0,0.0,1275064,4091300,
109.2,1790952647.867,0.0,0.0,2.1,0.0,0.0,0.0,0.0,0.0,1275064,4091300,
109.3,1790952647.967,0.0,0.0,5.9,0.0,0.0,0.0,0.0,0.0,1274840,4091300,
109.4,1790952648.067,0.0,0.0,3.3,0.0,0.0,0.0,0.0,0.0,1274840,4091296,
109.5,1790952648.167,0.0,0.0,6.0,0.0,0.0,0.0,0.0,0.0,1274840,4091296,
109.6,1790952648.267,0.0,0.0,4.1,0.0,0.0,0.0,0.0,0.0,1274840,4091296,
109.7,1790952648.367,0.0,0.0,4.7,0.0,0.0,0.0,0.0,0.0,1274840,4091296,
109.8,1790952648.467,0.0,0.0,4.4,0.0,0.0,0.0,0.0,0.0,1274840,4091292,
109.9,1790952648.567,0.0,0.0,2.5,0.0,0.0,0.0,0.0,0.0,1274840,4091288,
110.0,1790952648.667,0.0,0.0,5.0,0.0,0.0,0.0,0.0,0.0,1274840,4091288,
110.1,1790952648.767,0.1,0.1,2.5,0.0,0.0,0.0,0.0,0.0,1274840,4091180,
110.2,1790952648.867,0.0,0.0,7.5,0.0,0.0,0.0,0.0,0.0,1274840,4091180,
110.3,1790952648.967,0.0,0.0,3.4,0.0,0.0,0.0,0.0,0.0,1274840,4091176,
110.4,1790952649.067,0.0,0.0,4.9,0.0,0.0,0.0,0.0,0.0,1274840,4091168,
110.5,1790952649.167,0.0,0.0,2.6,0.0,0.0,0.0,2.5,0.0,1274840,4091168,
110.6,1790952649.267,0.0,0.0,3.3,0.0,0.0,0.0,0.0,0.0,1275068,4091168,
110.7,1790952649.367,0.0,0.0,3.2,0.0,0.0,0.0,0.0,0.0,1275068,4091164,
110.8,1790952649.467,0.0,0.0,5.1,0.0,0.2,0.1,0.0,0.0,1275068,4091160,
110.9,1790952649.567,0.1,0.1,4.0,0.0,0.0,0.0,0.0,0.0,1273928,4091080,
111.0,1790952649.667,0.0,0.0,4.9,0.0,0.0,0.0,0.0,0.0,1273928,4091076,
111.1,1790952649.767,0.0,0.0,2.3,0.0,0.0,0.0,0.0,0.0,1273600,4091076,
111.2,1790952649.867,0.0,0.0,3.1,0.0,0.0,0.0,0.0,0.0,1273600,4091076,
111.3,1790952649.967,0.0,0.0,3.5,0.0,0.0,0.0,0.0,0.0,1273600,4091076,
111.4,1790952650.067,0.0,0.0,2.5,0.0,0.0,0.0,0.0,0.0,1273600,4091076,
111.5,1790952650.167,0.0,0.0,3.7,0.0,0.0,0.0,0.0,0.0,1273600,4091076,
111.6,1790952650.267,0.0,0.0,1.7,0.0,0.0,0.0,0.0,0.0,1273600,4091076,
111.7,1790952650.367,0.0,0.0,3.6,0.0,0.0,0.0,0.0,0.0,1273600,4091076,
111.8,1790952650.467,0.0,0.0,2.1,0.0,0.0,0.0,0.0,0.0,1273600,4091076,
111.9,1790952650.567,0.0,0.0,2.6,0.0,0.0,0.0,0.0,0.0,1273600,4091076,
112.0,1790952650.667,0.0,0.0,2.5,0.0,0.0,0.0,0.0,0.0,1273600,4091076,
112.1,1790952650.767,0.0,0.0,3.7,0.0,0.0,0.0,0.0,0.0,1273600,4091076,
112.2,1790952650.867,0.0,0.0,5.6,0.0,0.0,0.0,0.0,0.0,1273600,4091072,
112.3,1790952650.967,0.0,0.0,3.0,0.0,0.0,0.0,0.0,0.0,1273600,4091072,
112.4,1790952651.067,0.0,0.0,2.6,0.0,0.0,0.0,0.0,0.0,1273600,4091068,
112.5,1790952651.167,0.0,0.0,2.8,0.0,0.0,0.0,2.5,0.0,1273600,4091068,
112.6,1790952651.267,0.0,0.0,2.4,0.0,0.0,0.0,0.0,0.0,1273828,4091068,
112.7,1790952651.367,0.0,0.0,2.3,0.0,0.0,0.0,0.0,0.0,1273828,4091064,
112.8,1790952651.467,0.0,0.0,4.6,0.0,0.0,0.0,0.0,0.0,1273828,4091040,
112.9,1790952651.567,0.0,0.0,2.2,0.0,0.0,0.0,0.0,0.0,1275960,4091040,
113.0,1790952651.667,0.0,0.0,5.4,0.0,0.0,0.0,0.0,0.0,1275960,4091040,
113.1,1790952651.767,0.0,0.0,2.7,0.0,0.0,0.0,0.0,0.0,1276100,4091040,
113.2,1790952651.867,0.0,0.0,9.3,0.0,0.0,0.0,0.0,0.0,1276132,4091040,
113.3,1790952651.967,0.0,0.0,3.8,0.0,0.0,0.0,0.0,0.0,1276132,4091040,
113.4,1790952652.067,0.0,0.0,2.8,0.0,0.0,0.0,0.0,0.0,1276132,4091040,
113.5,1790952652.167,0.0,0.0,4.3,0.0,0.0,0.0,0.0,0.0,1276132,4091040,
113.6,1790952652.267,0.0,0.0,3.4,0.0,0.0,0.0,0.0,0.0,1276132,4091040,
113.7,1790952652.367,0.0,0.0,2.4,0.0,0.0,0.0,0.0,0.0,1276132,4091040,
113.8,1790952652.467,0.0,0.0,1.7,0.0,0.0,0.0,0.0,0.0,1276132,4091040,
113.9,1790952652.567,0.0,0.0,3.4,0.0,0.0,0.0,0.0,0.0,1276132,4091036,
114.0,1790952652.667,0.0,0.0,3.5,0.0,0.0,0.0,0.0,0.0,1276132,4091036,
114.1,1790952652.767,0.0,0.0,6.1,0.0,0.0,0.0,0.0,0.0,1275908,4091036,
114.2,1790952652.867,0.0,0.0,2.1,0.0,0.0,0.0,0.0,0.0,1275908,4091032,
114.3,1790952652.967,0.0,0.0,6.4,0.0,0.0,0.0,0.0,0.0,1275908,4091028,
114.4,1790952653.067,0.0,0.0,2.5,0.0,0.0,0.0,0.0,0.0,1275908,4091024,
114.5,1790952653.167,0.0,0.0,4.9,0.0,0.0,0.0,2.5,0.0,1275908,4091024,
114.6,1790952653.267,0.0,0.0,3.8,0.0,0.0,0.0,0.0,0.0,1276428,4091024,
114.7,1790952653.367,0.0,0.0,2.5,0.0,0.0,0.0,0.0,0.0,1276472,4091024,
114.8,1790952653.467,0.0,0.0,2.3,0.0,0.0,0.0,0.0,0.0,1276700,4091024,
114.9,1790952653.567,0.0,0.0,3.3,0.0,0.0,0.0,0.0,0.0,1276700,4091024,
115.0,1790952653.667,0.0,0.0,4.7,0.0,0.0,0.0,0.0,0.0,1276700,4091024,
115.1,1790952653.767,0.0,0.0,4.8,0.0,0.0,0.0,0.0,0.0,1276520,4091024,
115.2,1790952653.867,0.0,0.0,5.3,0.0,0.0,0.0,0.0,0.0,1276520,4091024,
115.3,1790952653.967,0.0,0.0,3.6,0.0,0.0,0.0,0.0,0.0,1276272,4091024,
115.4,1790952654.067,0.0,0.0,3.7,0.0,0.0,0.0,0.0,0.0,1276272,4091024,
115.5,1790952654.167,0.0,0.0,1.9,0.0,0.0,0.0,0.0,0.0,1276272,4091024,
115.6,1790952654.267,0.0,0.0,6.1,0.0,0.0,0.0,0.0,0.0,1276272,4091024,
115.7,1790952654.367,0.0,0.0,4.2,0.0,0.0,0.0,0.0,0.0,1276272,4091020,
115.8,1790952654.467,0.0,0.0,3.7,0.0,0.0,0.0,0.0,0.0,1276272,4091020,
115.9,1790952654.567,0.0,0.0,3.2,0.0,0.0,0.0,0.0,0.0,1276272,4090988,
116.0,1790952654.667,0.0,0.0,2.0,0.0,0.0,0.0,0.0,0.0,1276020,4090988,
116.1,1790952654.767,0.0,0.0,4.2,0.0,0.0,0.0,0.0,0.0,1275796,4090988,
116.2,1790952654.867,0.0,0.0,5.2,0.0,0.0,0.0,0.0,0.0,1275800,4090956,
116.3,1790952654.967,0.0,0.0,5.6,0.0,0.0,0.0,0.0,0.0,1275800,4090956,
116.4,1790952655.067,0.0,0.0,3.8,0.0,0.0,0.0,0.0,0.0,1275800,4090952,
116.5,1790952655.167,0.0,0.0,6.5,0.0,0.0,0.0,2.5,0.0,1275800,4090952,
116.6,1790952655.267,0.0,0.0,2.6,0.0,0.0,0.0,0.0,0.0,1275800,4090952,
116.7,1790952655.367,0.0,0.0,7.9,0.0,0.0,0.0,0.0,0.0,1275800,4090952,
116.8,1790952655.467,0.0,0.0,4.3,0.0,0.0,0.0,0.0,0.0,1275776,4090952,
116.9,1790952655.567,0.0,0.0,2.3,0.0,0.0,0.0,0.0,0.0,1275776,4090952,
117.0,1790952655.667,0.0,0.0,4.4,0.0,0.0,0.0,0.0,0.0,1275776,4090952,
117.1,1790952655.767,0.0,0.0,3.4,0.0,0.0,0.0,0.0,0.0,1275820,4090952,
117.2,1790952655.867,0.0,0.0,4.7,0.0,0.0,0.0,0.0,0.0,1275820,4090952,
117.3,1790952655.967,0.0,0.0,2.6,0.0,0.0,0.0,0.0,0.0,1275820,4090952,
117.4,1790952656.067,0.0,0.0,2.7,0.0,0.0,0.0,0.0,0.0,1275820,4090952,
117.5,1790952656.167,0.0,0.0,1.5,0.0,0.0,0.0,0.0,0.0,1275820,4090952,
117.6,1790952656.267,0.0,0.0,4.2,0.0,0.0,0.0,0.0,0.0,1275820,4090952,
117.7,1790952656.367,0.0,0.0,2.9,0.0,0.0,0.0,0.0,0.0,1275820,4090952,
117.8,1790952656.467,0.0,0.0,5.0,0.0,0.0,0.0,0.0,0.0,1275820,4090952,
117.9,1790952656.567,0.0,0.0,3.7,0.0,0.0,0.0,0.0,0.0,1275820,4090952,
118.0,1790952656.667,0.0,0.0,4.7,0.0,0.0,0.0,0.0,0.0,1275820,4090952,
118.1,1790952656.767,0.0,0.0,3.4,0.0,0.0,0.0,0.0,0.0,1275820,4090952,
118.2,1790952656.867,0.0,0.0,4.4,0.0,0.0,0.0,0.0,0.0,1275820,4090952,
118.3,1790952656.967,0.0,0.0,6.1,0.0,0.0,0.0,0.0,0.0,1275820,4090952,
118.4,1790952657.067,0.0,0.0,2.2,0.0,0.0,0.0,0.0,0.0,1275820,4090952,
118.5,1790952657.167,0.0,0.0,4.4,0.0,0.0,0.0,2.5,0.0,1276052,4090952,
118.6,1790952657.267,0.0,0.0,2.9,0.0,0.0,0.0,0.0,0.0,1276052,4090952,
118.7,1790952657.367,0.0,0.0,3.5,0.0,0.0,0.0,0.0,0.0,1276052,4090952,
118.8,1790952657.467,0.0,0.0,3.1,0.0,0.0,0.0,0.0,0.0,1276060,4090952,
118.9,1790952657.567,0.0,0.0,4.4,0.0,0.0,0.0,0.0,0.0,1276060,4090952,
119.0,1790952657.667,0.0,0.0,3.8,0.0,0.0,0.0,0.0,0.0,1276060,4090952,
119.1,1790952657.767,0.0,0.0,5.5,0.0,0.0,0.0,0.0,0.0,1275836,4090952,
119.2,1790952657.867,0.0,0.0,3.9,0.0,0.0,0.0,0.0,0.0,1275836,4090952,
119.3,1790952657.967,0.1,0.1,2.7,0.0,0.0,0.0,0.0,0.0,1275608,4090792,
119.4,1790952658.067,0.0,0.0,3.7,0.0,0.0,0.0,0.0,0.0,1275608,4090792,
119.5,1790952658.167,0.0,0.0,2.7,0.0,0.0,0.0,0.0,0.0,1275608,4090792,
119.6,1790952658.267,0.0,0.0,4.2,0.0,0.0,0.0,0.0,0.0,1275608,4090792,
119.7,1790952658.367,0.0,0.0,2.9,0.0,0.0,0.0,0.0,0.0,1275608,4090792,
119.8,1790952658.467,0.0,0.0,7.0,0.0,0.0,0.0,0.0,0.0,1275608,4090792,
119.9,1790952658.567,8.4,8.0,13.6,0.0,0.1,0.0,0.0,0.0,1269296,4079444,
120.0,1790952658.667,0.4,0.4,4.0,0.0,0.0,0.0,0.0,0.0,1269296,4078956,
120.1,1790952658.767,0.0,0.0,3.4,0.0,0.0,0.0,0.0,0.0,1269488,4078908,
120.2,1790952658.867,0.0,0.0,3.5,0.0,0.0,0.0,0.0,0.0,1269488,4078908,
120.3,1790952658.967,0.0,0.0,3.9,0.0,0.0,0.0,0.0,0.0,1269488,4078908,
120.4,1790952659.067,0.0,0.0,4.1,0.0,0.0,0.0,0.0,0.0,1269488,4078908,
120.5,1790952659.167,0.0,0.0,4.6,0.0,0.0,0.0,2.5,0.0,1269260,4078908,
120.6,1790952659.267,0.0,0.0,3.7,0.0,0.0,0.0,0.0,0.0,1269260,4078900,
120.7,1790952659.367,0.0,0.0,5.2,0.0,0.0,0.0,0.0,0.0,1269260,4078892,
120.8,1790952659.467,0.0,0.0,2.5,0.0,0.0,0.0,0.0,0.0,1269260,4078892,
120.9,1790952659.567,0.0,0.0,3.8,0.0,0.0,0.0,0.0,0.0,1269032,4078888,
121.0,1790952659.667,0.0,0.0,2.3,0.0,0.0,0.0,0.0,0.0,1268756,4078888,
121.1,1790952659.767,0.0,0.0,5.5,0.0,0.0,0.0,0.0,0.0,1268768,4078888,
121.2,1790952659.867,0.0,0.0,2.6,0.0,0.0,0.0,0.0,0.0,1268768,4078888,
121.3,1790952659.967,0.0,0.0,5.1,0.0,0.0,0.0,0.0,0.0,1268768,4078888,
121.4,1790952660.067,0.0,0.0,3.4,0.0,0.0,0.0,0.0,0.0,1268768,4078884,
121.5,1790952660.167,0.0,0.0,2.6,0.0,0.0,0.0,0.0,0.0,1268768,4078884,
121.6,1790952660.267,0.0,0.0,4.1,0.0,0.0,0.0,0.0,0.0,1268768,4078884,
121.7,1790952660.367,0.0,0.0,3.4,0.0,0.0,0.0,0.0,0.0,1268768,4078884,
121.8,1790952660.467,0.0,0.0,5.0,0.0,0.0,0.0,0.0,0.0,1268772,4078884,
121.9,1790952660.567,0.0,0.0,2.7,0.0,0.0,0.0,0.0,0.0,1268772,4078884,
122.0,1790952660.667,0.0,0.0,3.3,0.0,0.0,0.0,0.0,0.0,1268548,4078884,
122.1,1790952660.767,0.0,0.0,6.5,0.0,0.0,0.0,0.0,0.0,1268548,4078884,
122.2,1790952660.867,0.0,0.0,11.5,0.0,0.0,0.0,0.0,0.0,1268548,4078884,
122.3,1790952660.967,0.0,0.0,1.6,0.0,0.0,0.0,0.0,0.0,1268548,4078884,
122.4,1790952661.067,0.0,0.0,4.4,0.0,0.0,0.0,0.0,0.0,1268548,4078884,
122.5,1790952661.167,0.0,0.0,2.2,0.0,0.0,0.0,0.0,0.0,1266952,4078884,
122.6,1790952661.267,0.0,0.0,4.6,0.0,0.0,0.0,0.0,0.0,1264768,4078884,
122.7,1790952661.367,0.0,0.0,5.8,0.0,0.0,0.0,2.5,0.0,1264760,4078884,
122.8,1790952661.467,0.0,0.0,3.3,0.0,0.0,0.0,0.0,0.0,1264736,4078880,
122.9,1790952661.567,0.0,0.0,4.2,0.0,0.0,0.0,0.0,0.0,1264736,4078880,
123.0,1790952661.667,0.0,0.0,3.3,0.0,0.0,0.0,0.0,0.0,1264736,4078880,
123.1,1790952661.767,0.0,0.0,6.1,0.0,0.0,0.0,0.0,0.0,1264736,4078880,
123.2,1790952661.867,0.0,0.0,2.8,0.0,0.0,0.0,0.0,0.0,1264736,4078880,
123.3,1790952661.967,0.0,0.0,5.6,0.0,0.0,0.0,0.0,0.0,1264736,4078880,
123.4,1790952662.067,0.0,0.0,2.7,0.0,0.0,0.0,0.0,0.0,1264736,4078876,
123.5,1790952662.167,0.0,0.0,4.9,0.0,0.0,0.0,0.0,0.0,1264736,4078876,
123.6,1790952662.267,0.0,0.0,4.2,0.0,0.0,0.0,0.0,0.0,1264736,4078876,
123.7,1790952662.367,0.0,0.0,5.0,0.0,0.0,0.0,0.0,0.0,1264736,4078876,
123.8,1790952662.467,0.0,0.0,4.0,0.0,0.0,0.0,0.0,0.0,1264736,4078876,
123.9,1790952662.567,0.0,0.0,2.7,0.0,0.0,0.0,0.0,0.0,1264736,4078876,
124.0,1790952662.667,0.0,0.0,5.8,0.0,0.0,0.0,0.0,0.0,1264736,4078876,
124.1,1790952662.767,0.0,0.0,4.4,0.0,0.0,0.0,0.0,0.0,1264736,4078876,
124.2,1790952662.867,0.0,0.0,6.6,0.0,0.0,0.0,0.0,0.0,1264736,4078876,
124.3,1790952662.967,0.0,0.0,1.9,0.0,0.0,0.0,0.0,0.0,1264736,4078876,
124.4,1790952663.067,0.0,0.0,2.9,0.0,0.0,0.0,0.0,0.0,1264736,4078876,
124.5,1790952663.167,0.0,0.0,2.3,0.0,0.0,0.0,0.0,0.0,1264736,4078876,
124.6,1790952663.267,0.0,0.0,4.5,0.0,0.0,0.0,0.0,0.0,1264736,4078876,
124.7,1790952663.367,0.0,0.0,2.7,0.0,0.0,0.0,0.0,0.0,1264736,4078876,
124.8,1790952663.467,0.0,0.0,5.5,0.0,0.0,0.0,0.0,0.0,1264736,4078876,
124.9,1790952663.567,0.0,0.0,3.1,0.0,0.0,0.0,0.0,0.0,1264736,4078876,
125.0,1790952663.667,0.0,0.0,3.4,0.0,0.0,0.0,2.5,0.0,1264856,4078876,
125.1,1790952663.767,0.0,0.0,5.4,0.0,0.0,0.0,0.0,0.0,1264876,4078876,
125.2,1790952663.867,0.0,0.0,4.1,0.0,0.0,0.0,0.0,0.0,1264876,4078876,
125.3,1790952663.967,0.0,0.0,4.7,0.0,0.0,0.0,0.0,0.0,1264876,4078876,
125.4,1790952664.067,0.0,0.0,2.1,0.0,0.0,0.0,0.0,0.0,1264876,4078872,
125.5,1790952664.167,0.0,0.0,4.7,0.0,0.0,0.0,0.0,0.0,1264876,4078872,
125.6,1790952664.267,0.0,0.0,3.1,0.0,0.0,0.0,0.0,0.0,1264876,4078872,
125.7,1790952664.367,0.0,0.0,1.9,0.0,0.0,0.0,0.0,0.0,1264876,4078872,
125.8,1790952664.467,0.0,0.0,3.0,0.0,0.0,0.0,0.0,0.0,1264876,4078872,
125.9,1790952664.567,0.0,0.0,2.8,0.0,0.1,0.1,0.0,0.0,1264876,4078872,
126.0,1790952664.667,0.0,0.0,1.9,0.0,0.0,0.0,0.0,0.0,1264624,4078836,
126.1,1790952664.767,0.0,0.0,2.4,0.0,0.0,0.0,0.0,0.0,1264744,4078836,
126.2,1790952664.867,0.2,0.2,4.1,0.0,0.0,0.0,0.0,0.0,1264744,4078712,
126.3,1790952664.967,0.0,0.0,1.9,0.0,0.0,0.0,0.0,0.0,1264744,4078712,
126.4,1790952665.067,0.0,0.0,4.1,0.0,0.0,0.0,0.0,0.0,1264744,4078712,
126.5,1790952665.167,0.0,0.0,2.4,0.0,0.0,0.0,0.0,0.0,1264744,4078700,
126.6,1790952665.267,0.0,0.0,3.3,0.0,0.0,0.0,0.0,0.0,1264744,4078700,
126.7,1790952665.367,0.0,0.0,3.6,0.0,0.0,0.0,0.0,0.0,1264744,4078700,
126.8,1790952665.467,0.0,0.0,2.8,0.0,0.0,0.0,0.0,0.0,1264744,4078700,
126.9,1790952665.567,0.0,0.0,2.7,0.0,0.0,0.0,0.0,0.0,1264288,4078700,
127.0,1790952665.667,0.0,0.0,2.4,0.0,0.0,0.0,0.0,0.0,1264288,4078700,
127.1,1790952665.767,0.0,0.0,4.0,0.0,0.0,0.0,0.0,0.0,1264240,4078700,
127.2,1790952665.867,0.0,0.0,2.2,0.0,0.0,0.0,2.5,0.0,1264404,4078696,
127.3,1790952665.967,10.8,10.4,10.3,0.0,2.3,1.4,0.0,0.0,1255964,4062732,
127.4,1790952666.067,1.7,1.7,1.8,0.0,0.0,0.0,0.0,0.0,1255500,4060740,
127.5,1790952666.167,0.0,0.0,3.2,0.0,0.0,0.0,0.0,0.0,1255548,4060740,
127.6,1790952666.267,0.2,0.2,2.5,0.0,0.0,0.0,0.0,0.0,1254864,4060192,
127.7,1790952666.367,0.0,0.0,5.2,0.0,0.0,0.0,0.0,0.0,1252852,4060188,
127.8,1790952666.467,0.0,0.0,3.5,0.0,0.0,0.0,0.0,0.0,1252852,4060188,
127.9,1790952666.567,0.0,0.0,2.7,0.0,0.0,0.0,0.0,0.0,1252852,4060188,
128.0,1790952666.667,0.0,0.0,4.9,0.0,0.0,0.0,0.0,0.0,1252852,4060188,
128.1,1790952666.767,0.0,0.0,1.8,0.0,0.0,0.0,0.0,0.0,1252984,4060188,
128.2,1790952666.867,0.0,0.0,5.3,0.0,0.0,0.0,0.0,0.0,1252984,4060188,
128.3,1790952666.967,0.0,0.0,1.9,0.0,0.0,0.0,0.0,0.0,1252984,4060188,
128.4,1790952667.067,0.0,0.0,3.1,0.0,0.0,0.0,0.0,0.0,1252984,4060176,
128.5,1790952667.167,0.0,0.0,1.2,0.0,0.0,0.0,0.0,0.0,1252984,4060176,
128.6,1790952667.267,0.0,0.0,4.2,0.0,0.0,0.0,0.0,0.0,1252984,4060176,
128.7,1790952667.367,0.0,0.0,3.5,0.0,0.0,0.0,0.0,0.0,1252756,4060176,
128.8,1790952667.467,0.0,0.0,1.8,0.0,0.0,0.0,0.0,0.0,1252756,4060176,
128.9,1790952667.567,0.0,0.0,2.5,0.0,0.0,0.0,0.0,0.0,1252756,4060176,
129.0,1790952667.667,0.0,0.0,2.9,0.0,0.0,0.0,0.0,0.0,1252756,4060176,
129.1,1790952667.767,0.0,0.0,4.9,0.0,0.0,0.0,0.0,0.0,1252736,4060176,
129.2,1790952667.867,0.0,0.0,2.0,0.0,0.0,0.0,0.0,0.0,1252736,4060176,
129.3,1790952667.967,0.0,0.0,4.7,0.0,0.0,0.0,0.0,0.0,1252736,4060176,
129.4,1790952668.067,0.0,0.0,3.6,0.0,0.0,0.0,2.5,0.0,1252968,4060176,
129.5,1790952668.167,0.0,0.0,4.8,0.0,0.0,0.0,0.0,0.0,1252968,4060172,
129.6,1790952668.267,0.0,0.0,3.0,0.0,0.0,0.0,0.0,0.0,1252968,4060172,
129.7,1790952668.367,0.0,0.0,2.2,0.0,0.0,0.0,0.0,0.0,1252968,4060172,
129.8,1790952668.467,0.0,0.0,4.2,0.0,0.0,0.0,0.0,0.0,1252968,4060172,
129.9,1790952668.567,0.0,0.0,3.4,0.0,0.0,0.0,0.0,0.0,1252968,4060172,
130.0,1790952668.667,0.0,0.0,3.4,0.0,0.0,0.0,0.0,0.0,1252716,4060172,
130.1,1790952668.767,0.0,0.0,1.8,0.0,0.0,0.0,0.0,0.0,1252716,4060172,
130.2,1790952668.867,0.0,0.0,5.7,0.0,0.0,0.0,0.0,0.0,1252716,4060172,
130.3,1790952668.967,0.0,0.0,1.9,0.0,0.0,0.0,0.0,0.0,1252492,4060172,
130.4,1790952669.067,0.0,0.0,4.7,0.0,0.0,0.0,0.0,0.0,1252492,4060172,
130.5,1790952669.167,0.0,0.0,2.0,0.0,0.0,0.0,0.0,0.0,1252492,4060172,
130.6,1790952669.267,0.0,0.0,2.9,0.0,0.0,0.0,0.0,0.0,1252492,4060172,
130.7,1790952669.367,0.0,0.0,2.5,0.0,0.0,0.0,0.0,0.0,1252492,4060172,
130.8,1790952669.467,0.0,0.0,2.8,0.0,0.0,0.0,0.0,0.0,1252492,4060172,
130.9,1790952669.567,0.0,0.0,6.8,0.0,0.0,0.0,0.0,0.0,1252492,4060172,
131.0,1790952669.667,0.0,0.0,4.3,0.0,0.0,0.0,0.0,0.0,1252492,4060172,
131.1,1790952669.767,0.0,0.0,4.0,0.0,0.0,0.0,0.0,0.0,1252276,4060172,
131.2,1790952669.867,0.0,0.0,1.8,0.0,0.0,0.0,0.0,0.0,1252048,4060172,
131.3,1790952669.967,0.0,0.0,4.0,0.0,0.0,0.0,0.0,0.0,1252048,4060172,
131.4,1790952670.067,0.0,0.0,3.2,0.0,0.0,0.0,0.0,0.0,1252048,4060168,
131.5,1790952670.167,0.0,0.0,5.5,0.0,0.0,0.0,0.0,0.0,1252048,4060168,
131.6,1790952670.267,0.0,0.0,3.3,0.0,0.0,0.0,2.5,0.0,1252000,4060144,
131.7,1790952670.367,0.0,0.0,2.6,0.0,0.0,0.0,0.0,0.0,1252000,4060144,
131.8,1790952670.467,0.0,0.0,2.4,0.0,0.0,0.0,0.0,0.0,1252000,4060144,
131.9,1790952670.567,0.0,0.0,4.6,0.0,0.0,0.0,0.0,0.0,1252000,4060144,
132.0,1790952670.667,0.0,0.0,5.5,0.0,0.0,0.0,0.0,0.0,1252000,4060144,
132.1,1790952670.767,0.0,0.0,3.7,0.0,0.0,0.0,0.0,0.0,1251976,4060144,
132.2,1790952670.867,0.0,0.0,4.6,0.0,0.0,0.0,0.0,0.0,1251976,4060144,
132.3,1790952670.967,0.0,0.0,2.5,0.0,0.0,0.0,0.0,0.0,1251976,4060144,
132.4,1790952671.067,0.0,0.0,4.2,0.0,0.0,0.0,0.0,0.0,1251976,4060144,
132.5,1790952671.167,0.0,0.0,3.0,0.0,0.0,0.0,0.0,0.0,1251976,4060144,
132.6,1790952671.267,0.0,0.0,5.7,0.0,0.0,0.0,0.0,0.0,1251976,4060144,
132.7,1790952671.367,0.0,0.0,3.5,0.0,0.0,0.0,0.0,0.0,1251976,4060144,
132.8,1790952671.467,0.0,0.0,4.8,0.0,1.1,1.0,0.0,0.0,1251748,4060144,
132.9,1790952671.567,0.0,0.0,3.8,0.0,3.6,2.6,0.0,0.0,1251748,4060140,
133.0,1790952671.667,0.0,0.0,3.0,0.0,0.0,0.0,0.0,0.0,1251748,4060140,
133.1,1790952671.767,0.0,0.0,4.1,0.0,0.0,0.0,0.0,0.0,1251760,4060140,
133.2,1790952671.867,0.0,0.0,5.0,0.0,0.0,0.0,0.0,0.0,1251760,4060140,
133.3,1790952671.967,0.0,0.0,3.2,0.0,0.0,0.0,0.0,0.0,1251760,4060140,
133.4,1790952672.067,0.0,0.0,3.4,0.0,0.0,0.0,0.0,0.0,1251760,4060136,
133.5,1790952672.167,0.0,0.0,2.9,0.0,0.0,0.0,0.0,0.0,1251760,4060136,
133.6,1790952672.267,0.0,0.0,2.7,0.0,0.0,0.0,0.0,0.0,1251760,4060136,
133.7,1790952672.367,0.0,0.0,5.1,0.0,0.0,0.0,0.0,0.0,1251760,4060136,
133.8,1790952672.467,0.0,0.0,2.8,0.0,0.0,0.0,2.5,0.0,1251988,4060136,
133.9,1790952672.567,0.0,0.0,2.5,0.0,0.0,0.0,0.0,0.0,1251988,4060136,
134.0,1790952672.667,0.0,0.0,4.8,0.0,0.0,0.0,0.0,0.0,1251988,4060136,
134.1,1790952672.767,0.0,0.0,3.7,0.0,0.0,0.0,0.0,0.0,1251996,4060136,
134.2,1790952672.867,0.0,0.0,8.2,0.0,0.0,0.0,0.0,0.0,1252000,4060136,
134.3,1790952672.967,0.0,0.0,3.8,0.0,0.0,0.0,0.0,0.0,1252000,4060136,
134.4,1790952673.067,0.0,0.0,4.1,0.0,0.0,0.0,0.0,0.0,1252004,4060136,
134.5,1790952673.167,0.0,0.0,2.6,0.0,0.0,0.0,0.0,0.0,1252004,4060136,
134.6,1790952673.267,0.0,0.0,5.0,0.0,0.0,0.0,0.0,0.0,1254964,4060136,
134.7,1790952673.367,0.0,0.0,2.7,0.0,0.0,0.0,0.0,0.0,1261732,4060136,
134.8,1790952673.467,0.0,0.0,6.9,0.0,0.0,0.0,0.0,0.0,1257232,4060136,
134.9,1790952673.567,0.0,0.0,4.1,0.0,0.0,0.0,0.0,0.0,1257232,4060136,
135.0,1790952673.667,0.0,0.0,5.0,0.0,0.0,0.0,0.0,0.0,1257232,4060136,
135.1,1790952673.767,0.0,0.0,4.4,0.0,0.0,0.0,0.0,0.0,1257164,4060136,
135.2,1790952673.867,0.0,0.0,4.3,0.0,0.0,0.0,0.0,0.0,1256940,4060136,
135.3,1790952673.967,0.0,0.0,6.9,0.0,0.0,0.0,0.0,0.0,1253292,4060136,
135.4,1790952674.067,0.0,0.0,3.2,0.0,0.0,0.0,0.0,0.0,1253292,4060136,
135.5,1790952674.167,0.1,0.1,4.2,0.0,0.0,0.0,0.0,0.0,1248504,4060056,
135.6,1790952674.267,0.0,0.0,2.4,0.0,0.0,0.0,0.0,0.0,1246488,4060048,
135.7,1790952674.367,0.0,0.0,4.1,0.0,0.0,0.0,0.0,0.0,1246488,4060048,
135.8,1790952674.467,0.0,0.0,3.1,0.0,0.0,0.0,0.0,0.0,1246488,4060048,
135.9,1790952674.567,0.0,0.0,2.5,0.0,0.0,0.0,0.0,0.0,1246488,4060048,
136.0,1790952674.667,0.0,0.0,2.8,0.0,0.0,0.0,0.0,0.0,1246488,4060040,
136.1,1790952674.767,0.0,0.0,3.7,0.0,0.0,0.0,2.5,0.0,1246504,4060028,
136.2,1790952674.867,0.0,0.0,3.3,0.0,0.0,0.0,0.0,0.0,1246504,4060028,
136.3,1790952674.967,0.0,0.0,4.5,0.0,0.0,0.0,0.0,0.0,1246504,4060028,
136.4,1790952675.067,0.0,0.0,5.1,0.0,0.0,0.0,0.0,0.0,1246504,4060028,
136.5,1790952675.167,0.0,0.0,2.6,0.0,0.0,0.0,0.0,0.0,1246504,4060028,
136.6,1790952675.267,0.0,0.0,3.7,0.0,0.0,0.0,0.0,0.0,1246504,4060028,
136.7,1790952675.367,0.0,0.0,3.0,0.0,0.0,0.0,0.0,0.0,1246504,4060028,
136.8,1790952675.467,0.0,0.0,3.4,0.0,0.0,0.0,0.0,0.0,1246504,4060028,
136.9,1790952675.567,0.0,0.0,2.2,0.0,0.0,0.0,0.0,0.0,1246596,4060028,
137.0,1790952675.667,0.0,0.0,4.1,0.0,0.0,0.0,0.0,0.0,1246596,4060028,
137.1,1790952675.767,0.0,0.0,3.3,0.0,0.0,0.0,0.0,0.0,1246596,4060028,
137.2,1790952675.867,0.0,0.0,4.1,0.0,0.0,0.0,0.0,0.0,1246596,4059968,
137.3,1790952675.969,1.5,1.5,7.6,0.0,0.0,0.0,0.0,0.0,1246092,4057380,
137.4,1790952676.067,0.1,0.1,2.8,0.0,0.0,0.0,0.0,0.0,1246092,4057148,
137.5,1790952676.167,0.0,0.0,3.2,0.0,0.0,0.0,0.0,0.0,1246092,4057148,
137.6,1790952676.267,0.0,0.0,2.2,0.0,0.0,0.0,0.0,0.0,1246092,4057148,
137.7,1790952676.367,0.0,0.0,3.2,0.0,0.0,0.0,0.0,0.0,1246092,4057148,
137.8,1790952676.467,0.0,0.0,1.9,0.0,0.0,0.0,0.0,0.0,1246092,4057148,
137.9,1790952676.567,0.0,0.0,3.9,0.0,0.0,0.0,0.0,0.0,1246092,4057148,
138.0,1790952676.667,0.0,0.0,1.7,0.0,0.0,0.0,0.0,0.0,1246956,4057148,
138.1,1790952676.767,0.0,0.0,4.4,0.0,0.0,0.0,0.0,0.0,1246956,4057148,
138.2,1790952676.867,0.0,0.0,3.0,0.0,0.0,0.0,0.0,0.0,1246956,4057148,
138.3,1790952676.967,0.0,0.0,3.5,0.0,0.0,0.0,0.0,0.0,1246956,4057148,
138.4,1790952677.067,0.0,0.0,4.0,0.0,0.0,0.0,0.0,0.0,1246956,4057148,
138.5,1790952677.167,0.0,0.0,6.9,0.0,0.0,0.0,2.5,0.0,1247184,4057148,
138.6,1790952677.267,0.0,0.0,2.8,0.0,0.0,0.0,0.0,0.0,1247184,4057148,
138.7,1790952677.367,0.0,0.0,5.3,0.0,0.0,0.0,0.0,0.0,1247440,4057148,
138.8,1790952677.467,0.0,0.0,3.5,0.0,0.0,0.0,0.0,0.0,1246984,4057148,
138.9,1790952677.567,0.0,0.0,3.4,0.0,0.0,0.0,0.0,0.0,1246736,4057148,
139.0,1790952677.667,0.0,0.0,2.9,0.0,0.0,0.0,0.0,0.0,1246736,4057148,
139.1,1790952677.767,0.0,0.0,2.0,0.0,0.0,0.0,0.0,0.0,1246728,4057148,
139.2,1790952677.867,0.0,0.0,7.4,0.0,0.0,0.0,0.0,0.0,1246728,4057144,
139.3,1790952677.967,0.0,0.0,3.4,0.0,0.0,0.0,0.0,0.0,1246728,4057144,
139.4,1790952678.067,0.0,0.0,5.2,0.0,0.0,0.0,0.0,0.0,1246728,4057144,
139.5,1790952678.167,0.0,0.0,2.3,0.0,0.0,0.0,0.0,0.0,1246728,4057140,
139.6,1790952678.267,0.0,0.0,5.5,0.0,0.0,0.0,0.0,0.0,1246728,4057140,
139.7,1790952678.367,0.0,0.0,3.2,0.0,0.0,0.0,0.0,0.0,1246728,4057140,
139.8,1790952678.467,0.0,0.0,3.1,0.0,0.0,0.0,0.0,0.0,1246728,4057140,
139.9,1790952678.567,0.0,0.0,4.5,0.0,0.0,0.0,0.0,0.0,1246728,4057140,
140.0,1790952678.667,0.4,0.4,5.2,0.0,0.0,0.0,0.0,0.0,1246728,4056632,
140.1,1790952678.767,1.2,1.2,5.2,0.0,0.0,0.0,0.0,0.0,1246052,4056020,
140.2,1790952678.867,1.5,1.5,4.2,0.0,0.0,0.0,0.0,0.0,1244516,4054864,
140.3,1790952678.967,0.9,0.9,4.6,0.0,1.3,1.2,0.0,0.0,1243360,4053888,
140.4,1790952679.067,0.0,0.0,3.4,0.0,0.0,0.0,0.0,0.0,1243360,4053888,
140.5,1790952679.167,0.0,0.0,5.1,0.0,0.0,0.0,0.0,0.0,1243364,4053836,
140.6,1790952679.267,0.0,0.0,4.1,0.0,0.0,0.0,0.0,0.0,1243364,4053800,
140.7,1790952679.367,0.2,0.2,5.7,0.0,0.0,0.0,0.0,0.0,1243364,4053500,
140.8,1790952679.467,0.0,0.0,4.8,0.0,0.0,0.0,0.0,0.0,1243364,4053336,
140.9,1790952679.567,0.4,0.4,4.1,0.0,0.1,0.1,0.0,0.0,1243364,4052088,
141.0,1790952679.667,0.1,0.1,2.8,0.0,0.0,0.0,0.0,0.0,1243364,4051848,
141.1,1790952679.767,0.5,0.5,2.6,0.0,4.3,4.1,0.0,0.0,1242828,4050772,
141.2,1790952679.867,0.3,0.3,9.7,0.0,29.2,22.4,0.0,0.0,1240848,4050240,
141.3,1790952679.967,1.1,1.1,4.2,0.0,9.7,7.3,0.0,0.0,1240504,4046292,
141.4,1790952680.067,0.0,0.0,4.4,0.0,0.0,0.0,0.0,0.0,1240548,4046276,
141.5,1790952680.167,0.0,0.0,2.9,0.0,0.0,0.0,2.5,0.0,1240536,4046268,
141.6,1790952680.267,0.1,0.1,4.9,0.0,0.0,0.0,0.0,0.0,1240284,4046068,
141.7,1790952680.367,0.0,0.0,3.5,0.0,0.0,0.0,0.0,0.0,1240284,4046020,
141.8,1790952680.467,0.0,0.0,2.7,0.0,0.6,0.6,0.0,0.0,1240952,4045908,
141.9,1790952680.567,1.6,1.6,3.8,0.0,0.5,0.4,0.0,0.0,1239664,4043732,
142.0,1790952680.667,0.1,0.1,2.7,0.0,0.0,0.0,0.0,0.0,1239664,4043616,
142.1,1790952680.767,0.0,0.0,3.2,0.0,0.0,0.0,0.0,0.0,1239664,4043600,
142.2,1790952680.867,0.0,0.0,2.0,0.0,0.0,0.0,0.0,0.0,1238068,4043592,
142.3,1790952680.967,0.0,0.0,3.1,0.0,0.0,0.0,0.0,0.0,1238068,4043592,
142.4,1790952681.067,0.0,0.0,2.8,0.0,0.0,0.0,0.0,0.0,1238068,4043532,
142.5,1790952681.167,0.0,0.0,2.8,0.0,0.0,0.0,0.0,0.0,1238068,4043532,
142.6,1790952681.267,0.1,0.1,3.0,0.0,0.0,0.0,0.0,0.0,1238068,4043456,
142.7,1790952681.367,0.0,0.0,2.9,0.0,0.0,0.0,0.0,0.0,1238068,4043456,
142.8,1790952681.467,0.0,0.0,3.9,0.0,0.0,0.0,0.0,0.0,1237588,4043328,
142.9,1790952681.567,0.1,0.1,2.5,0.0,0.0,0.0,0.0,0.0,1237564,4043092,
143.0,1790952681.667,0.0,0.0,4.1,0.0,0.0,0.0,0.0,0.0,1237564,4043092,
143.1,1790952681.767,0.0,0.0,2.2,0.0,0.0,0.0,0.0,0.0,1237480,4043092,
143.2,1790952681.867,0.0,0.0,4.6,0.0,0.0,0.0,0.0,0.0,1237480,4043092,
143.3,1790952681.967,0.0,0.0,1.1,0.0,0.0,0.0,0.0,0.0,1237480,4043092,
143.4,1790952682.067,0.0,0.0,2.6,0.0,0.0,0.0,0.0,0.0,1237480,4043092,
143.5,1790952682.167,0.0,0.0,2.9,0.0,0.0,0.0,0.0,0.0,1237480,4043092,
143.6,1790952682.267,0.0,0.0,4.5,0.0,0.0,0.0,0.0,0.0,1237480,4043092,
143.7,1790952682.367,0.0,0.0,3.0,0.0,0.0,0.0,0.0,0.0,1237480,4043092,
143.8,1790952682.467,0.0,0.0,3.2,0.0,0.0,0.0,0.0,0.0,1237480,4043092,
143.9,1790952682.567,0.0,0.0,2.7,0.0,0.0,0.0,0.0,0.0,1237480,4043092,
144.0,1790952682.667,0.0,0.0,2.3,0.0,0.0,0.0,0.0,0.0,1237480,4043092,
144.1,1790952682.767,0.0,0.0,3.0,0.0,0.0,0.0,0.0,0.0,1237480,4043092,
144.2,1790952682.867,0.0,0.0,2.0,0.0,0.0,0.0,0.0,0.0,1237480,4043092,
144.3,1790952682.967,0.0,0.0,2.8,0.0,0.0,0.0,0.0,0.0,1237480,4043092,
144.4,1790952683.067,0.0,0.0,1.5,0.0,0.0,0.0,0.0,0.0,1237480,4043092,
144.5,1790952683.167,0.0,0.0,4.2,0.0,0.0,0.0,0.0,0.0,1237480,4043092,
144.6,1790952683.267,0.0,0.0,3.3,0.0,0.0,0.0,0.0,0.0,1237480,4043092,
144.7,1790952683.367,0.0,0.0,4.9,0.0,0.0,0.0,0.0,0.0,1237480,4043092,
144.8,1790952683.467,0.0,0.0,3.1,0.0,0.0,0.0,0.0,0.0,1237480,4043092,
144.9,1790952683.567,0.0,0.0,5.7,0.0,0.0,0.0,0.0,0.0,1237252,4043092,
145.0,1790952683.667,0.3,0.3,4.3,0.0,0.0,0.0,0.0,0.0,1237252,4042296,
145.1,1790952683.767,0.0,0.0,2.7,0.0,0.0,0.0,0.0,0.0,1237372,4042296,
145.2,1790952683.867,0.0,0.0,4.3,0.0,0.0,0.0,0.0,0.0,1237372,4042296,
145.3,1790952683.967,0.0,0.0,2.6,0.0,0.0,0.0,0.0,0.0,1237372,4042296,
145.4,1790952684.067,0.0,0.0,2.6,0.0,0.0,0.0,0.0,0.0,1237372,4042296,
145.5,1790952684.167,0.0,0.0,4.2,0.0,0.0,0.0,0.0,0.0,1237372,4042296,
145.6,1790952684.267,0.0,0.0,7.3,0.0,0.0,0.0,0.0,0.0,1237376,4042296,
145.7,1790952684.367,0.0,0.0,4.4,0.0,0.0,0.0,0.0,0.0,1237376,4042296,
145.8,1790952684.467,0.0,0.0,6.0,0.0,0.0,0.0,0.0,0.0,1237376,4042296,
145.9,1790952684.567,0.0,0.0,4.7,0.0,0.0,0.0,0.0,0.0,1237376,4042296,
146.0,1790952684.667,0.0,0.0,4.2,0.0,0.0,0.0,0.0,0.0,1237376,4042296,
146.1,1790952684.767,0.0,0.0,4.0,0.0,0.0,0.0,0.0,0.0,1237376,4042296,
146.2,1790952684.867,0.0,0.0,2.8,0.0,0.0,0.0,0.0,0.0,1237376,4042296,
146.3,1790952684.967,0.0,0.0,3.3,0.0,0.0,0.0,0.0,0.0,1237376,4042296,
146.4,1790952685.067,0.0,0.0,3.0,0.0,0.0,0.0,0.0,0.0,1237376,4042292,
146.5,1790952685.167,0.0,0.0,3.1,0.0,0.0,0.0,0.0,0.0,1237376,4042292,
146.6,1790952685.267,0.0,0.0,3.9,0.0,0.0,0.0,0.0,0.0,1237376,4042292,
146.7,1790952685.367,0.0,0.0,5.0,0.0,0.0,0.0,0.0,0.0,1237376,4042292,
146.8,1790952685.467,0.0,0.0,4.2,0.0,0.0,0.0,0.0,0.0,1237376,4042292,
146.9,1790952685.567,0.0,0.0,4.6,0.0,0.0,0.0,0.0,0.0,1233028,4042292,
147.0,1790952685.667,0.0,0.0,3.5,0.0,0.0,0.0,0.0,0.0,1233028,4042292,
147.1,1790952685.767,0.0,0.0,4.9,0.0,0.0,0.0,0.0,0.0,1233028,4042292,
147.2,1790952685.867,0.0,0.0,5.1,0.0,0.0,0.0,0.0,0.0,1233028,4042292,
147.3,1790952685.967,0.0,0.0,2.3,0.0,0.0,0.0,0.0,0.0,1233028,4042292,
147.4,1790952686.067,0.0,0.0,2.8,0.0,0.0,0.0,0.0,0.0,1233028,4042292,
147.5,1790952686.167,0.0,0.0,2.6,0.0,0.0,0.0,0.0,0.0,1232776,4042292,
147.6,1790952686.267,0.0,0.0,5.0,0.0,0.0,0.0,0.0,0.0,1232776,4042292,
147.7,1790952686.367,0.0,0.0,2.4,0.0,0.0,0.0,0.0,0.0,1232776,4042292,
147.8,1790952686.467,0.0,0.0,5.0,0.0,0.0,0.0,0.0,0.0,1232776,4042292,
147.9,1790952686.567,0.0,0.0,3.5,0.0,0.0,0.0,0.0,0.0,1232776,4042292,
148.0,1790952686.667,0.0,0.0,5.7,0.0,0.0,0.0,0.0,0.0,1232776,4042292,
148.1,1790952686.767,0.0,0.0,4.2,0.0,0.0,0.0,0.0,0.0,1232776,4042292,
148.2,1790952686.867,0.0,0.0,4.0,0.0,0.0,0.0,0.0,0.0,1232776,4042292,
148.3,1790952686.967,0.0,0.0,4.9,0.0,0.0,0.0,0.0,0.0,1232552,4042292,
148.4,1790952687.067,0.0,0.0,4.0,0.0,0.0,0.0,0.0,0.0,1232552,4042288,
148.5,1790952687.167,0.0,0.0,6.1,0.0,0.0,0.0,0.0,0.0,1230956,4042288,
148.6,1790952687.267,0.1,0.1,3.2,0.0,0.0,0.0,0.0,0.0,1228772,4042256,
148.7,1790952687.367,0.0,0.0,3.6,0.0,0.0,0.0,0.0,0.0,1228772,4042256,
148.8,1790952687.467,0.0,0.0,2.1,0.0,0.0,0.0,0.0,0.0,1228772,4042256,
148.9,1790952687.567,0.0,0.0,4.6,0.0,0.0,0.0,0.0,0.0,1224676,4042256,
149.0,1790952687.667,0.0,0.0,2.9,0.0,0.0,0.0,0.0,0.0,1224676,4042256,
149.1,1790952687.767,0.0,0.0,5.7,0.0,0.0,0.0,0.0,0.0,1224676,4042256,
149.2,1790952687.867,0.0,0.0,3.2,0.0,0.0,0.0,0.0,0.0,1224676,4042256,
149.3,1790952687.967,0.0,0.0,4.7,0.0,0.0,0.0,0.0,0.0,1224676,4042256,
149.4,1790952688.067,0.0,0.0,3.5,0.0,0.0,0.0,0.0,0.0,1224676,4042256,
149.5,1790952688.167,0.0,0.0,3.3,0.0,0.0,0.0,0.0,0.0,1224676,4042256,
149.6,1790952688.267,0.0,0.0,6.5,0.0,0.0,0.0,0.0,0.0,1224676,4042256,
149.7,1790952688.367,0.0,0.0,4.0,0.0,0.0,0.0,0.0,0.0,1224676,4042256,
149.8,1790952688.467,0.0,0.0,4.9,0.0,0.0,0.0,0.0,0.0,1224676,4042256,
149.9,1790952688.567,0.0,0.0,3.4,0.0,0.0,0.0,0.0,0.0,1224676,4042256,
150.0,1790952688.667,0.2,0.2,6.1,0.0,0.0,0.0,0.0,0.0,1224676,4041984,
150.1,1790952688.767,0.0,0.0,4.3,0.0,0.0,0.0,0.0,0.0,1224676,4041984,
150.2,1790952688.867,0.0,0.0,6.3,0.0,0.0,0.0,0.0,0.0,1224676,4041984,
150.3,1790952688.967,0.0,0.0,3.5,0.0,0.0,0.0,0.0,0.0,1224676,4041984,
150.4,1790952689.067,0.0,0.0,5.0,0.0,0.0,0.0,0.0,0.0,1224676,4041976,
150.5,1790952689.167,0.0,0.0,4.9,0.0,0.0,0.0,0.0,0.0,1224676,4041976,
150.6,1790952689.267,0.0,0.0,3.9,0.0,0.0,0.0,0.0,0.0,1224676,4041976,
150.7,1790952689.367,0.0,0.0,3.2,0.0,0.0,0.0,0.0,0.0,1224676,4041976,
150.8,1790952689.467,0.0,0.0,2.7,0.0,0.0,0.0,0.0,0.0,1224676,4041976,
150.9,1790952689.567,0.0,0.0,7.5,0.0,0.0,0.0,0.0,0.0,1224676,4041976,
151.0,1790952689.667,0.0,0.0,2.0,0.0,0.0,0.0,0.0,0.0,1224676,4041976,
151.1,1790952689.767,0.0,0.0,4.8,0.0,0.0,0.0,0.0,0.0,1224680,4041976,
151.2,1790952689.867,0.0,0.0,5.9,0.0,0.0,0.0,0.0,0.0,1224680,4041976,
151.3,1790952689.967,0.0,0.0,6.2,0.0,0.0,0.0,0.0,0.0,1224680,4041976,
151.4,1790952690.067,0.0,0.0,4.0,0.0,0.0,0.0,0.0,0.0,1224680,4041976,
151.5,1790952690.167,0.0,0.0,4.6,0.0,0.0,0.0,0.0,0.0,1224680,4041976,
151.6,1790952690.267,0.0,0.0,3.9,0.0,0.0,0.0,0.0,0.0,1224680,4041976,
151.7,1790952690.367,0.0,0.0,2.0,0.0,0.0,0.0,0.0,0.0,1224680,4041976,
151.8,1790952690.467,0.0,0.0,2.7,0.0,0.0,0.0,0.0,0.0,1224680,4041880,
151.9,1790952690.567,0.0,0.0,2.9,0.0,0.0,0.0,0.0,0.0,1224680,4041880,
152.0,1790952690.667,0.0,0.0,3.7,0.0,0.0,0.0,0.0,0.0,1224680,4041880,
152.1,1790952690.767,0.0,0.0,1.5,0.0,0.0,0.0,0.0,0.0,1224456,4041880,
152.2,1790952690.867,0.0,0.0,3.6,0.0,0.0,0.0,0.0,0.0,1224456,4041880,
152.3,1790952690.967,0.0,0.0,3.4,0.0,0.0,0.0,0.0,0.0,1224456,4041880,
152.4,1790952691.067,0.0,0.0,3.5,0.0,0.0,0.0,0.0,0.0,1224456,4041880,
152.5,1790952691.167,0.0,0.0,3.8,0.0,0.0,0.0,0.0,0.0,1224456,4041880,
152.6,1790952691.267,0.0,0.0,2.5,0.0,0.0,0.0,0.0,0.0,1224456,4041880,
152.7,1790952691.367,0.0,0.0,4.5,0.0,0.0,0.0,0.0,0.0,1224456,4041876,
152.8,1790952691.467,0.0,0.0,2.4,0.0,0.0,0.0,0.0,0.0,1224456,4041876,
152.9,1790952691.567,0.0,0.0,3.7,0.0,0.0,0.0,0.0,0.0,1224456,4041876,
153.0,1790952691.667,0.0,0.0,3.1,0.0,0.0,0.0,0.0,0.0,1224456,4041876,
153.1,1790952691.767,0.0,0.0,6.3,0.0,0.0,0.0,0.0,0.0,1224456,4041876,
153.2,1790952691.867,0.0,0.0,3.9,0.0,0.0,0.0,0.0,0.0,1224456,4041868,
153.3,1790952691.967,0.0,0.0,5.2,0.0,0.0,0.0,0.0,0.0,1224456,4041824,
153.4,1790952692.067,0.0,0.0,3.8,0.0,0.0,0.0,0.0,0.0,1224456,4041824,
153.5,1790952692.167,0.0,0.0,2.3,0.0,0.0,0.0,0.0,0.0,1224456,4041824,
153.6,1790952692.267,0.0,0.0,3.0,0.0,0.0,0.0,0.0,0.0,1224456,4041824,
153.7,1790952692.367,0.0,0.0,2.0,0.0,0.0,0.0,0.0,0.0,1224456,4041824,
153.8,1790952692.467,0.0,0.0,2.8,0.0,0.0,0.0,0.0,0.0,1224228,4041824,
153.9,1790952692.567,0.0,0.0,2.8,0.0,0.0,0.0,0.0,0.0,1224228,4041824,
154.0,1790952692.667,0.0,0.0,4.4,0.0,0.0,0.0,0.0,0.0,1224228,4041824,
154.1,1790952692.767,0.0,0.0,3.3,0.0,0.0,0.0,0.0,0.0,1224204,4041824,
154.2,1790952692.867,0.0,0.0,5.9,0.0,0.0,0.0,0.0,0.0,1224204,4041824,
154.3,1790952692.967,0.0,0.0,5.2,0.0,0.0,0.0,0.0,0.0,1224204,4041824,
154.4,1790952693.067,0.0,0.0,1.6,0.0,0.0,0.0,0.0,0.0,1224204,4041824,
154.5,1790952693.167,0.0,0.0,4.5,0.0,0.0,0.0,0.0,0.0,1224204,4041824,
154.6,1790952693.267,0.0,0.0,2.2,0.0,0.2,0.2,0.0,0.0,1224264,4041824,
154.7,1790952693.367,0.0,0.0,2.9,0.0,0.0,0.0,0.0,0.0,1224264,4041824,
154.8,1790952693.467,0.0,0.0,1.8,0.0,0.0,0.0,0.0,0.0,1224264,4041824,
154.9,1790952693.567,0.0,0.0,7.4,0.0,0.0,0.0,0.0,0.0,1224264,4041824,
155.0,1790952693.667,0.0,0.0,3.6,0.0,0.0,0.0,0.0,0.0,1224264,4041824,
155.1,1790952693.767,0.0,0.0,5.3,0.0,0.0,0.0,0.0,0.0,1224264,4041824,
155.2,1790952693.867,0.0,0.0,6.3,0.0,0.0,0.0,0.0,0.0,1224264,4041824,
155.3,1790952693.967,0.0,0.0,2.2,0.0,0.0,0.0,0.0,0.0,1224264,4041824,
155.4,1790952694.067,0.0,0.0,5.5,0.0,0.0,0.0,0.0,0.0,1224264,4041824,
155.5,1790952694.167,0.0,0.0,2.8,0.0,0.0,0.0,0.0,0.0,1224264,4041824,
155.6,1790952694.267,0.0,0.0,5.2,0.0,0.0,0.0,0.0,0.0,1224264,4041824,
155.7,1790952694.367,0.0,0.0,4.7,0.0,0.0,0.0,0.0,0.0,1224264,4041820,
155.8,1790952694.467,0.0,0.0,6.6,0.0,0.0,0.0,0.0,0.0,1224264,4041820,
155.9,1790952694.567,0.0,0.0,2.7,0.0,0.0,0.0,0.0,0.0,1224264,4041820,
156.0,1790952694.667,0.0,0.0,2.9,0.0,0.0,0.0,0.0,0.0,1224264,4041820,
156.1,1790952694.767,0.0,0.0,5.5,0.0,0.1,0.0,0.0,0.0,1224264,4041820,
156.2,1790952694.867,0.0,0.0,4.0,0.0,0.0,0.0,0.0,0.0,1224328,4041820,
156.3,1790952694.967,0.0,0.0,4.5,0.0,0.0,0.0,0.0,0.0,1224328,4041820,
156.4,1790952695.067,0.0,0.0,2.8,0.0,0.0,0.0,0.0,0.0,1224328,4041812,
156.5,1790952695.167,0.0,0.0,5.4,0.0,0.0,0.0,0.0,0.0,1224328,4041812,
156.6,1790952695.267,0.0,0.0,3.2,0.0,0.0,0.0,0.0,0.0,1224328,4041812,
156.7,1790952695.367,0.0,0.0,7.5,0.0,0.0,0.0,0.0,0.0,1224328,4041812,
156.8,1790952695.467,0.0,0.0,5.0,0.0,0.0,0.0,0.0,0.0,1224328,4041812,
156.9,1790952695.567,0.0,0.0,3.5,0.0,0.0,0.0,0.0,0.0,1224328,4041812,
157.0,1790952695.667,0.0,0.0,5.8,0.0,0.0,0.0,0.0,0.0,1224328,4041812,
157.1,1790952695.767,0.0,0.0,2.6,0.0,0.0,0.0,0.0,0.0,1224104,4041812,
157.2,1790952695.867,0.0,0.0,7.5,0.0,0.0,0.0,0.0,0.0,1224104,4041812,
157.3,1790952695.967,0.0,0.0,4.1,0.0,0.0,0.0,0.0,0.0,1224104,4041812,
157.4,1790952696.067,0.0,0.0,3.4,0.0,0.0,0.0,0.0,0.0,1224104,4041812,
157.5,1790952696.167,0.0,0.0,4.2,0.0,0.0,0.0,0.0,0.0,1224104,4041808,
157.6,1790952696.267,0.0,0.0,2.8,0.0,0.0,0.0,0.0,0.0,1224104,4041808,
157.7,1790952696.367,0.0,0.0,4.7,0.0,0.1,0.0,0.0,0.0,1224104,4041808,
157.8,1790952696.467,0.0,0.0,1.6,0.0,0.0,0.0,0.0,0.0,1224104,4041808,
157.9,1790952696.567,0.0,0.0,3.9,0.0,0.0,0.0,0.0,0.0,1224104,4041808,
158.0,1790952696.667,0.0,0.0,3.8,0.0,0.0,0.0,0.0,0.0,1224104,4041808,
158.1,1790952696.767,0.0,0.0,4.9,0.0,0.0,0.0,0.0,0.0,1224108,4041808,
158.2,1790952696.867,0.0,0.0,5.9,0.0,0.0,0.0,0.0,0.0,1224108,4041808,
158.3,1790952696.967,0.0,0.0,3.6,0.0,0.0,0.0,0.0,0.0,1224108,4041808,
158.4,1790952697.067,0.0,0.0,3.9,0.0,0.0,0.0,0.0,0.0,1224108,4041808,
158.5,1790952697.167,0.0,0.0,3.2,0.0,0.0,0.0,0.0,0.0,1224108,4041808,
158.6,1790952697.267,0.0,0.0,3.5,0.0,0.0,0.0,0.0,0.0,1224108,4041808,
158.7,1790952697.367,0.0,0.0,3.1,0.0,0.0,0.0,0.0,0.0,1224108,4041808,
158.8,1790952697.467,0.0,0.0,8.2,0.0,0.0,0.0,0.0,0.0,1224108,4041808,
158.9,1790952697.567,0.0,0.0,2.5,0.0,0.0,0.0,0.0,0.0,1224108,4041808,
159.0,1790952697.667,0.0,0.0,4.5,0.0,0.0,0.0,0.0,0.0,1224108,4041808,
159.1,1790952697.767,0.0,0.0,3.7,0.0,0.0,0.0,0.0,0.0,1224108,4041808,
159.2,1790952697.867,0.0,0.0,2.1,0.0,0.0,0.0,0.0,0.0,1224108,4041808,
159.3,1790952697.967,0.0,0.0,3.7,0.0,0.0,0.0,0.0,0.0,1224108,4041808,
159.4,1790952698.067,0.0,0.0,1.6,0.0,0.0,0.0,0.0,0.0,1224108,4041800,
159.5,1790952698.167,0.0,0.0,4.9,0.0,0.0,0.0,0.0,0.0,1224108,4041800,
159.6,1790952698.267,0.0,0.0,4.5,0.0,0.0,0.0,0.0,0.0,1224108,4041800,
159.7,1790952698.367,0.0,0.0,6.7,0.0,0.0,0.0,0.0,0.0,1224108,4041800,
159.8,1790952698.467,0.0,0.0,2.9,0.0,0.0,0.0,0.0,0.0,1224108,4041800,
159.9,1790952698.567,0.0,0.0,4.3,0.0,0.0,0.0,0.0,0.0,1224108,4041800,
160.0,1790952698.667,0.0,0.0,4.8,0.0,0.0,0.0,0.0,0.0,1224108,4041800,
160.1,1790952698.767,0.0,0.0,3.5,0.0,0.0,0.0,0.0,0.0,1224108,4041800,
160.2,1790952698.867,0.0,0.0,6.5,0.0,0.0,0.0,0.0,0.0,1224108,4041800,
160.3,1790952698.967,0.0,0.0,4.0,0.0,0.0,0.0,0.0,0.0,1224108,4041800,
160.4,1790952699.067,0.0,0.0,3.0,0.0,0.0,0.0,0.0,0.0,1224108,4041800,
160.5,1790952699.167,0.0,0.0,2.4,0.0,0.0,0.0,0.0,0.0,1224108,4041800,
160.6,1790952699.267,0.0,0.0,4.7,0.0,0.0,0.0,0.0,0.0,1224108,4041800,
160.7,1790952699.367,0.0,0.0,3.9,0.0,0.0,0.0,0.0,0.0,1224108,4041800,
160.8,1790952699.467,0.0,0.0,3.7,0.0,0.0,0.0,0.0,0.0,1224108,4041800,
160.9,1790952699.567,0.1,0.1,4.8,0.0,0.0,0.0,0.0,0.0,1223856,4041708,
161.0,1790952699.667,0.0,0.0,2.0,0.0,0.0,0.0,0.0,0.0,1223628,4041708,
161.1,1790952699.767,0.0,0.0,4.6,0.0,0.0,0.0,0.0,0.0,1223380,4041708,
161.2,1790952699.867,0.0,0.0,2.5,0.0,0.0,0.0,0.0,0.0,1223380,4041708,
161.3,1790952699.967,0.0,0.0,4.7,0.0,0.0,0.0,0.0,0.0,1223380,4041708,
161.4,1790952700.067,0.0,0.0,3.9,0.0,0.0,0.0,0.0,0.0,1223380,4041708,
161.5,1790952700.167,0.0,0.0,4.4,0.0,0.0,0.0,0.0,0.0,1223380,4041708,
161.6,1790952700.267,0.1,0.1,8.7,0.0,0.3,0.3,0.0,0.0,1221556,4041672,
161.7,1790952700.367,0.0,0.0,3.4,0.0,0.8,0.8,0.0,0.0,1212644,4041668,
161.8,1790952700.467,0.1,0.1,4.8,0.0,0.0,0.0,0.0,0.0,1202812,4041180,
161.9,1790952700.567,0.0,0.0,1.2,0.0,0.0,0.0,0.0,0.0,1202620,4041180,
162.0,1790952700.667,0.0,0.0,3.7,0.0,0.0,0.0,0.0,0.0,1202620,4041180,
162.1,1790952700.767,0.0,0.0,3.9,0.0,0.0,0.0,0.0,0.0,1202420,4041180,
162.2,1790952700.867,0.0,0.0,5.3,0.0,0.0,0.0,0.0,0.0,1202420,4041180,
162.3,1790952700.967,0.0,0.0,6.7,0.0,0.0,0.0,0.0,0.0,1202420,4041176,
162.4,1790952701.067,0.0,0.0,2.8,0.0,0.0,0.0,0.0,0.0,1202420,4041168,
162.5,1790952701.167,0.0,0.0,3.6,0.0,0.0,0.0,0.0,0.0,1202420,4041168,
162.6,1790952701.267,0.0,0.0,5.0,0.0,0.0,0.0,0.0,0.0,1202420,4041168,
162.7,1790952701.367,0.0,0.0,6.0,0.0,0.0,0.0,0.0,0.0,1202420,4041168,
162.8,1790952701.467,0.0,0.0,3.7,0.0,0.0,0.0,0.0,0.0,1202420,4041168,
162.9,1790952701.567,0.0,0.0,3.5,0.0,0.0,0.0,0.0,0.0,1202420,4041168,
163.0,1790952701.667,0.0,0.0,5.1,0.0,0.0,0.0,0.0,0.0,1202420,4041168,
163.1,1790952701.767,0.0,0.0,3.0,0.0,0.0,0.0,0.0,0.0,1202424,4041168,
163.2,1790952701.867,0.0,0.0,4.5,0.0,0.0,0.0,0.0,0.0,1202424,4041168,
163.3,1790952701.967,0.0,0.0,3.0,0.0,0.0,0.0,0.0,0.0,1201952,4041168,
163.4,1790952702.067,0.0,0.0,4.2,0.0,0.0,0.0,0.0,0.0,1201952,4041168,
163.5,1790952702.167,0.0,0.0,3.4,0.0,0.0,0.0,0.0,0.0,1201952,4041168,
163.6,1790952702.267,0.0,0.0,2.9,0.0,0.0,0.0,0.0,0.0,1201952,4041168,
163.7,1790952702.367,0.0,0.0,5.4,0.0,0.0,0.0,0.0,0.0,1201952,4041168,
163.8,1790952702.467,0.0,0.0,2.9,0.0,0.0,0.0,0.0,0.0,1201952,4041168,
163.9,1790952702.567,0.0,0.0,5.2,0.0,0.0,0.0,0.0,0.0,1201952,4041168,
164.0,1790952702.667,0.0,0.0,2.5,0.0,0.0,0.0,0.0,0.0,1201952,4041168,
164.1,1790952702.767,0.0,0.0,4.8,0.0,0.0,0.0,0.0,0.0,1201952,4041168,
164.2,1790952702.867,0.0,0.0,3.9,0.0,0.0,0.0,0.0,0.0,1201952,4041168,
164.3,1790952702.967,0.0,0.0,3.2,0.0,0.0,0.0,0.0,0.0,1201952,4041168,
164.4,1790952703.067,0.0,0.0,3.2,0.0,0.0,0.0,0.0,0.0,1201952,4041168,
164.5,1790952703.167,0.0,0.0,2.2,0.0,0.0,0.0,0.0,0.0,1201952,4041168,
164.6,1790952703.267,0.0,0.0,3.1,0.0,0.0,0.0,0.0,0.0,1201952,4041168,
164.7,1790952703.367,0.0,0.0,2.2,0.0,0.0,0.0,0.0,0.0,1201952,4041168,
164.8,1790952703.467,0.0,0.0,8.5,0.0,0.0,0.0,0.0,0.0,1205016,4041168,
164.9,1790952703.567,0.0,0.0,3.3,0.0,0.0,0.0,0.0,0.0,1205016,4041168,
165.0,1790952703.667,0.0,0.0,4.2,0.0,0.0,0.0,0.0,0.0,1205016,4041168,
165.1,1790952703.767,0.0,0.0,6.0,0.0,0.0,0.0,0.0,0.0,1204764,4041168,
165.2,1790952703.867,0.0,0.0,3.8,0.0,0.2,0.2,0.0,0.0,1204852,4041144,
165.3,1790952703.967,0.0,0.0,3.5,0.0,0.0,0.0,0.0,0.0,1204852,4041112,
165.4,1790952704.067,0.0,0.0,1.9,0.0,0.0,0.0,0.0,0.0,1204852,4041096,
165.5,1790952704.167,0.0,0.0,2.5,0.0,0.0,0.0,0.0,0.0,1204852,4041096,
165.6,1790952704.267,0.0,0.0,2.5,0.0,0.0,0.0,0.0,0.0,1204852,4041096,
165.7,1790952704.367,0.0,0.0,4.5,0.0,0.0,0.0,0.0,0.0,1204852,4041096,
165.8,1790952704.467,0.0,0.0,3.2,0.0,0.0,0.0,0.0,0.0,1204852,4041096,
165.9,1790952704.567,0.0,0.0,3.5,0.0,0.0,0.0,0.0,0.0,1204852,4041096,
166.0,1790952704.667,0.0,0.0,3.3,0.0,0.0,0.0,0.0,0.0,1204852,4041096,
166.1,1790952704.767,0.0,0.0,6.1,0.0,0.0,0.0,0.0,0.0,1204852,4041096,
166.2,1790952704.867,0.0,0.0,4.3,0.0,0.0,0.0,0.0,0.0,1204852,4041096,
166.3,1790952704.967,0.0,0.0,2.0,0.0,0.0,0.0,0.0,0.0,1204852,4041096,
166.4,1790952705.067,0.0,0.0,2.3,0.0,0.0,0.0,0.0,0.0,1204852,4041096,
166.5,1790952705.167,0.0,0.0,2.8,0.0,0.0,0.0,0.0,0.0,1204852,4041096,
166.6,1790952705.267,0.0,0.0,2.3,0.0,0.0,0.0,0.0,0.0,1204852,4041096,
166.7,1790952705.367,0.0,0.0,2.3,0.0,0.0,0.0,0.0,0.0,1204852,4041096,
166.8,1790952705.467,0.0,0.0,2.5,0.0,0.0,0.0,0.0,0.0,1204852,4041096,
166.9,1790952705.567,0.0,0.0,2.8,0.0,0.0,0.0,0.0,0.0,1204852,4041096,
167.0,1790952705.667,0.0,0.0,1.7,0.0,0.0,0.0,0.0,0.0,1204852,4041096,
167.1,1790952705.767,0.0,0.0,3.9,0.0,0.0,0.0,0.0,0.0,1204892,4041096,
167.2,1790952705.869,0.0,0.0,6.0,0.0,0.0,0.0,0.0,0.0,1204892,4041096,
167.3,1790952705.967,0.0,0.0,5.0,0.0,0.0,0.0,0.0,0.0,1204892,4041088,
167.4,1790952706.067,0.0,0.0,4.6,0.0,0.0,0.0,0.0,0.0,1204892,4041088,
167.5,1790952706.167,0.0,0.0,3.2,0.0,0.0,0.0,0.0,0.0,1204892,4041088,
167.6,1790952706.267,0.0,0.0,3.8,0.0,0.0,0.0,0.0,0.0,1204892,4041088,
167.7,1790952706.367,0.0,0.0,1.6,0.0,0.0,0.0,0.0,0.0,1204892,4041088,
167.8,1790952706.467,0.0,0.0,6.8,0.0,0.0,0.0,0.0,0.0,1204892,4041088,
167.9,1790952706.567,0.0,0.0,2.9,0.0,0.0,0.0,0.0,0.0,1204892,4041088,
168.0,1790952706.667,0.0,0.0,5.6,0.0,0.0,0.0,0.0,0.0,1204892,4041088,
168.1,1790952706.767,0.0,0.0,3.9,0.0,0.0,0.0,0.0,0.0,1204896,4041088,
168.2,1790952706.867,0.0,0.0,5.4,0.0,0.0,0.0,0.0,0.0,1204896,4041088,
168.3,1790952706.967,0.0,0.0,5.8,0.0,0.0,0.0,0.0,0.0,1204896,4041088,
168.4,1790952707.067,0.0,0.0,5.7,0.0,0.0,0.0,0.0,0.0,1204896,4041084,
168.5,1790952707.167,0.0,0.0,4.7,0.0,0.0,0.0,0.0,0.0,1204896,4041084,
168.6,1790952707.267,0.0,0.0,2.8,0.0,0.0,0.0,0.0,0.0,1204896,4041084,
168.7,1790952707.367,0.0,0.0,4.0,0.0,0.0,0.0,0.0,0.0,1204896,4041084,
168.8,1790952707.467,0.0,0.0,3.9,0.0,0.0,0.0,0.0,0.0,1204896,4041084,
168.9,1790952707.567,0.0,0.0,3.4,0.0,0.0,0.0,0.0,0.0,1204896,4041084,
169.0,1790952707.667,0.0,0.0,3.6,0.0,0.0,0.0,0.0,0.0,1204896,4041084,
169.1,1790952707.767,0.0,0.0,2.5,0.0,0.0,0.0,0.0,0.0,1204896,4041084,
169.2,1790952707.867,0.0,0.0,3.6,0.0,0.0,0.0,0.0,0.0,1204900,4041084,
169.3,1790952707.967,0.0,0.0,5.5,0.0,2.4,1.9,0.0,0.0,1204692,4041084,
169.4,1790952708.067,0.0,0.0,4.9,0.0,0.9,0.7,0.0,0.0,1204760,4041084,
169.5,1790952708.167,0.0,0.0,2.5,0.0,0.0,0.0,0.0,0.0,1204760,4041084,
169.6,1790952708.267,0.0,0.0,3.8,0.0,0.0,0.0,0.0,0.0,1204760,4041084,
169.7,1790952708.367,0.0,0.0,5.9,0.0,0.0,0.0,0.0,0.0,1204760,4041084,
169.8,1790952708.467,0.0,0.0,4.0,0.0,0.0,0.0,0.0,0.0,1204760,4041084,
169.9,1790952708.567,0.0,0.0,5.7,0.0,0.0,0.0,0.0,0.0,1204760,4041084,
170.0,1790952708.667,0.0,0.0,6.3,0.0,0.0,0.0,0.0,0.0,1204760,4041084,
170.1,1790952708.767,0.0,0.0,4.1,0.0,0.0,0.0,0.0,0.0,1204760,4041084,
170.2,1790952708.867,0.0,0.0,5.6,0.0,0.0,0.0,0.0,0.0,1204760,4041084,
170.3,1790952708.967,0.0,0.0,2.8,0.0,0.0,0.0,0.0,0.0,1204760,4041084,
170.4,1790952709.067,0.0,0.0,6.9,0.0,0.0,0.0,0.0,0.0,1204760,4041084,
170.5,1790952709.167,0.0,0.0,3.2,0.0,0.0,0.0,0.0,0.0,1204760,4041084,
170.6,1790952709.267,0.0,0.0,5.4,0.0,0.0,0.0,0.0,0.0,1204760,4041084,
170.7,1790952709.369,0.0,0.0,3.3,0.0,0.0,0.0,0.0,0.0,1204760,4041084,
170.8,1790952709.467,0.0,0.0,3.9,0.0,0.0,0.0,0.0,0.0,1204760,4041084,
170.9,1790952709.567,0.0,0.0,3.6,0.0,0.0,0.0,0.0,0.0,1204760,4041084,
171.0,1790952709.667,0.0,0.0,4.0,0.0,0.0,0.0,0.0,0.0,1204760,4041084,
171.1,1790952709.767,0.0,0.0,4.1,0.0,0.0,0.0,0.0,0.0,1204856,4041084,
171.2,1790952709.867,0.0,0.0,2.1,0.0,0.0,0.0,0.0,0.0,1204856,4041084,
171.3,1790952709.967,0.0,0.0,5.5,0.0,0.0,0.0,0.0,0.0,1204856,4041084,
171.4,1790952710.067,0.0,0.0,4.5,0.0,0.0,0.0,0.0,0.0,1204856,4041076,
171.5,1790952710.167,0.0,0.0,2.4,0.0,0.0,0.0,0.0,0.0,1204856,4041076,
171.6,1790952710.267,0.0,0.0,5.8,0.0,0.0,0.0,0.0,0.0,1204856,4041076,
171.7,1790952710.367,0.0,0.0,4.5,0.0,0.0,0.0,0.0,0.0,1204856,4041076,
171.8,1790952710.467,0.1,0.1,4.8,0.0,0.0,0.0,0.0,0.0,1204604,4040736,
171.9,1790952710.567,0.0,0.0,3.4,0.0,0.0,0.0,0.0,0.0,1204604,4040708,
172.0,1790952710.667,0.0,0.0,3.6,0.0,0.0,0.0,0.0,0.0,1204604,4040708,
172.1,1790952710.767,0.0,0.0,2.9,0.0,0.0,0.0,0.0,0.0,1204604,4040708,
172.2,1790952710.867,0.0,0.0,4.0,0.0,0.0,0.0,0.0,0.0,1204604,4040708,
172.3,1790952710.967,0.0,0.0,4.9,0.0,0.0,0.0,0.0,0.0,1204604,4040708,
172.4,1790952711.067,0.0,0.0,2.2,0.0,0.0,0.0,0.0,0.0,1204604,4040688,
172.5,1790952711.167,0.0,0.0,4.7,0.0,0.0,0.0,0.0,0.0,1204604,4040688,
172.6,1790952711.267,0.0,0.0,2.8,0.0,0.0,0.0,0.0,0.0,1204604,4040688,
172.7,1790952711.367,0.0,0.0,5.4,0.0,0.0,0.0,0.0,0.0,1204604,4040688,
172.8,1790952711.467,0.0,0.0,7.3,0.0,0.0,0.0,0.0,0.0,1204604,4040688,
172.9,1790952711.567,0.0,0.0,3.7,0.0,0.0,0.0,0.0,0.0,1204604,4040688,
173.0,1790952711.667,0.0,0.0,5.9,0.0,0.0,0.0,0.0,0.0,1204604,4040688,
173.1,1790952711.767,0.0,0.0,3.3,0.0,0.0,0.0,0.0,0.0,1204668,4040688,
173.2,1790952711.867,0.0,0.0,6.2,0.0,0.0,0.0,0.0,0.0,1204668,4040688,
173.3,1790952711.967,0.0,0.0,2.9,0.0,0.0,0.0,0.0,0.0,1204668,4040688,
173.4,1790952712.067,0.0,0.0,5.1,0.0,0.0,0.0,0.0,0.0,1204668,4040688,
173.5,1790952712.167,0.0,0.0,4.8,0.0,0.0,0.0,0.0,0.0,1204668,4040688,
173.6,1790952712.267,0.0,0.0,5.5,0.0,0.0,0.0,0.0,0.0,1204668,4040688,
173.7,1790952712.367,0.0,0.0,4.1,0.0,0.0,0.0,0.0,0.0,1204668,4040688,
173.8,1790952712.467,0.0,0.0,3.9,0.0,0.2,0.2,0.0,0.0,1205076,4040688,
173.9,1790952712.567,0.0,0.0,6.1,0.0,0.6,0.4,0.0,0.0,1205076,4040688,
174.0,1790952712.667,0.0,0.0,2.3,0.0,0.0,0.0,0.0,0.0,1205076,4040688,
174.1,1790952712.767,0.0,0.0,8.1,0.0,0.0,0.0,0.0,0.0,1205076,4040688,
174.2,1790952712.867,0.0,0.0,3.4,0.0,0.0,0.0,0.0,0.0,1205076,4040688,
174.3,1790952712.967,0.0,0.0,3.2,0.0,0.0,0.0,0.0,0.0,1205076,4040688,
174.4,1790952713.067,0.0,0.0,6.1,0.0,0.0,0.0,0.0,0.0,1205076,4040684,
174.5,1790952713.167,0.0,0.0,2.5,0.0,0.0,0.0,0.0,0.0,1205076,4040684,
174.6,1790952713.267,0.0,0.0,4.7,0.0,0.0,0.0,0.0,0.0,1205076,4040684,
174.7,1790952713.367,0.0,0.0,2.4,0.0,0.0,0.0,0.0,0.0,1205076,4040684,
174.8,1790952713.467,0.0,0.0,5.6,0.0,0.0,0.0,0.0,0.0,1205076,4040684,
174.9,1790952713.567,0.0,0.0,5.7,0.0,0.0,0.0,0.0,0.0,1205076,4040684,
175.0,1790952713.667,0.0,0.0,2.4,0.0,0.0,0.0,0.0,0.0,1205188,4040684,
175.1,1790952713.767,0.0,0.0,5.5,0.0,0.0,0.0,0.0,0.0,1205188,4040684,
175.2,1790952713.867,0.0,0.0,1.9,0.0,0.0,0.0,0.0,0.0,1205188,4040684,
175.3,1790952713.967,0.0,0.0,6.0,0.0,0.0,0.0,0.0,0.0,1205872,4040684,
175.4,1790952714.067,0.0,0.0,2.6,0.0,0.0,0.0,0.0,0.0,1205872,4040680,
175.5,1790952714.167,0.0,0.0,5.5,0.0,0.0,0.0,0.0,0.0,1205872,4040680,
175.6,1790952714.267,0.0,0.0,3.9,0.0,0.0,0.0,0.0,0.0,1205872,4040680,
175.7,1790952714.367,0.0,0.0,4.3,0.0,0.0,0.0,0.0,0.0,1205872,4040680,
175.8,1790952714.467,0.0,0.0,5.1,0.0,0.0,0.0,0.0,0.0,1205872,4040680,
175.9,1790952714.567,0.0,0.0,2.1,0.0,0.0,0.0,0.0,0.0,1205872,4040680,
176.0,1790952714.667,0.0,0.0,3.1,0.0,0.0,0.0,0.0,0.0,1205872,4040680,
176.1,1790952714.767,0.0,0.0,3.2,0.0,0.0,0.0,0.0,0.0,1205984,4040680,
176.2,1790952714.867,0.0,0.0,3.2,0.0,0.0,0.0,0.0,0.0,1205984,4040680,
176.3,1790952714.967,0.0,0.0,1.9,0.0,0.0,0.0,0.0,0.0,1205984,4040680,
176.4,1790952715.067,0.0,0.0,4.2,0.0,0.0,0.0,0.0,0.0,1205984,4040680,
176.5,1790952715.167,0.0,0.0,4.3,0.0,0.0,0.0,0.0,0.0,1205984,4040680,
176.6,1790952715.267,0.0,0.0,2.5,0.0,0.0,0.0,0.0,0.0,1205984,4040680,
176.7,1790952715.367,0.0,0.0,5.6,0.0,0.0,0.0,0.0,0.0,1205984,4040680,
176.8,1790952715.467,0.0,0.0,3.3,0.0,0.0,0.0,0.0,0.0,1205984,4040680,
176.9,1790952715.567,0.0,0.0,2.8,0.0,0.0,0.0,0.0,0.0,1205984,4040680,
177.0,1790952715.667,0.0,0.0,2.3,0.0,0.0,0.0,0.0,0.0,1205984,4040680,
177.1,1790952715.767,0.0,0.0,4.8,0.0,0.0,0.0,0.0,0.0,1205984,4040680,
177.2,1790952715.867,0.0,0.0,4.3,0.0,0.0,0.0,0.0,0.0,1205984,4040680,
177.3,1790952715.967,0.0,0.0,5.7,0.0,0.0,0.0,0.0,0.0,1205984,4040680,
177.4,1790952716.067,0.0,0.0,5.7,0.0,0.0,0.0,0.0,0.0,1205984,4040680,
177.5,1790952716.167,0.0,0.0,3.8,0.0,0.0,0.0,0.0,0.0,1205984,4040680,
177.6,1790952716.267,0.0,0.0,4.5,0.0,0.0,0.0,0.0,0.0,1205984,4040680,
177.7,1790952716.367,0.0,0.0,5.3,0.0,0.0,0.0,0.0,0.0,1205984,4040680,
177.8,1790952716.467,0.0,0.0,1.8,0.0,0.0,0.0,0.0,0.0,1205984,4040680,
177.9,1790952716.567,0.0,0.0,6.7,0.0,0.0,0.0,0.0,0.0,1206212,4040680,
178.0,1790952716.667,0.0,0.0,2.7,0.0,0.0,0.0,0.0,0.0,1206212,4040680,
178.1,1790952716.767,0.0,0.0,3.6,0.0,0.0,0.0,0.0,0.0,1206236,4040680,
178.2,1790952716.867,0.0,0.0,5.9,0.0,0.0,0.0,0.0,0.0,1206236,4040676,
178.3,1790952716.967,0.0,0.0,3.8,0.0,0.0,0.0,0.0,0.0,1206428,4040676,
178.4,1790952717.067,0.0,0.0,3.6,0.0,0.0,0.0,0.0,0.0,1206428,4040668,
178.5,1790952717.167,0.0,0.0,2.5,0.0,0.0,0.0,0.0,0.0,1206428,4040668,
178.6,1790952717.267,0.0,0.0,5.9,0.0,0.0,0.0,0.0,0.0,1206428,4040668,
178.7,1790952717.367,0.0,0.0,6.0,0.0,0.0,0.0,0.0,0.0,1206428,4040668,
178.8,1790952717.467,0.0,0.0,7.9,0.0,0.0,0.0,0.0,0.0,1206428,4040668,
178.9,1790952717.567,0.0,0.0,4.4,0.0,0.0,0.0,0.0,0.0,1206428,4040668,
179.0,1790952717.667,0.0,0.0,3.2,0.0,0.0,0.0,0.0,0.0,1206428,4040668,
179.1,1790952717.767,0.0,0.0,4.4,0.0,0.0,0.0,0.0,0.0,1206428,4040668,
179.2,1790952717.867,0.0,0.0,3.8,0.0,0.0,0.0,0.0,0.0,1206428,4040668,
179.3,1790952717.967,0.0,0.0,5.1,0.0,0.0,0.0,0.0,0.0,1206428,4040668,
179.4,1790952718.067,0.0,0.0,4.3,0.0,0.0,0.0,0.0,0.0,1206428,4040660,
179.5,1790952718.167,0.0,0.0,3.2,0.0,0.0,0.0,0.0,0.0,1206428,4040660,
179.6,1790952718.267,0.0,0.0,4.7,0.0,0.0,0.0,0.0,0.0,1206428,4040656,
179.7,1790952718.367,0.0,0.0,4.3,0.0,0.0,0.0,0.0,0.0,1206428,4040632,
179.8,1790952718.467,0.0,0.0,6.2,0.0,0.0,0.0,0.0,0.0,1206428,4040632,
179.9,1790952718.567,0.0,0.0,2.3,0.0,0.0,0.0,0.0,0.0,1206428,4040632,
180.0,1790952718.667,0.0,0.0,5.3,0.0,0.0,0.0,0.0,0.0,1206428,4040624,
180.1,1790952718.767,0.0,0.0,7.3,0.0,0.0,0.0,0.0,0.0,1206428,4040624,
180.2,1790952718.867,0.0,0.0,5.2,0.0,0.0,0.0,0.0,0.0,1206428,4040624,
180.3,1790952718.967,0.0,0.0,3.4,0.0,0.0,0.0,0.0,0.0,1206428,4040624,
180.4,1790952719.067,0.0,0.0,3.0,0.0,0.0,0.0,0.0,0.0,1206428,4040624,
180.5,1790952719.167,0.0,0.0,2.8,0.0,0.0,0.0,0.0,0.0,1206428,4040624,
180.6,1790952719.267,0.0,0.0,2.4,0.0,0.0,0.0,0.0,0.0,1206428,4040624,
180.7,1790952719.367,0.0,0.0,3.8,0.0,0.0,0.0,0.0,0.0,1206428,4040624,
180.8,1790952719.467,0.0,0.0,4.2,0.0,0.0,0.0,0.0,0.0,1206428,4040624,
180.9,1790952719.567,0.0,0.0,4.4,0.0,0.0,0.0,0.0,0.0,1206428,4040624,
181.0,1790952719.667,0.0,0.0,4.5,0.0,0.0,0.0,0.0,0.0,1206428,4040624,
181.1,1790952719.767,0.0,0.0,4.4,0.0,0.0,0.0,0.0,0.0,1206204,4040624,
181.2,1790952719.867,0.0,0.0,7.2,0.0,0.0,0.0,0.0,0.0,1206204,4040624,
181.3,1790952719.967,0.0,0.0,4.0,0.0,0.0,0.0,0.0,0.0,1206236,4040624,
181.4,1790952720.067,0.0,0.0,2.9,0.0,0.0,0.0,0.0,0.0,1206236,4040616,
181.5,1790952720.167,0.0,0.0,3.7,0.0,0.0,0.0,0.0,0.0,1206236,4040616,
181.6,1790952720.267,0.0,0.0,5.5,0.0,0.0,0.0,0.0,0.0,1206236,4040616,
181.7,1790952720.367,0.0,0.0,5.7,0.0,0.0,0.0,0.0,0.0,1206236,4040616,
181.8,1790952720.467,0.1,0.1,2.8,0.0,0.0,0.0,0.0,0.0,1206236,4040488,
181.9,1790952720.567,0.0,0.0,4.0,0.0,0.0,0.0,0.0,0.0,1206236,4040488,
182.0,1790952720.667,0.0,0.0,4.3,0.0,0.0,0.0,0.0,0.0,1206236,4040488,
182.1,1790952720.767,0.3,0.3,5.1,0.0,0.0,0.0,0.0,0.0,1206240,4040056,
182.2,1790952720.867,0.0,0.0,2.6,0.0,0.0,0.0,0.0,0.0,1206240,4040056,
182.3,1790952720.967,4.2,4.2,4.3,0.0,0.0,0.0,0.0,0.0,1201232,4025736,
182.4,1790952721.069,15.1,15.1,5.9,0.0,1.8,1.4,0.0,0.0,1187692,4012048,
182.5,1790952721.167,0.8,0.9,6.1,0.0,1.3,1.2,0.0,0.0,1187920,4001492,
182.6,1790952721.267,0.0,0.0,9.5,0.0,1.3,1.1,0.0,0.0,1880184,3529464,
182.7,1790952721.367,0.0,0.0,3.5,0.0,0.0,0.0,0.0,0.0,2691704,3302188,
182.8,1790952721.467,0.4,0.3,4.8,0.0,1.2,1.1,0.0,0.0,3027604,3227856,
182.9,1790952721.567,4.0,3.0,4.9,0.0,5.9,3.4,0.0,0.0,3477344,3222616,
183.0,1790952721.667,36.8,33.6,1.2,0.0,36.8,33.7,0.0,0.0,4499900,3222592,
183.1,1790952721.767,1.2,1.2,2.8,0.0,1.5,1.4,0.0,0.0,4855028,3184452,
183.2,1790952721.867,0.1,0.1,2.6,0.0,0.0,0.0,0.0,0.0,4858876,3184380,
183.3,1790952721.967,0.1,0.1,2.6,0.0,0.0,0.0,0.0,0.0,4856708,3184304,
183.4,1790952722.067,2.3,2.3,8.2,0.0,1.1,0.9,0.0,0.0,4891628,3097572,
183.5,1790952722.167,0.0,0.0,2.7,0.0,0.0,0.0,0.0,0.0,4894056,3097572,
183.6,1790952722.267,0.0,0.0,2.2,0.0,11.2,10.6,0.0,0.0,4895692,3097572,
183.7,1790952722.367,0.0,0.0,2.2,0.0,13.7,12.6,0.0,0.0,4924128,3097332,
183.8,1790952722.467,0.0,0.0,1.8,0.0,0.0,0.0,0.0,0.0,4924128,3097332,
183.9,1790952722.567,0.0,0.0,1.5,0.0,0.0,0.0,0.0,0.0,4924128,3097332,
184.0,1790952722.667,0.0,0.0,1.1,0.0,0.0,0.0,0.0,0.0,4924128,3097332,
184.1,1790952722.767,0.0,0.0,0.3,0.0,0.0,0.0,0.0,0.0,4924128,3097332,
184.2,1790952722.867,0.0,0.0,2.6,0.0,0.0,0.0,0.0,0.0,4924128,3097332,
184.3,1790952722.967,0.0,0.0,2.2,0.0,0.0,0.0,0.0,0.0,4924128,3097332,
184.4,1790952723.067,0.0,0.0,0.3,0.0,0.0,0.0,0.0,0.0,4924128,3097328,
184.5,1790952723.167,0.0,0.0,0.4,0.0,0.0,0.0,0.0,0.0,4924128,3097328,
184.6,1790952723.267,0.0,0.0,0.8,0.0,0.0,0.0,0.0,0.0,4924128,3097328,
184.7,1790952723.367,0.0,0.0,3.4,0.0,0.0,0.0,0.0,0.0,4924128,3097328,
184.8,1790952723.467,0.0,0.0,0.3,0.0,0.0,0.0,0.0,0.0,4924128,3097328,
184.9,1790952723.567,0.0,0.0,4.1,0.0,0.0,0.0,0.0,0.0,4924128,3097328,
185.0,1790952723.667,0.0,0.0,0.8,0.0,0.0,0.0,0.0,0.0,4924468,3097328,
185.1,1790952723.767,0.0,0.0,2.7,0.0,0.0,0.0,0.0,0.0,4924468,3097328,
185.2,1790952723.867,0.0,0.0,0.7,0.0,0.0,0.0,0.0,0.0,4924468,3097328,
185.3,1790952723.967,0.0,0.0,0.7,0.0,0.0,0.0,0.0,0.0,4924468,3097328,
185.4,1790952724.067,0.0,0.0,0.5,0.0,0.0,0.0,0.0,0.0,4924468,3097328,
185.5,1790952724.167,0.0,0.0,0.7,0.0,0.0,0.0,0.0,0.0,4924468,3097328,
185.6,1790952724.267,0.0,0.0,4.0,0.0,0.0,0.0,0.0,0.0,4924468,3097328,
185.7,1790952724.367,0.0,0.0,1.8,0.0,1.6,1.5,0.2,0.0,4924696,3097252,
185.8,1790952724.467,0.4,0.4,1.1,0.0,2.5,2.5,0.0,0.0,4924200,3096580,
185.9,1790952724.567,0.0,0.0,0.6,0.0,0.0,0.0,0.0,0.0,4924360,3096580,
186.0,1790952724.667,0.0,0.0,0.4,0.0,0.0,0.0,0.0,0.0,4925056,3096580,
186.1,1790952724.767,0.0,0.0,1.1,0.0,0.0,0.0,0.0,0.0,4925112,3096580,
186.2,1790952724.867,0.0,0.0,2.4,0.0,0.0,0.0,0.0,0.0,4925116,3096580,
186.3,1790952724.967,0.0,0.0,2.4,0.0,0.6,0.4,0.0,0.0,4925116,3096580,
186.4,1790952725.067,0.0,0.0,0.8,0.0,9.9,7.5,0.0,0.0,4925116,3096572,
186.5,1790952725.167,0.0,0.0,1.9,0.0,0.0,0.0,0.0,0.0,4925116,3096572,
186.6,1790952725.267,0.0,0.0,2.1,0.0,0.0,0.0,0.0,0.0,4925116,3096572,
186.7,1790952725.367,0.0,0.0,1.7,0.0,0.0,0.0,0.0,0.0,4925116,3096572,
186.8,1790952725.467,0.0,0.0,0.5,0.0,0.0,0.0,0.0,0.0,4925116,3096572,
186.9,1790952725.567,0.0,0.0,1.3,0.0,0.0,0.0,0.0,0.0,4925116,3096572,
187.0,1790952725.667,0.0,0.0,2.0,0.0,0.0,0.0,0.0,0.0,4925116,3096572,
187.1,1790952725.767,0.0,0.0,1.4,0.0,0.0,0.0,0.0,0.0,4925724,3096572,
187.2,1790952725.867,0.0,0.0,4.5,0.0,0.0,0.0,0.0,0.0,4925500,3096572,
187.3,1790952725.967,0.0,0.0,1.5,0.0,0.0,0.0,0.0,0.0,4925500,3096572,
187.4,1790952726.067,0.0,0.0,0.5,0.0,0.0,0.0,0.0,0.0,4925500,3096572,
187.5,1790952726.167,0.0,0.0,3.7,0.0,0.0,0.0,0.0,0.0,4925500,3096572,
187.6,1790952726.267,0.0,0.0,0.8,0.0,0.0,0.0,0.0,0.0,4925500,3096572,
187.7,1790952726.367,0.0,0.0,2.4,0.0,0.0,0.0,0.0,0.0,4925500,3096572,
