os,cpu,gpu,ram,kernel,driver,cpuscheduler
Armada 20260926.c2fd048,,Turnip Adreno (TM) 740,7672616,7.2.6,,conservative
fps,frametime,cpu_load,cpu_power,gpu_load,cpu_temp,gpu_temp,gpu_core_clock,gpu_mem_clock,gpu_vram_used,gpu_power,ram_used,swap_used,process_rss,cpu_mhz,elapsed
0.000343056,2.91498e+06,18.4752,0,0,47,44,680,0,0,0,5.61991,2.53405,0,2054,101637344
928.883,1.07656,43.7086,0,0,49,44,680,0,0,0,5.77691,2.53751,0,2092,201883073
58.3651,17.1335,43.7086,0,0,49,44,680,0,0,0,5.77691,2.53751,0,2092,302635000
59.6377,16.7679,43.7086,0,0,49,44,680,0,0,0,5.77691,2.53751,0,2092,402735938
59.4499,16.8209,43.7086,0,0,49,44,680,0,0,0,5.77691,2.53751,0,2092,502853542
59.1211,16.9144,43.7086,0,0,49,44,680,0,0,0,5.77691,2.53751,0,2092,603077083
56.6499,17.6523,27.3171,0,0,48,44,220,0,0,0,5.80864,2.53957,0,1920,703299583
56.7062,17.6347,27.3171,0,0,48,44,220,0,0,0,5.80864,2.53957,0,1920,803531875
56.6713,17.6456,27.3171,0,0,48,44,220,0,0,0,5.80864,2.53957,0,1920,903797187
61.9417,16.1442,27.3171,0,0,48,44,220,0,0,0,5.80864,2.53957,0,1920,1004007292
55.4977,18.0187,27.3171,0,0,48,44,220,0,0,0,5.80864,2.53957,0,1920,1104215677
55.6215,17.9786,27.3171,0,2,48,44,220,0,0,0,5.85878,2.53957,0,2054,1204445469
57.8833,17.2761,27.3171,0,2,48,44,220,0,0,0,5.85878,2.53957,0,2054,1304635573
55.8814,17.8951,27.3171,0,2,48,44,220,0,0,0,5.85878,2.53957,0,2054,1404802187
53.2699,18.7723,27.3171,0,2,48,44,220,0,0,0,5.85878,2.53957,0,2054,1505003958
50.2226,19.9114,27.3171,0,2,48,44,220,0,0,0,5.85878,2.53957,0,2054,1605204166
58.3071,17.1506,26.1728,0,2,48,44,220,0,0,0,5.9506,2.53957,0,2054,1705385208
57.0088,17.5411,26.1728,0,2,48,44,220,0,0,0,5.9506,2.53957,0,2054,1805576302
57.0088,17.5411,26.1728,0,2,48,44,220,0,0,0,5.9506,2.53957,0,2054,1905774427
10.8726,91.9744,26.1728,0,2,48,44,220,0,0,0,5.9506,2.53957,0,2054,2005928854
62.4171,16.0212,26.1728,0,2,48,44,220,0,0,0,5.9506,2.53957,0,2054,2106041718
58.5834,17.0697,26.1728,0,2,48,44,220,0,0,0,5.9506,2.53957,0,2054,2206207083
58.5834,17.0697,26.1728,0,2,48,44,220,0,0,0,5.9506,2.53957,0,2054,2306367604
58.5834,17.0697,26.1728,0,2,48,44,220,0,0,0,5.9506,2.53957,0,2054,2406478072
58.5834,17.0697,26.1728,0,2,48,44,220,0,0,0,5.9506,2.53957,0,2054,2506608593
72.3704,13.8178,47.4085,0,0,53,44,220,0,0,0,6.02787,2.54295,0,2092,2606754322
62.2564,16.0626,47.4085,0,0,53,44,220,0,0,0,6.02787,2.54295,0,2092,2706903853
62.2564,16.0626,47.4085,0,0,53,44,220,0,0,0,6.02787,2.54295,0,2092,2807069426
62.2564,16.0626,47.4085,0,0,53,44,220,0,0,0,6.02787,2.54295,0,2092,2907221353
62.2564,16.0626,47.4085,0,0,53,44,220,0,0,0,6.02787,2.54295,0,2092,3007397030
94.3276,10.6014,47.3451,0,0,53,45,220,0,0,0,6.22585,2.54296,0,2092,3107570155
13.2806,75.2979,47.3451,0,0,53,45,220,0,0,0,6.22585,2.54296,0,2092,3207715572
33.3359,29.9977,47.3451,0,0,53,45,220,0,0,0,6.22585,2.54296,0,2092,3307859322
60.4593,16.5401,47.3451,0,0,53,45,220,0,0,0,6.22585,2.54296,0,2092,3407999218
65.1472,15.3498,47.3451,0,0,53,45,220,0,0,0,6.22585,2.54296,0,2092,3508142395
33.4567,29.8894,71.4976,0,17,57,47,475,0,0,0,6.20942,2.54295,0,2092,3610032395
58.5878,17.0684,71.4976,0,17,57,47,475,0,0,0,6.20942,2.54295,0,2092,3710198436
65.1121,15.3581,71.4976,0,17,57,47,475,0,0,0,6.20942,2.54295,0,2092,3810336301
57.3665,17.4318,71.4976,0,17,57,47,475,0,0,0,6.20942,2.54295,0,2092,3910456561
57.3533,17.4358,71.4976,0,17,57,47,475,0,0,0,6.20942,2.54295,0,2092,4010575572
59.1618,16.9028,64.0587,0,39,56,47,475,0,0,0,6.25559,2.54295,0,2092,4110693905
57.3198,17.446,64.0587,0,39,56,47,475,0,0,0,6.25559,2.54295,0,2092,4210769113
57.3198,17.446,64.0587,0,39,56,47,475,0,0,0,6.25559,2.54295,0,2092,4310954061
57.3198,17.446,64.0587,0,39,56,47,475,0,0,0,6.25559,2.54295,0,2092,4411091249
57.3198,17.446,64.0587,0,39,56,47,475,0,0,0,6.25559,2.54295,0,2092,4511262967
57.3198,17.446,64.0587,0,39,56,47,475,0,0,0,6.25559,2.54295,0,2092,4611449217
2.07113,482.829,62.1103,0,24,57,47,220,0,0,0,6.40278,2.54295,0,2092,4711557967
2.07113,482.829,62.1103,0,24,57,47,220,0,0,0,6.40278,2.54295,0,2092,4811685832
2.07113,482.829,62.1103,0,24,57,47,220,0,0,0,6.40278,2.54295,0,2092,4911861353
2.07113,482.829,62.1103,0,24,57,47,220,0,0,0,6.40278,2.54295,0,2092,5012076353
2.07113,482.829,62.1103,0,24,57,47,220,0,0,0,6.40278,2.54295,0,2092,5112234478
2.07113,482.829,62.1103,0,24,57,47,220,0,0,0,6.40278,2.54295,0,2092,5212382550
2.07113,482.829,62.1103,0,24,57,47,220,0,0,0,6.40278,2.54295,0,2092,5312734686
2.07113,482.829,62.1103,0,24,57,47,220,0,0,0,6.40278,2.54295,0,2092,5412845050
1.20252,831.585,68.066,0,1,58,47,220,0,0,0,6.96978,2.58681,0,2092,5512959686
1.20252,831.585,68.066,0,1,58,47,220,0,0,0,6.96978,2.58681,0,2092,5613081248
57.0773,17.5201,66.9173,0,1,57,47,220,0,0,0,6.91582,2.5868,0,2092,5713323540
53.1753,18.8057,66.9173,0,1,57,47,220,0,0,0,6.91582,2.5868,0,2092,5813486717
50.8495,19.6659,66.9173,0,1,57,47,220,0,0,0,6.91582,2.5868,0,2092,5913637550
50.7358,19.7099,66.9173,0,1,57,47,220,0,0,0,6.91582,2.5868,0,2092,6013860467
51.2488,19.5127,66.9173,0,1,57,47,220,0,0,0,6.91582,2.5868,0,2092,6114041717
50.5549,19.7805,55.4479,0,63,58,55,680,0,0,0,6.70992,2.5868,0,2092,6214188748
50.7165,19.7174,55.4479,0,63,58,55,680,0,0,0,6.70992,2.5868,0,2092,6314351925
55.6304,17.9758,55.4479,0,63,58,55,680,0,0,0,6.70992,2.5868,0,2092,6414497862
55.4181,18.0446,55.4479,0,63,58,55,680,0,0,0,6.70992,2.5868,0,2092,6514616873
55.4181,18.0446,55.4479,0,63,58,55,680,0,0,0,6.70992,2.5868,0,2092,6614724477
51.8859,19.2731,48.7624,0,98,58,56,680,0,0,0,6.71225,2.58679,0,2092,6714830310
49.1267,20.3555,48.7624,0,98,58,56,680,0,0,0,6.71225,2.58679,0,2092,6814987602
52.4398,19.0695,48.7624,0,98,58,56,680,0,0,0,6.71225,2.58679,0,2092,6915109268
29.2318,34.2094,48.7624,0,98,58,56,680,0,0,0,6.71225,2.58679,0,2092,7015221768
13.7679,72.6327,48.7624,0,98,58,56,680,0,0,0,6.71225,2.58679,0,2092,7115332810
8.89395,112.436,52.8117,0,72,58,57,680,0,0,0,7.00397,2.58679,0,2092,7215439685
8.04135,124.357,52.8117,0,72,58,57,680,0,0,0,7.00397,2.58679,0,2092,7315550570
8.04135,124.357,52.8117,0,72,58,57,680,0,0,0,7.00397,2.58679,0,2092,7415663591
174.159,5.74188,59.919,0,40,59,51,220,0,0,0,6.57718,2.58673,0,2092,7515765935
96.9144,10.3184,59.919,0,40,59,51,220,0,0,0,6.57718,2.58673,0,2092,7615874424
147.516,6.77891,59.919,0,40,59,51,220,0,0,0,6.57718,2.58673,0,2092,7716053747
115.815,8.63448,59.919,0,40,59,51,220,0,0,0,6.57718,2.58673,0,2092,7816202654
59.1554,16.9046,59.919,0,40,59,51,220,0,0,0,6.57718,2.58673,0,2092,7916319633
121.908,8.20292,69.5122,0,39,60,52,680,0,0,0,6.22462,2.58673,0,2092,8016422497
182.53,5.47854,69.5122,0,39,60,52,680,0,0,0,6.22462,2.58673,0,2092,8116571195
119.916,8.33917,69.5122,0,39,60,52,680,0,0,0,6.22462,2.58673,0,2092,8216796456
130.242,7.67802,69.5122,0,39,60,52,680,0,0,0,6.22462,2.58673,0,2092,8316953383
98.5176,10.1505,69.5122,0,39,60,52,680,0,0,0,6.22462,2.58673,0,2092,8417061768
128.12,7.80521,69.5122,0,39,60,52,680,0,0,0,6.22462,2.58673,0,2092,8517198122
128.12,7.80521,69.5122,0,39,60,52,680,0,0,0,6.22462,2.58673,0,2092,8617354372
141.457,7.06927,60.5357,0,41,57,54,680,0,0,0,6.26547,2.58656,0,2054,8717458591
246.555,4.05588,60.5357,0,41,57,54,680,0,0,0,6.26547,2.58656,0,2054,8817582809
64.9278,15.4017,60.5357,0,41,57,54,680,0,0,0,6.26547,2.58656,0,2054,8917723226
38.9753,25.6573,60.5357,0,41,57,54,680,0,0,0,6.26547,2.58656,0,2054,9017927445
53.2456,18.7809,60.5357,0,41,57,54,680,0,0,0,6.26547,2.58656,0,2054,9118212236
115.655,8.64641,61.1794,0,26,59,52,680,0,0,0,6.39503,2.58656,0,2092,9220838851
51.7206,19.3346,61.1794,0,26,59,52,680,0,0,0,6.39503,2.58656,0,2092,9320990570
139.348,7.1763,61.1794,0,26,59,52,680,0,0,0,6.39503,2.58656,0,2092,9421129320
90.4479,11.0561,61.1794,0,26,59,52,680,0,0,0,6.39503,2.58656,0,2092,9521278070
51.106,19.5672,61.1794,0,26,59,52,680,0,0,0,6.39503,2.58656,0,2092,9622230726
176.529,5.66479,71.4286,0,34,60,51,401,0,0,0,6.7224,2.58656,0,2092,9722399424
261.452,3.82479,71.4286,0,34,60,51,401,0,0,0,6.7224,2.58656,0,2092,9822702549
47.6983,20.9651,71.4286,0,34,60,51,401,0,0,0,6.7224,2.58656,0,2092,9922819788
348.635,2.86833,71.4286,0,34,60,51,401,0,0,0,6.7224,2.58656,0,2092,10024924476
19.5571,51.1324,71.4286,0,34,60,51,401,0,0,0,6.7224,2.58656,0,2092,10125074632
63.0676,15.856,91.1271,0,36,62,52,348,0,0,0,7.0086,2.67829,0,2092,10225269684
103.534,9.65865,91.1271,0,36,62,52,348,0,0,0,7.0086,2.67829,0,2092,10330340569
46.0214,21.729,91.1271,0,36,62,52,348,0,0,0,7.0086,2.67829,0,2092,10434395413
66.2482,15.0947,91.1271,0,36,62,52,348,0,0,0,7.0086,2.67829,0,2092,10534502965
152.61,6.55266,91.1271,0,36,62,52,348,0,0,0,7.0086,2.67829,0,2092,10634656142
46.5406,21.4866,89,0,36,62,51,348,0,0,0,6.97935,3.05148,0,2092,10734925048
59.6662,16.7599,89,0,36,62,51,348,0,0,0,6.97935,3.05148,0,2092,10835089163
107.942,9.26427,89,0,36,62,51,348,0,0,0,6.97935,3.05148,0,2092,10935295777
110.462,9.05292,89,0,36,62,51,348,0,0,0,6.97935,3.05148,0,2092,11035501871
99.6264,10.0375,89,0,36,62,51,348,0,0,0,6.97935,3.05148,0,2092,11137114215
92.4219,10.8199,70.5736,0,28,61,51,220,0,0,0,7.00541,3.06839,0,2092,11237224059
120.479,8.30021,70.5736,0,28,61,51,220,0,0,0,7.00541,3.06839,0,2092,11337336454
101.037,9.8974,70.5736,0,28,61,51,220,0,0,0,7.00541,3.06839,0,2092,11437449840
106.639,9.3774,70.5736,0,28,61,51,220,0,0,0,7.00541,3.06839,0,2092,11537561402
114.087,8.76521,70.5736,0,28,61,51,220,0,0,0,7.00541,3.06839,0,2092,11637673433
110.679,9.0351,67.9012,0,44,61,53,550,0,0,0,7.0226,3.06838,0,2092,11737785933
113.385,8.81953,67.9012,0,44,61,53,550,0,0,0,7.0226,3.06838,0,2092,11837890308
111.219,8.99125,67.9012,0,44,61,53,550,0,0,0,7.0226,3.06838,0,2092,11938015725
276.239,3.62005,67.9012,0,44,61,53,550,0,0,0,7.0226,3.06838,0,2092,12038149110
106.789,9.36422,67.9012,0,44,61,53,550,0,0,0,7.0226,3.06838,0,2092,12138257704
111.648,8.95672,72.7273,0,44,61,54,680,0,0,0,7.0251,3.06823,0,2092,12238378069
120.21,8.31875,72.7273,0,44,61,54,680,0,0,0,7.0251,3.06823,0,2092,12338490621
67.7571,14.7586,72.7273,0,44,61,54,680,0,0,0,7.0251,3.06823,0,2092,12438594579
173.926,5.74958,72.7273,0,44,61,54,680,0,0,0,7.0251,3.06823,0,2092,12538695360
145.428,6.87625,72.7273,0,44,61,54,680,0,0,0,7.0251,3.06823,0,2092,12638812652
154.768,6.4613,66.9154,0,43,61,54,550,0,0,0,7.03669,3.06816,0,2092,12738969943
152.497,6.5575,66.9154,0,43,61,54,550,0,0,0,7.03669,3.06816,0,2092,12839120777
171.377,5.8351,66.9154,0,43,61,54,550,0,0,0,7.03669,3.06816,0,2092,12939287547
104.26,9.59141,66.9154,0,43,61,54,550,0,0,0,7.03669,3.06816,0,2092,13039407443
130.616,7.65604,66.9154,0,43,61,54,550,0,0,0,7.03669,3.06816,0,2092,13139640724
83.434,11.9855,67.6617,0,43,61,54,680,0,0,0,7.03911,3.06816,0,2092,13239767704
57.2055,17.4808,67.6617,0,43,61,54,680,0,0,0,7.03911,3.06816,0,2092,13339947860
107.507,9.30172,67.6617,0,43,61,54,680,0,0,0,7.03911,3.06816,0,2092,13440461610
96.9565,10.3139,67.6617,0,43,61,54,680,0,0,0,7.03911,3.06816,0,2092,13542985256
112.481,8.89042,67.6617,0,43,61,54,680,0,0,0,7.03911,3.06816,0,2092,13643132964
107.056,9.34089,67.5743,0,43,62,55,615,0,0,0,7.04232,3.06813,0,2092,13743282183
121.592,8.22422,67.5743,0,43,62,55,615,0,0,0,7.04232,3.06813,0,2092,13843803380
57.9959,17.2426,67.5743,0,43,62,55,615,0,0,0,7.04232,3.06813,0,2092,13943914422
81.9858,12.1972,67.5743,0,43,62,55,615,0,0,0,7.04232,3.06813,0,2092,14044030255
138.126,7.23979,67.5743,0,43,62,55,615,0,0,0,7.04232,3.06813,0,2092,14144200307
114.035,8.76927,75.6892,0,43,63,55,680,0,0,0,7.04091,3.06805,0,2092,14244342443
127.728,7.82917,75.6892,0,43,63,55,680,0,0,0,7.04091,3.06805,0,2092,14344465984
55.3558,18.0649,75.6892,0,43,63,55,680,0,0,0,7.04091,3.06805,0,2092,14445411818
119.762,8.3499,75.6892,0,43,63,55,680,0,0,0,7.04091,3.06805,0,2092,14545576401
53.7252,18.6132,75.6892,0,43,63,55,680,0,0,0,7.04091,3.06805,0,2092,14645726818
165.78,6.03208,73.6585,0,44,61,53,615,0,0,0,7.05035,3.05837,0,2092,14745893328
127.556,7.83969,73.6585,0,44,61,53,615,0,0,0,7.05035,3.05837,0,2092,14846038328
162.966,6.13625,73.6585,0,44,61,53,615,0,0,0,7.05035,3.05837,0,2092,14946183068
135.771,7.36537,73.6585,0,44,61,53,615,0,0,0,7.05035,3.05837,0,2092,15046336245
142.516,7.01677,73.6585,0,44,61,53,615,0,0,0,7.05035,3.05837,0,2092,15146521245
143.425,6.97229,67.2457,0,42,62,54,680,0,0,0,7.05233,3.05641,0,2092,15246676088
122.831,8.14125,67.2457,0,42,62,54,680,0,0,0,7.05233,3.05641,0,2092,15346815932
125.918,7.94167,67.2457,0,42,62,54,680,0,0,0,7.05233,3.05641,0,2092,15446943588
226.191,4.42104,67.2457,0,42,62,54,680,0,0,0,7.05233,3.05641,0,2092,15547105671
131.338,7.61396,67.2457,0,42,62,54,680,0,0,0,7.05233,3.05641,0,2092,15647256765
131.722,7.59177,70.398,0,43,62,54,680,0,0,0,7.05534,3.05639,0,2092,15747401817
153.612,6.5099,70.398,0,43,62,54,680,0,0,0,7.05534,3.05639,0,2092,15847545463
131.849,7.58443,70.398,0,43,62,54,680,0,0,0,7.05534,3.05639,0,2092,15947681505
65.9891,15.154,70.398,0,43,62,54,680,0,0,0,7.05534,3.05639,0,2092,16047890932
106.364,9.40167,70.398,0,43,62,54,680,0,0,0,7.05534,3.05639,0,2092,16147994265
118,8.47458,70.398,0,43,62,54,680,0,0,0,7.05534,3.05639,0,2092,16248103119
127.723,7.82943,69.0418,0,41,61,55,550,0,0,0,7.05661,3.05639,0,2092,16348207338
135.683,7.3701,69.0418,0,41,61,55,550,0,0,0,7.05661,3.05639,0,2092,16448453588
138.227,7.23448,69.0418,0,41,61,55,550,0,0,0,7.05661,3.05639,0,2092,16548917442
137.122,7.29276,69.0418,0,41,61,55,550,0,0,0,7.05661,3.05639,0,2092,16649023067
96.9824,10.3111,69.0418,0,41,61,55,550,0,0,0,7.05661,3.05639,0,2092,16749136036
126.385,7.91234,68.0488,0,44,63,55,475,0,0,0,7.05701,3.05635,0,2092,16849273067
126.666,7.89479,68.0488,0,44,63,55,475,0,0,0,7.05701,3.05635,0,2092,16949503848
127.333,7.85344,68.0488,0,44,63,55,475,0,0,0,7.05701,3.05635,0,2092,17049681140
108.033,9.25646,68.0488,0,44,63,55,475,0,0,0,7.05701,3.05635,0,2092,17149830983
215.423,4.64203,68.0488,0,44,63,55,475,0,0,0,7.05701,3.05635,0,2092,17250057494
122.195,8.18365,72.4566,0,43,62,55,680,0,0,0,7.05738,3.05627,0,2092,17350171504
215.278,4.64516,72.4566,0,43,62,55,680,0,0,0,7.05738,3.05627,0,2092,17450251035
197.109,5.07333,72.4566,0,43,62,55,680,0,0,0,7.05738,3.05627,0,2092,17550401608
114.283,8.75021,72.4566,0,43,62,55,680,0,0,0,7.05738,3.05627,0,2092,17650575306
128.144,7.80375,72.4566,0,43,62,55,680,0,0,0,7.05738,3.05627,0,2092,17750707650
102.399,9.76568,70,0,43,62,55,680,0,0,0,7.05802,3.05624,0,2092,17850844368
76.2707,13.1112,70,0,43,62,55,680,0,0,0,7.05802,3.05624,0,2092,17951083796
108.564,9.21115,70,0,43,62,55,680,0,0,0,7.05802,3.05624,0,2092,18051260150
124.802,8.01271,70,0,43,62,55,680,0,0,0,7.05802,3.05624,0,2092,18151674525
78.7079,12.7052,70,0,43,62,55,680,0,0,0,7.05802,3.05624,0,2092,18251814212
58.8468,16.9933,76.9231,0,39,63,56,401,0,0,0,7.03634,3.08636,0,2092,18354204577
86.7644,11.5255,76.9231,0,39,63,56,401,0,0,0,7.03634,3.08636,0,2092,18454332337
93.203,10.7293,76.9231,0,39,63,56,401,0,0,0,7.03634,3.08636,0,2092,18554460566
114.372,8.74339,76.9231,0,39,63,56,401,0,0,0,7.03634,3.08636,0,2092,18654567129
82.4133,12.134,76.9231,0,39,63,56,401,0,0,0,7.03634,3.08636,0,2092,18754699681
122.402,8.16979,80.0995,0,42,63,54,680,0,0,0,6.99025,3.15861,0,2092,18854846295
116.259,8.60151,80.0995,0,42,63,54,680,0,0,0,6.99025,3.15861,0,2092,18954989628
149.361,6.69521,80.0995,0,42,63,54,680,0,0,0,6.99025,3.15861,0,2092,19055157441
109.387,9.14182,80.0995,0,42,63,54,680,0,0,0,6.99025,3.15861,0,2092,19155302128
141.266,7.07885,80.0995,0,42,63,54,680,0,0,0,6.99025,3.15861,0,2092,19255438483
130.877,7.64078,72.7941,0,39,63,55,550,0,0,0,6.95018,3.20476,0,2092,19356331503
73.8427,13.5423,72.7941,0,39,63,55,550,0,0,0,6.95018,3.20476,0,2092,19456639732
115.653,8.64656,72.7941,0,39,63,55,550,0,0,0,6.95018,3.20476,0,2092,19556754420
61.706,16.2059,72.7941,0,39,63,55,550,0,0,0,6.95018,3.20476,0,2092,19656879524
163.589,6.11286,72.7941,0,39,63,55,550,0,0,0,6.95018,3.20476,0,2092,19758398639
42.537,23.509,81.8408,0,45,65,55,550,0,0,0,7.02594,3.22966,0,2092,19860116659
39.1036,25.5731,81.8408,0,45,65,55,550,0,0,0,7.02594,3.22966,0,2092,19960233795
93.3997,10.7067,81.8408,0,45,65,55,550,0,0,0,7.02594,3.22966,0,2092,20060367128
40.8417,24.4848,81.8408,0,45,65,55,550,0,0,0,7.02594,3.22966,0,2092,20160493326
36.9042,27.0972,81.8408,0,45,65,55,550,0,0,0,7.02594,3.22966,0,2092,20260644315
25.9541,38.5295,96.8447,0,39,67,53,295,0,0,0,7.10738,3.3364,0,2092,20360770253
124.126,8.05635,96.8447,0,39,67,53,295,0,0,0,7.10738,3.3364,0,2092,20461124472
55.5135,18.0136,96.8447,0,39,67,53,295,0,0,0,7.10738,3.3364,0,2092,20568177388
60.8961,16.4214,96.8447,0,39,67,53,295,0,0,0,7.10738,3.3364,0,2092,20668351347
35.0706,28.5139,96.8447,0,39,67,53,295,0,0,0,7.10738,3.3364,0,2092,20768502492
50.6244,19.7533,95.5556,0,41,66,56,680,0,0,0,7.08248,3.4306,0,2092,20868663169
76.3954,13.0898,95.5556,0,41,66,56,680,0,0,0,7.08248,3.4306,0,2092,20968817440
98.5115,10.1511,95.5556,0,41,66,56,680,0,0,0,7.08248,3.4306,0,2092,21068981190
60.5812,16.5068,95.5556,0,41,66,56,680,0,0,0,7.08248,3.4306,0,2092,21169144576
27.6051,36.2252,95.5556,0,41,66,56,680,0,0,0,7.08248,3.4306,0,2092,21269296815
40.7705,24.5276,97.8313,0,38,67,54,475,0,0,0,7.05049,3.51331,0,2092,21369462492
41.2798,24.2249,97.8313,0,38,67,54,475,0,0,0,7.05049,3.51331,0,2092,21469630773
83.1277,12.0297,97.8313,0,38,67,54,475,0,0,0,7.05049,3.51331,0,2092,21569804732
50.6417,19.7466,97.8313,0,38,67,54,475,0,0,0,7.05049,3.51331,0,2092,21669959419
76.6021,13.0545,97.8313,0,38,67,54,475,0,0,0,7.05049,3.51331,0,2092,21770107648
82.5036,12.1207,98.7775,0,41,67,55,680,0,0,0,7.06786,3.51889,0,2092,21870311607
63.9714,15.632,98.7775,0,41,67,55,680,0,0,0,7.06786,3.51889,0,2092,21970483221
57.5847,17.3657,98.7775,0,41,67,55,680,0,0,0,7.06786,3.51889,0,2092,22070654992
56.9635,17.5551,98.7775,0,41,67,55,680,0,0,0,7.06786,3.51889,0,2092,22174800877
85.6757,11.6719,98.7775,0,41,67,55,680,0,0,0,7.06786,3.51889,0,2092,22278764888
94.4928,10.5828,97.5248,0,42,67,55,680,0,0,0,7.07283,3.51889,0,2092,22378927961
84.0174,11.9023,97.5248,0,42,67,55,680,0,0,0,7.07283,3.51889,0,2092,22479118065
74.0749,13.4998,97.5248,0,42,67,55,680,0,0,0,7.07283,3.51889,0,2092,22579285669
61.9387,16.145,97.5248,0,42,67,55,680,0,0,0,7.07283,3.51889,0,2092,22679444367
100.72,9.92854,97.5248,0,42,67,55,680,0,0,0,7.07283,3.51889,0,2092,22779665148
50.2576,19.8975,98.0247,0,40,68,56,680,0,0,0,7.07995,3.51888,0,2092,22879833325
60.0351,16.6569,98.0247,0,40,68,56,680,0,0,0,7.07995,3.51888,0,2092,22979993637
119.33,8.3801,98.0247,0,40,68,56,680,0,0,0,7.07995,3.51888,0,2092,23080181450
80.3875,12.4397,98.0247,0,40,68,56,680,0,0,0,7.07995,3.51888,0,2092,23181218481
116.442,8.58797,98.0247,0,40,68,56,680,0,0,0,7.07995,3.51888,0,2092,23286790721
135.338,7.38891,92.5558,0,39,67,55,550,0,0,0,6.99355,3.64741,0,2092,23386898950
154.353,6.47865,92.5558,0,39,67,55,550,0,0,0,6.99355,3.64741,0,2092,23487028898
70.567,14.1709,92.5558,0,39,67,55,550,0,0,0,6.99355,3.64741,0,2092,23587207023
122.061,8.19266,92.5558,0,39,67,55,550,0,0,0,6.99355,3.64741,0,2092,23687403116
57.4465,17.4075,92.5558,0,39,67,55,550,0,0,0,6.99355,3.64741,0,2092,23787561814
77.6489,12.8785,75.1232,0,46,66,57,680,0,0,0,7.05076,3.6474,0,2092,23888613429
42.7113,23.413,75.1232,0,46,66,57,680,0,0,0,7.05076,3.6474,0,2092,23988721241
82.1289,12.176,75.1232,0,46,66,57,680,0,0,0,7.05076,3.6474,0,2092,24088834939
40.2291,24.8576,75.1232,0,46,66,57,680,0,0,0,7.05076,3.6474,0,2092,24188999158
81.2551,12.3069,75.1232,0,46,66,57,680,0,0,0,7.05076,3.6474,0,2092,24289143845
113.968,8.77437,79.4554,0,46,65,56,680,0,0,0,7.0492,3.66152,0,2092,24389291710
63.3118,15.7948,79.4554,0,46,65,56,680,0,0,0,7.0492,3.66152,0,2092,24489460251
36.2923,27.5541,79.4554,0,46,65,56,680,0,0,0,7.0492,3.66152,0,2092,24589610460
132.818,7.52911,79.4554,0,46,65,56,680,0,0,0,7.0492,3.66152,0,2092,24689748116
76.519,13.0686,79.4554,0,46,65,56,680,0,0,0,7.0492,3.66152,0,2092,24789865408
76.519,13.0686,79.4554,0,46,65,56,680,0,0,0,7.0492,3.66152,0,2092,24889982595
76.519,13.0686,79.4554,0,46,65,56,680,0,0,0,7.0492,3.66152,0,2092,24990083272
76.519,13.0686,79.4554,0,46,65,56,680,0,0,0,7.0492,3.66152,0,2092,25090247751
76.519,13.0686,79.4554,0,46,65,56,680,0,0,0,7.0492,3.66152,0,2092,25190417543
76.519,13.0686,79.4554,0,46,65,56,680,0,0,0,7.0492,3.66152,0,2092,25290731084
76.519,13.0686,79.4554,0,46,65,56,680,0,0,0,7.0492,3.66152,0,2092,25390968116
76.519,13.0686,79.4554,0,46,65,56,680,0,0,0,7.0492,3.66152,0,2092,25491171761
76.519,13.0686,79.4554,0,46,65,56,680,0,0,0,7.0492,3.66152,0,2092,25591383220
43.6911,22.888,52.819,0,0,60,53,220,0,0,0,5.96722,3.64988,0,2092,25692410043
87.1911,11.4691,52.819,0,0,60,53,220,0,0,0,5.96722,3.64988,0,2092,25792598688
97.368,10.2703,52.819,0,0,60,53,220,0,0,0,5.96722,3.64988,0,2092,25892797855
153.298,6.52323,52.819,0,0,60,53,220,0,0,0,5.96722,3.64988,0,2092,25992947699
160.782,6.21958,52.819,0,0,60,53,220,0,0,0,5.96722,3.64988,0,2092,26093045667
131.904,7.58125,66.4234,0,35,61,55,475,0,0,0,5.79815,3.64912,0,2092,26193179522
69.5919,14.3695,66.4234,0,35,61,55,475,0,0,0,5.79815,3.64912,0,2092,26293327022
83.8505,11.926,66.4234,0,35,61,55,475,0,0,0,5.79815,3.64912,0,2092,26393696969
88.8478,11.2552,66.4234,0,35,61,55,475,0,0,0,5.79815,3.64912,0,2092,26493870094
82.0411,12.189,66.4234,0,35,61,55,475,0,0,0,5.79815,3.64912,0,2092,26593943792
95.4497,10.4767,68.4729,0,42,63,54,550,0,0,0,5.82388,3.64883,0,2092,26694045771
118.967,8.40568,68.4729,0,42,63,54,550,0,0,0,5.82388,3.64883,0,2092,26794148219
93.7358,10.6683,68.4729,0,42,63,54,550,0,0,0,5.82388,3.64883,0,2092,26894323688
125.998,7.93661,68.4729,0,42,63,54,550,0,0,0,5.82388,3.64883,0,2092,26994434469
93.4461,10.7014,68.4729,0,42,63,54,550,0,0,0,5.82388,3.64883,0,2092,27094608740
69.6056,14.3667,74.8781,0,40,63,54,401,0,0,0,5.8281,3.64854,0,2092,27194743532
127.98,7.8137,74.8781,0,40,63,54,401,0,0,0,5.8281,3.64854,0,2092,27294867125
103.119,9.6975,74.8781,0,40,63,54,401,0,0,0,5.8281,3.64854,0,2092,27394996500
93.2297,10.7262,74.8781,0,40,63,54,401,0,0,0,5.8281,3.64854,0,2092,27495109938
65.4714,15.2739,74.8781,0,40,63,54,401,0,0,0,5.8281,3.64854,0,2092,27595256500
126.959,7.87656,77.451,0,43,64,55,680,0,0,0,5.88374,3.64787,0,2092,27696752594
103.471,9.66453,77.451,0,43,64,55,680,0,0,0,5.88374,3.64787,0,2092,27796911500
109.3,9.14917,77.451,0,43,64,55,680,0,0,0,5.88374,3.64787,0,2092,27897044104
19.2079,52.0619,77.451,0,43,64,55,680,0,0,0,5.88374,3.64787,0,2092,27998167802
62.7486,15.9366,77.451,0,43,64,55,680,0,0,0,5.88374,3.64787,0,2092,28098337854
8.06979,123.919,77.451,0,43,64,55,680,0,0,0,5.88374,3.64787,0,2092,28198541760
22.7865,43.8857,70.6667,0,37,62,55,220,0,0,0,5.94626,3.64603,0,2092,28298698115
14.0201,71.3262,70.6667,0,37,62,55,220,0,0,0,5.94626,3.64603,0,2092,28398842281
32.633,30.6439,70.6667,0,37,62,55,220,0,0,0,5.94626,3.64603,0,2092,28500206917
31.5911,31.6545,70.6667,0,37,62,55,220,0,0,0,5.94626,3.64603,0,2092,28600352854
33.3182,30.0136,70.6667,0,37,62,55,220,0,0,0,5.94626,3.64603,0,2092,28700501344
34.5241,28.9653,53.6765,0,61,62,57,680,0,0,0,6.02387,3.64314,0,2092,28800639052
33.3148,30.0167,53.6765,0,61,62,57,680,0,0,0,6.02387,3.64314,0,2092,28900749312
32.289,30.9703,53.6765,0,61,62,57,680,0,0,0,6.02387,3.64314,0,2092,29000860041
32.401,30.8632,53.6765,0,61,62,57,680,0,0,0,6.02387,3.64314,0,2092,29100997281
34.2526,29.1949,53.6765,0,61,62,57,680,0,0,0,6.02387,3.64314,0,2092,29201098427
33.7297,29.6474,53.0414,0,100,63,59,680,0,0,0,6.02097,3.6431,0,2092,29302999677
33.9302,29.4722,53.0414,0,100,63,59,680,0,0,0,6.02097,3.6431,0,2092,29403102854
33.3264,30.0062,53.0414,0,100,63,59,680,0,0,0,6.02097,3.6431,0,2092,29503212124
34.2621,29.1868,53.0414,0,100,63,59,680,0,0,0,6.02097,3.6431,0,2092,29603337958
33.62,29.7442,53.0414,0,100,63,59,680,0,0,0,6.02097,3.6431,0,2092,29703478583
33.1164,30.1965,48.4262,0,100,63,60,680,0,0,0,6.02716,3.64305,0,2092,29803629156
32.2359,31.0214,48.4262,0,100,63,60,680,0,0,0,6.02716,3.64305,0,2092,29903813010
35.66,28.0426,48.4262,0,100,63,60,680,0,0,0,6.02716,3.64305,0,2092,30003988947
33.6155,29.7482,48.4262,0,100,63,60,680,0,0,0,6.02716,3.64305,0,2092,30104138010
33.3036,30.0268,48.4262,0,100,63,60,680,0,0,0,6.02716,3.64305,0,2092,30204300822
32.7056,30.5758,49.1484,0,96,62,59,680,0,0,0,6.03128,3.64304,0,2092,30304443010
34.1289,29.3007,49.1484,0,96,62,59,680,0,0,0,6.03128,3.64304,0,2092,30404584260
33.0371,30.269,49.1484,0,96,62,59,680,0,0,0,6.03128,3.64304,0,2092,30504730249
33.3741,29.9633,49.1484,0,96,62,59,680,0,0,0,6.03128,3.64304,0,2092,30604882176
33.7439,29.6349,49.1484,0,96,62,59,680,0,0,0,6.03128,3.64304,0,2092,30705045770
35.4083,28.2419,47.9115,0,100,63,59,680,0,0,0,6.03363,3.64302,0,2092,30805187957
34.1619,29.2724,47.9115,0,100,63,59,680,0,0,0,6.03363,3.64302,0,2092,30905337280
32.1176,31.1356,47.9115,0,100,63,59,680,0,0,0,6.03363,3.64302,0,2092,31005483843
33.5784,29.7811,47.9115,0,100,63,59,680,0,0,0,6.03363,3.64302,0,2092,31105656499
33.8064,29.5802,47.9115,0,100,63,59,680,0,0,0,6.03363,3.64302,0,2092,31205802905
32.8221,30.4673,47.7832,0,100,63,59,680,0,0,0,6.03819,3.64301,0,2092,31305896499
33.7147,29.6607,47.7832,0,100,63,59,680,0,0,0,6.03819,3.64301,0,2092,31406019624
34.3494,29.1126,47.7832,0,100,63,59,680,0,0,0,6.03819,3.64301,0,2092,31506184572
33.1654,30.1519,47.7832,0,100,63,59,680,0,0,0,6.03819,3.64301,0,2092,31606325926
22.234,44.9761,47.7832,0,100,63,59,680,0,0,0,6.03819,3.64301,0,2092,31706481967
23.7504,42.1046,51.6908,0,100,63,60,680,0,0,0,6.02869,3.64274,0,2092,31806640926
24.1646,41.3829,51.6908,0,100,63,60,680,0,0,0,6.02869,3.64274,0,2092,31906799780
24.1782,41.3596,51.6908,0,100,63,60,680,0,0,0,6.02869,3.64274,0,2092,32006947592
23.7244,42.1507,51.6908,0,100,63,60,680,0,0,0,6.02869,3.64274,0,2092,32107099623
23.4607,42.6244,51.6908,0,100,63,60,680,0,0,0,6.02869,3.64274,0,2092,32207252905
23.3618,42.8049,51.6908,0,100,63,60,680,0,0,0,6.02869,3.64274,0,2092,32307356134
24.1709,41.3721,47.4654,0,95,63,60,680,0,0,0,6.02821,3.64274,0,2092,32407460248
24.2413,41.2519,47.4654,0,95,63,60,680,0,0,0,6.02821,3.64274,0,2092,32507567748
24.2398,41.2544,47.4654,0,95,63,60,680,0,0,0,6.02821,3.64274,0,2092,32607676655
23.7318,42.1375,47.4654,0,95,63,60,680,0,0,0,6.02821,3.64274,0,2092,32707791602
24.2225,41.284,47.4654,0,95,63,60,680,0,0,0,6.02821,3.64274,0,2092,32807944832
23.5204,42.5162,48.4988,0,98,63,60,680,0,0,0,6.02848,3.6421,0,2092,32908151967
23.9344,41.7809,48.4988,0,98,63,60,680,0,0,0,6.02848,3.6421,0,2092,33008259311
23.752,42.1017,48.4988,0,98,63,60,680,0,0,0,6.02848,3.6421,0,2092,33108369154
24.331,41.0999,48.4988,0,98,63,60,680,0,0,0,6.02848,3.6421,0,2092,33208484258
23.8886,41.861,48.4988,0,98,63,60,680,0,0,0,6.02848,3.6421,0,2092,33308935665
24.4231,40.9449,45.5422,0,100,65,61,680,0,0,0,6.03156,3.64007,0,2092,33409759675
24.0262,41.6212,45.5422,0,100,65,61,680,0,0,0,6.03156,3.64007,0,2092,33509917279
24.3555,41.0585,45.5422,0,100,65,61,680,0,0,0,6.03156,3.64007,0,2092,33610104779
24.6562,40.5577,45.5422,0,100,65,61,680,0,0,0,6.03156,3.64007,0,2092,33710232956
24.2461,41.2438,45.5422,0,100,65,61,680,0,0,0,6.03156,3.64007,0,2092,33810381133
24.0945,41.5032,46.2069,0,99,63,61,680,0,0,0,6.03495,3.64006,0,2092,33910541967
24.1375,41.4294,46.2069,0,99,63,61,680,0,0,0,6.03495,3.64006,0,2092,34010730091
25.595,39.0702,46.2069,0,99,63,61,680,0,0,0,6.03495,3.64006,0,2092,34110911914
24.1619,41.3874,46.2069,0,99,63,61,680,0,0,0,6.03495,3.64006,0,2092,34211073321
24.3953,40.9916,46.2069,0,99,63,61,680,0,0,0,6.03495,3.64006,0,2092,34311253112
23.8426,41.9417,46.2069,0,99,63,61,680,0,0,0,6.03495,3.64006,0,2092,34411417696
22.7659,43.9253,46.9388,0,100,63,61,680,0,0,0,6.03863,3.64003,0,2092,34511599362
24.4212,40.948,46.9388,0,100,63,61,680,0,0,0,6.03863,3.64003,0,2092,34611747904
22.582,44.283,46.9388,0,100,63,61,680,0,0,0,6.03863,3.64003,0,2092,34711893633
24.276,41.193,46.9388,0,100,63,61,680,0,0,0,6.03863,3.64003,0,2092,34812284935
23.8189,41.9835,46.9388,0,100,63,61,680,0,0,0,6.03863,3.64003,0,2092,34912441445
26.2726,38.0624,44.8276,0,99,64,61,680,0,0,0,6.04258,3.64001,0,2092,35012590560
16.0563,62.2809,44.8276,0,99,64,61,680,0,0,0,6.04258,3.64001,0,2092,35112729987
15.7303,63.5717,44.8276,0,99,64,61,680,0,0,0,6.04258,3.64001,0,2092,35212854206
15.607,64.074,44.8276,0,99,64,61,680,0,0,0,6.04258,3.64001,0,2092,35313043268
15.2991,65.3634,44.8276,0,99,64,61,680,0,0,0,6.04258,3.64001,0,2092,35413389674
15.8343,63.154,45.6221,0,92,64,62,680,0,0,0,6.04803,3.63966,0,2092,35514120195
15.4931,64.5451,45.6221,0,92,64,62,680,0,0,0,6.04803,3.63966,0,2092,35614224101
15.4819,64.5917,45.6221,0,92,64,62,680,0,0,0,6.04803,3.63966,0,2092,35714332226
15.5159,64.4501,45.6221,0,92,64,62,680,0,0,0,6.04803,3.63966,0,2092,35814489049
15.6365,63.9528,45.6221,0,92,64,62,680,0,0,0,6.04803,3.63966,0,2092,35914621341
15.6699,63.8168,25.6659,0,100,61,62,680,0,0,0,6.04673,3.63961,0,595,36015039622
15.8073,63.2618,25.6659,0,100,61,62,680,0,0,0,6.04673,3.63961,0,595,36115249205
15.5007,64.5133,25.6659,0,100,61,62,680,0,0,0,6.04673,3.63961,0,595,36215435039
15.7628,63.4405,25.6659,0,100,61,62,680,0,0,0,6.04673,3.63961,0,595,36315601393
15.7526,63.4817,25.6659,0,100,61,62,680,0,0,0,6.04673,3.63961,0,595,36415743320
15.5259,64.4084,25.4762,0,100,59,62,680,0,0,0,6.04651,3.63961,0,1286,36515876028
15.5032,64.503,25.4762,0,100,59,62,680,0,0,0,6.04651,3.63961,0,1286,36615997955
15.6902,63.7342,25.4762,0,100,59,62,680,0,0,0,6.04651,3.63961,0,1286,36716125715
15.3891,64.9812,25.4762,0,100,59,62,680,0,0,0,6.04651,3.63961,0,1286,36816274361
14.8933,67.1443,25.4762,0,100,59,62,680,0,0,0,6.04651,3.63961,0,1286,36916421705
15.4606,64.6805,22.1698,0,100,59,61,680,0,0,0,6.04636,3.63961,0,1017,37016586497
15.6129,64.0496,22.1698,0,100,59,61,680,0,0,0,6.04636,3.63961,0,1017,37116722122
15.1135,66.1662,22.1698,0,100,59,61,680,0,0,0,6.04636,3.63961,0,1017,37216860715
15.6955,63.7125,22.1698,0,100,59,61,680,0,0,0,6.04636,3.63961,0,1017,37317023424
15.6202,64.0196,22.1698,0,100,59,61,680,0,0,0,6.04636,3.63961,0,1017,37417184830
15.5704,64.2243,22.1698,0,100,59,61,680,0,0,0,6.04636,3.63961,0,1017,37517328476
15.7207,63.6104,24.4131,0,100,58,62,680,0,0,0,6.04636,3.6396,0,902,37617791080
15.2661,65.5046,24.4131,0,100,58,62,680,0,0,0,6.04636,3.6396,0,902,37717943371
15.2471,65.5865,24.4131,0,100,58,62,680,0,0,0,6.04636,3.6396,0,902,37818222798
15.7931,63.3188,24.4131,0,100,58,62,680,0,0,0,6.04636,3.6396,0,902,37918365975
15.445,64.7459,24.4131,0,100,58,62,680,0,0,0,6.04636,3.6396,0,902,38018506027
15.1201,66.1373,30.0926,0,91,59,62,680,0,0,0,6.06207,3.6396,0,2092,38118617694
15.7136,63.6393,30.0926,0,91,59,62,680,0,0,0,6.06207,3.6396,0,2092,38218728111
15.2414,65.6109,30.0926,0,91,59,62,680,0,0,0,6.06207,3.6396,0,2092,38318846132
16.0849,62.1702,30.0926,0,91,59,62,680,0,0,0,6.06207,3.6396,0,2092,38418997590
15.2939,65.3856,30.0926,0,91,59,62,680,0,0,0,6.06207,3.6396,0,2092,38519122642
15.5895,64.1457,24.5327,0,100,59,61,680,0,0,0,6.0591,3.63958,0,1536,38619250350
15.6616,63.8505,24.5327,0,100,59,61,680,0,0,0,6.0591,3.63958,0,1536,38719407798
15.5388,64.3549,24.5327,0,100,59,61,680,0,0,0,6.0591,3.63958,0,1536,38819526913
15.7165,63.6275,24.5327,0,100,59,61,680,0,0,0,6.0591,3.63958,0,1536,38919651913
15.3671,65.074,24.5327,0,100,59,61,680,0,0,0,6.0591,3.63958,0,1536,39019822538
14.4612,69.1504,27.1889,0,100,59,61,680,0,0,0,6.05475,3.63951,0,1017,39119979673
15.5291,64.3953,27.1889,0,100,59,61,680,0,0,0,6.05475,3.63951,0,1017,39220157537
15.1895,65.8352,27.1889,0,100,59,61,680,0,0,0,6.05475,3.63951,0,1017,39320324308
15.4482,64.7326,27.1889,0,100,59,61,680,0,0,0,6.05475,3.63951,0,1017,39420529725
15.85,63.0914,27.1889,0,100,59,61,680,0,0,0,6.05475,3.63951,0,1017,39520717850
14.8556,67.3145,27.0588,0,96,59,61,680,0,0,0,6.05497,3.63616,0,1228,39620903891
16.1325,61.9867,27.0588,0,96,59,61,680,0,0,0,6.05497,3.63616,0,1228,39721076079
15.7211,63.6089,27.0588,0,96,59,61,680,0,0,0,6.05497,3.63616,0,1228,39821196496
15.4128,64.8811,27.0588,0,96,59,61,680,0,0,0,6.05497,3.63616,0,1228,39921329152
15.4617,64.6759,27.0588,0,96,59,61,680,0,0,0,6.05497,3.63616,0,1228,40021458162
15.5127,64.4632,27.8571,0,100,58,61,680,0,0,0,6.02314,3.6303,0,1113,40121611912
15.3733,65.0479,27.8571,0,100,58,61,680,0,0,0,6.02314,3.6303,0,1113,40221782172
15.8926,62.9224,27.8571,0,100,58,61,680,0,0,0,6.02314,3.6303,0,1113,40321966964
15.4635,64.6684,27.8571,0,100,58,61,680,0,0,0,6.02314,3.6303,0,1113,40422127172
15.5421,64.3412,27.8571,0,100,58,61,680,0,0,0,6.02314,3.6303,0,1113,40522284099
15.646,63.9143,27.8571,0,100,58,61,680,0,0,0,6.02314,3.6303,0,1113,40622429672
14.4547,69.1816,24.3437,0,100,58,61,680,0,0,0,6.02247,3.63012,0,1017,40722579776
15.5112,64.4694,24.3437,0,100,58,61,680,0,0,0,6.02247,3.63012,0,1017,40822762328
15.5769,64.1975,24.3437,0,100,58,61,680,0,0,0,6.02247,3.63012,0,1017,40922947901
15.6635,63.8426,24.3437,0,100,58,61,680,0,0,0,6.02247,3.63012,0,1017,41023100141
15.5238,64.4173,24.3437,0,100,58,61,680,0,0,0,6.02247,3.63012,0,1017,41123244880
15.4401,64.7665,26.8235,0,100,58,62,680,0,0,0,6.02134,3.6301,0,1344,41223443526
15.264,65.5137,26.8235,0,100,58,62,680,0,0,0,6.02134,3.6301,0,1344,41323670714
15.3678,65.0709,26.8235,0,100,58,62,680,0,0,0,6.02134,3.6301,0,1344,41423835193
15.381,65.0155,26.8235,0,100,58,62,680,0,0,0,6.02134,3.6301,0,1344,41524061599
15.547,64.3213,26.8235,0,100,58,62,680,0,0,0,6.02134,3.6301,0,1344,41624229099
15.1092,66.1849,25.3521,0,93,58,61,680,0,0,0,6.02179,3.6301,0,1344,41724417901
15.6085,64.0678,25.3521,0,93,58,61,680,0,0,0,6.02179,3.6301,0,1344,41824563318
15.5271,64.4037,25.3521,0,93,58,61,680,0,0,0,6.02179,3.6301,0,1344,41924714828
15.7849,63.3518,25.3521,0,93,58,61,680,0,0,0,6.02179,3.6301,0,1344,42024871547
15.6699,63.8166,25.3521,0,93,58,61,680,0,0,0,6.02179,3.6301,0,1344,42125073995
15.4778,64.6085,22.6415,0,100,58,61,680,0,0,0,6.02166,3.6301,0,1228,42225263734
15.5455,64.3274,22.6415,0,100,58,61,680,0,0,0,6.02166,3.6301,0,1228,42325432797
15.2958,65.3773,22.6415,0,100,58,61,680,0,0,0,6.02166,3.6301,0,1228,42425604620
15.1227,66.1257,22.6415,0,100,58,61,680,0,0,0,6.02166,3.6301,0,1228,42525781286
15.734,63.5566,22.6415,0,100,58,61,680,0,0,0,6.02166,3.6301,0,1228,42625956859
14.9644,66.8252,25.3521,0,100,59,61,680,0,0,0,6.02166,3.6301,0,1017,42726138890
15.89,62.9326,25.3521,0,100,59,61,680,0,0,0,6.02166,3.6301,0,1017,42826329515
15.4284,64.8156,25.3521,0,100,59,61,680,0,0,0,6.02166,3.6301,0,1017,42926507119
15.4152,64.8712,25.3521,0,100,59,61,680,0,0,0,6.02166,3.6301,0,1017,43026712536
15.2697,65.4892,25.3521,0,100,59,61,680,0,0,0,6.02166,3.6301,0,1017,43126920088
15.6125,64.0512,24.6411,0,100,58,61,680,0,0,0,6.02142,3.63004,0,1017,43227155713
15.7026,63.6835,24.6411,0,100,58,61,680,0,0,0,6.02142,3.63004,0,1017,43327336546
15.4892,64.5609,24.6411,0,100,58,61,680,0,0,0,6.02142,3.63004,0,1017,43427545244
15.4553,64.7028,24.6411,0,100,58,61,680,0,0,0,6.02142,3.63004,0,1017,43527783369
15.555,64.2881,24.6411,0,100,58,61,680,0,0,0,6.02142,3.63004,0,1017,43627912588
16.1525,61.9101,26.9953,0,100,58,62,680,0,0,0,6.02142,3.63004,0,1113,43728050661
15.6358,63.9556,26.9953,0,100,58,62,680,0,0,0,6.02142,3.63004,0,1113,43828236234
15.5319,64.3836,26.9953,0,100,58,62,680,0,0,0,6.02142,3.63004,0,1113,43928443681
15.5395,64.3522,26.9953,0,100,58,62,680,0,0,0,6.02142,3.63004,0,1113,44028631859
15.5753,64.2043,26.9953,0,100,58,62,680,0,0,0,6.02142,3.63004,0,1113,44128806233
15.7235,63.5991,26.9953,0,100,58,62,680,0,0,0,6.02142,3.63004,0,1113,44228965713
15.6302,63.9787,25.6471,0,91,59,61,680,0,0,0,6.01775,3.62996,0,1344,44329136233
16.2615,61.4951,25.6471,0,91,59,61,680,0,0,0,6.01775,3.62996,0,1344,44429386963
15.6605,63.8547,25.6471,0,91,59,61,680,0,0,0,6.01775,3.62996,0,1344,44529578994
15.7816,63.3648,25.6471,0,91,59,61,680,0,0,0,6.01775,3.62996,0,1344,44629774046
15.7489,63.4965,25.6471,0,91,59,61,680,0,0,0,6.01775,3.62996,0,1344,44729963212
15.0264,66.5494,30.2817,0,100,58,61,680,0,0,0,6.0142,3.62995,0,1228,44830138942
15.4688,64.6465,30.2817,0,100,58,61,680,0,0,0,6.0142,3.62995,0,1228,44930318525
15.3518,65.1391,30.2817,0,100,58,61,680,0,0,0,6.0142,3.62995,0,1228,45030499462
15.5379,64.359,30.2817,0,100,58,61,680,0,0,0,6.0142,3.62995,0,1228,45130674931
15.4408,64.7633,30.2817,0,100,58,61,680,0,0,0,6.0142,3.62995,0,1228,45230855035
15.483,64.5868,22.77,0,100,58,61,680,0,0,0,6.01392,3.6299,0,1459,45331026077
16.0857,62.1671,22.77,0,100,58,61,680,0,0,0,6.01392,3.6299,0,1459,45431206650
15.5868,64.1567,22.77,0,100,58,61,680,0,0,0,6.01392,3.6299,0,1459,45531409150
15.8657,63.029,22.77,0,100,58,61,680,0,0,0,6.01392,3.6299,0,1459,45631602952
15.2429,65.6041,22.77,0,100,58,61,680,0,0,0,6.01392,3.6299,0,1459,45731787170
15.5132,64.4612,24.9406,0,100,58,61,680,0,0,0,6.02538,3.6299,0,1056,45831918785
15.6441,63.922,24.9406,0,100,58,61,680,0,0,0,6.02538,3.6299,0,1056,45932052952
15.5737,64.2109,24.9406,0,100,58,61,680,0,0,0,6.02538,3.6299,0,1056,46032193837
15.1801,65.8757,24.9406,0,100,58,61,680,0,0,0,6.02538,3.6299,0,1056,46132330295
15.4972,64.5279,24.9406,0,100,58,61,680,0,0,0,6.02538,3.6299,0,1056,46232512222
16.1235,62.0211,22.4344,0,100,58,61,680,0,0,0,6.02358,3.6299,0,1113,46332716337
15.4739,64.6252,22.4344,0,100,58,61,680,0,0,0,6.02358,3.6299,0,1113,46432950556
15.8765,62.9862,22.4344,0,100,58,61,680,0,0,0,6.02358,3.6299,0,1113,46533121649
15.6184,64.0272,22.4344,0,100,58,61,680,0,0,0,6.02358,3.6299,0,1113,46633282535
15.4553,64.7029,22.4344,0,100,58,61,680,0,0,0,6.02358,3.6299,0,1113,46733508472
15.4432,64.7535,23.9437,0,100,58,62,680,0,0,0,6.02358,3.6299,0,1113,46833721753
15.3163,65.2901,23.9437,0,100,58,62,680,0,0,0,6.02358,3.6299,0,1113,46933895243
15.8596,63.0533,23.9437,0,100,58,62,680,0,0,0,6.02358,3.6299,0,1113,47034082222
15.6345,63.9613,23.9437,0,100,58,62,680,0,0,0,6.02358,3.6299,0,1113,47134271493
15.6181,64.0284,23.9437,0,100,58,62,680,0,0,0,6.02358,3.6299,0,1113,47234430347
15.3215,65.268,23.0047,0,93,59,61,680,0,0,0,6.02335,3.62989,0,1344,47334594461
15.4396,64.7686,23.0047,0,93,59,61,680,0,0,0,6.02335,3.62989,0,1344,47434812013
15.3251,65.2523,23.0047,0,93,59,61,680,0,0,0,6.02335,3.62989,0,1344,47534936493
15.1276,66.1045,23.0047,0,93,59,61,680,0,0,0,6.02335,3.62989,0,1344,47635096805
15.6622,63.8479,23.0047,0,93,59,61,680,0,0,0,6.02335,3.62989,0,1344,47735253055
15.6483,63.9049,23.0047,0,93,59,61,680,0,0,0,6.02335,3.62989,0,1344,47835379982
15.12,66.1376,23.7762,0,100,58,62,680,0,0,0,6.02357,3.62989,0,1228,47935510555
15.6548,63.8783,23.7762,0,100,58,62,680,0,0,0,6.02357,3.62989,0,1228,48035680451
15.4528,64.7133,23.7762,0,100,58,62,680,0,0,0,6.02357,3.62989,0,1228,48135850138
14.8775,67.2155,23.7762,0,100,58,62,680,0,0,0,6.02357,3.62989,0,1228,48236148211
16.518,60.54,23.7762,0,100,58,62,680,0,0,0,6.02357,3.62989,0,1228,48336303107
15.5979,64.1113,22.695,0,100,58,61,680,0,0,0,6.02011,3.62988,0,1344,48436489617
15.3843,65.0015,22.695,0,100,58,61,680,0,0,0,6.02011,3.62988,0,1344,48536636076
15.4583,64.6903,22.695,0,100,58,61,680,0,0,0,6.02011,3.62988,0,1344,48636772378
15.5201,64.4328,22.695,0,100,58,61,680,0,0,0,6.02011,3.62988,0,1344,48736918367
15.3242,65.2561,22.695,0,100,58,61,680,0,0,0,6.02011,3.62988,0,1344,48837094461
15.7833,63.3581,22.695,0,100,58,62,680,0,0,0,6.0199,3.62988,0,1113,48937238992
15.4917,64.5507,22.695,0,100,58,62,680,0,0,0,6.0199,3.62988,0,1113,49037374200
15.4705,64.6391,22.695,0,100,58,62,680,0,0,0,6.0199,3.62988,0,1113,49137526544
15.9477,62.7051,22.695,0,100,58,62,680,0,0,0,6.0199,3.62988,0,1113,49237665815
15.6555,63.8753,22.695,0,100,58,62,680,0,0,0,6.0199,3.62988,0,1113,49337815346
15.482,64.5909,23.9234,0,100,59,62,680,0,0,0,6.01939,3.62963,0,1459,49437988784
15.201,65.7852,23.9234,0,100,59,62,680,0,0,0,6.01939,3.62963,0,1459,49538223106
15.6289,63.9839,23.9234,0,100,59,62,680,0,0,0,6.01939,3.62963,0,1459,49638356336
15.4464,64.7399,23.9234,0,100,59,62,680,0,0,0,6.01939,3.62963,0,1459,49738512742
15.3868,64.9908,23.9234,0,100,59,62,680,0,0,0,6.01939,3.62963,0,1459,49838643054
15.1332,66.0801,24.2925,0,98,58,62,680,0,0,0,6.01958,3.62963,0,1017,49938792377
15.7225,63.603,24.2925,0,98,58,62,680,0,0,0,6.01958,3.62963,0,1017,50038949096
14.6373,68.3188,24.2925,0,98,58,62,680,0,0,0,6.01958,3.62963,0,1017,50139171596
15.7539,63.4762,24.2925,0,98,58,62,680,0,0,0,6.01958,3.62963,0,1017,50239359304
15.3874,64.9881,24.2925,0,98,58,62,680,0,0,0,6.01958,3.62963,0,1017,50339515814
15.6176,64.0303,28.169,0,93,58,62,680,0,0,0,6.01921,3.62962,0,1017,50439688002
15.1068,66.1956,28.169,0,93,58,62,680,0,0,0,6.01921,3.62962,0,1017,50539866179
15.0928,66.2568,28.169,0,93,58,62,680,0,0,0,6.01921,3.62962,0,1017,50640070710
15.6514,63.8921,28.169,0,93,58,62,680,0,0,0,6.01921,3.62962,0,1017,50740297898
15.1741,65.9019,28.169,0,93,58,62,680,0,0,0,6.01921,3.62962,0,1017,50840422481
15.5092,64.4778,26.097,0,100,58,61,680,0,0,0,6.01921,3.62962,0,1171,50940571387
15.6941,63.7182,26.097,0,100,58,61,680,0,0,0,6.01921,3.62962,0,1171,51040704408
16.1206,62.0324,26.097,0,100,58,61,680,0,0,0,6.01921,3.62962,0,1171,51140819408
15.2889,65.4069,26.097,0,100,58,61,680,0,0,0,6.01921,3.62962,0,1171,51240977272
15.5875,64.1541,26.097,0,100,58,61,680,0,0,0,6.01921,3.62962,0,1171,51341159199
15.7582,63.459,26.097,0,100,58,61,680,0,0,0,6.01921,3.62962,0,1171,51441391699
15.6949,63.7151,24.9406,0,100,58,61,680,0,0,0,6.01894,3.62962,0,1017,51541601595
15.6987,63.6994,24.9406,0,100,58,61,680,0,0,0,6.01894,3.62962,0,1017,51641799824
15.4955,64.5348,24.9406,0,100,58,61,680,0,0,0,6.01894,3.62962,0,1017,51742002168
15.8202,63.2104,24.9406,0,100,58,61,680,0,0,0,6.01894,3.62962,0,1017,51842184251
15.6692,63.8196,24.9406,0,100,58,61,680,0,0,0,6.01894,3.62962,0,1017,51942349928
15.288,65.4107,23.8554,0,100,58,61,680,0,0,0,6.01889,3.62962,0,787,52042522949
15.1668,65.9333,23.8554,0,100,58,61,680,0,0,0,6.01889,3.62962,0,787,52142680085
15.2209,65.6991,23.8554,0,100,58,61,680,0,0,0,6.01889,3.62962,0,787,52242883418
15.9327,62.764,23.8554,0,100,58,61,680,0,0,0,6.01889,3.62962,0,787,52343054407
15.7485,63.4979,23.8554,0,100,58,61,680,0,0,0,6.01889,3.62962,0,787,52443223105
15.4157,64.8688,25.1748,0,99,58,62,680,0,0,0,6.01878,3.62961,0,729,52543409876
15.363,65.0916,25.1748,0,99,58,62,680,0,0,0,6.01878,3.62961,0,729,52643585761
15.6294,63.9821,25.1748,0,99,58,62,680,0,0,0,6.01878,3.62961,0,729,52743723886
15.8251,63.1907,25.1748,0,99,58,62,680,0,0,0,6.01878,3.62961,0,729,52843842063
15.536,64.3665,25.1748,0,99,58,62,680,0,0,0,6.01878,3.62961,0,729,52943996230
15.6497,63.8991,26.4151,0,92,58,62,680,0,0,0,6.01873,3.62961,0,1113,53044155032
15.2085,65.7525,26.4151,0,92,58,62,680,0,0,0,6.01873,3.62961,0,1113,53144360970
15.782,63.3634,26.4151,0,92,58,62,680,0,0,0,6.01873,3.62961,0,1113,53244526074
15.2114,65.7401,26.4151,0,92,58,62,680,0,0,0,6.01873,3.62961,0,1113,53344688626
15.2639,65.5141,26.4151,0,92,58,62,680,0,0,0,6.01873,3.62961,0,1113,53444859928
15.3741,65.0444,26.1682,0,100,58,62,680,0,0,0,6.01873,3.62961,0,787,53545097532
16.2987,61.3546,26.1682,0,100,58,62,680,0,0,0,6.01873,3.62961,0,787,53645286022
15.2678,65.4974,26.1682,0,100,58,62,680,0,0,0,6.01873,3.62961,0,787,53745439511
15.5304,64.3899,26.1682,0,100,58,62,680,0,0,0,6.01873,3.62961,0,787,53845614980
15.653,63.8855,26.1682,0,100,58,62,680,0,0,0,6.01873,3.62961,0,787,53945826490
15.6752,63.795,24.9412,0,100,58,61,680,0,0,0,6.01851,3.62944,0,1017,54046012636
15.451,64.7205,24.9412,0,100,58,61,680,0,0,0,6.01851,3.62944,0,1017,54146167011
15.5227,64.4218,24.9412,0,100,58,61,680,0,0,0,6.01851,3.62944,0,1017,54246345032
15.5572,64.2791,24.9412,0,100,58,61,680,0,0,0,6.01851,3.62944,0,1017,54346533157
15.5919,64.1357,24.9412,0,100,58,61,680,0,0,0,6.01851,3.62944,0,1017,54446681125
15.3927,64.9657,26.4775,0,100,58,61,680,0,0,0,6.01923,3.62944,0,902,54546858886
15.6429,63.9267,26.4775,0,100,58,61,680,0,0,0,6.01923,3.62944,0,902,54647015188
15.5288,64.3967,26.4775,0,100,58,61,680,0,0,0,6.01923,3.62944,0,902,54747160188
15.7166,63.6269,26.4775,0,100,58,61,680,0,0,0,6.01923,3.62944,0,902,54847306125
15.4295,64.811,26.4775,0,100,58,61,680,0,0,0,6.01923,3.62944,0,902,54947456177
15.5151,64.4535,26.4775,0,100,58,61,680,0,0,0,6.01923,3.62944,0,902,55047607636
15.6808,63.7724,21.2411,0,100,58,61,680,0,0,0,6.01923,3.62944,0,902,55147764302
15.3216,65.2674,21.2411,0,100,58,61,680,0,0,0,6.01923,3.62944,0,902,55247931594
16.6334,60.1202,21.2411,0,100,58,61,680,0,0,0,6.01923,3.62944,0,902,55348083417
15.7061,63.6695,21.2411,0,100,58,61,680,0,0,0,6.01923,3.62944,0,902,55448233573
15.5557,64.2851,21.2411,0,100,58,61,680,0,0,0,6.01923,3.62944,0,902,55548389771
15.6899,63.7351,29.1469,0,98,60,62,680,0,0,0,6.01858,3.62745,0,1459,55648530864
15.8895,62.9347,29.1469,0,98,60,62,680,0,0,0,6.01858,3.62745,0,1459,55748638937
15.2928,65.3903,29.1469,0,98,60,62,680,0,0,0,6.01858,3.62745,0,1459,55848754041
15.2866,65.4168,29.1469,0,98,60,62,680,0,0,0,6.01858,3.62745,0,1459,55948878104
15.4709,64.6375,29.1469,0,98,60,62,680,0,0,0,6.01858,3.62745,0,1459,56049007375
15.2047,65.7693,20.6573,0,92,59,62,680,0,0,0,6.02452,3.62662,0,1113,56149134718
15.4698,64.6422,20.6573,0,92,59,62,680,0,0,0,6.02452,3.62662,0,1113,56249249927
15.3437,65.1732,20.6573,0,92,59,62,680,0,0,0,6.02452,3.62662,0,1113,56349392166
15.0988,66.2305,20.6573,0,92,59,62,680,0,0,0,6.02452,3.62662,0,1113,56449595448
15.3605,65.1019,20.6573,0,92,59,62,680,0,0,0,6.02452,3.62662,0,1113,56549829406
15.5013,64.5107,24.9412,0,100,58,62,680,0,0,0,6.02452,3.62661,0,902,56650023729
15.7397,63.5338,24.9412,0,100,58,62,680,0,0,0,6.02452,3.62661,0,902,56751002791
15.1038,66.2085,24.9412,0,100,58,62,680,0,0,0,6.02452,3.62661,0,902,56851154874
15.6318,63.9722,24.9412,0,100,58,62,680,0,0,0,6.02452,3.62661,0,902,56951340760
15.3111,65.3119,24.9412,0,100,58,62,680,0,0,0,6.02452,3.62661,0,902,57051494249
15.1094,66.1841,25.7471,0,100,58,62,680,0,0,0,6.02452,3.62661,0,1344,57151672895
15.8428,63.12,25.7471,0,100,58,62,680,0,0,0,6.02452,3.62661,0,1344,57251809249
15.3762,65.0357,25.7471,0,100,58,62,680,0,0,0,6.02452,3.62661,0,1344,57352152687
15.3796,65.0211,25.7471,0,100,58,62,680,0,0,0,6.02452,3.62661,0,1344,57452285499
15.359,65.1083,25.7471,0,100,58,62,680,0,0,0,6.02452,3.62661,0,1344,57552444197
15.3995,64.937,25.7471,0,100,58,62,680,0,0,0,6.02452,3.62661,0,1344,57652571801
15.217,65.7158,23.9437,0,100,58,62,680,0,0,0,6.02452,3.62661,0,940,57752695187
15.7473,63.5029,23.9437,0,100,58,62,680,0,0,0,6.02452,3.62661,0,940,57852846280
15.123,66.1243,23.9437,0,100,58,62,680,0,0,0,6.02452,3.62661,0,940,57953036801
15.7292,63.5759,23.9437,0,100,58,62,680,0,0,0,6.02452,3.62661,0,940,58053233311
15.0996,66.227,23.9437,0,100,58,62,680,0,0,0,6.02452,3.62661,0,940,58153351436
15.3024,65.3494,22.8438,0,91,59,63,680,0,0,0,6.02452,3.62661,0,1113,58253503416
15.8051,63.2706,22.8438,0,91,59,63,680,0,0,0,6.02452,3.62661,0,1113,58353692947
15.4999,64.5164,22.8438,0,91,59,63,680,0,0,0,6.02452,3.62661,0,1113,58453861488
15.3556,65.1228,22.8438,0,91,59,63,680,0,0,0,6.02452,3.62661,0,1113,58554030238
15.2517,65.5664,22.8438,0,91,59,63,680,0,0,0,6.02452,3.62661,0,1113,58654239770
15.3659,65.0792,24.6446,0,100,58,62,680,0,0,0,6.02477,3.62661,0,729,58754409822
15.8347,63.1526,24.6446,0,100,58,62,680,0,0,0,6.02477,3.62661,0,729,58854535811
15.4761,64.6159,24.6446,0,100,58,62,680,0,0,0,6.02477,3.62661,0,729,58954670655
15.0765,66.3285,24.6446,0,100,58,62,680,0,0,0,6.02477,3.62661,0,729,59054823363
15.3244,65.2553,24.6446,0,100,58,62,680,0,0,0,6.02477,3.62661,0,729,59154976280
15.2011,65.7846,25.1174,0,100,59,62,680,0,0,0,6.02466,3.62661,0,1017,59255134926
15.6814,63.7699,25.1174,0,100,59,62,680,0,0,0,6.02466,3.62661,0,1017,59355322426
15.5941,64.1266,25.1174,0,100,59,62,680,0,0,0,6.02466,3.62661,0,1017,59455457217
15.4133,64.8792,25.1174,0,100,59,62,680,0,0,0,6.02466,3.62661,0,1017,59555587738
15.2949,65.3812,25.1174,0,100,59,62,680,0,0,0,6.02466,3.62661,0,1017,59655722321
15.14,66.0501,22.1698,0,98,59,62,680,0,0,0,6.02009,3.62661,0,844,59755859457
15.6711,63.8119,22.1698,0,98,59,62,680,0,0,0,6.02009,3.62661,0,844,59856014665
15.6315,63.9734,22.1698,0,98,59,62,680,0,0,0,6.02009,3.62661,0,844,59956229300
15.4097,64.8942,22.1698,0,98,59,62,680,0,0,0,6.02009,3.62661,0,844,60056423727
15.5945,64.1253,22.1698,0,98,59,62,680,0,0,0,6.02009,3.62661,0,844,60156555498
15.2513,65.5682,24.7059,0,100,58,62,680,0,0,0,6.02051,3.62661,0,672,60256748206
15.879,62.9761,24.7059,0,100,58,62,680,0,0,0,6.02051,3.62661,0,672,60356910863
15.341,65.1849,24.7059,0,100,58,62,680,0,0,0,6.02051,3.62661,0,672,60457202529
15.184,65.8587,24.7059,0,100,58,62,680,0,0,0,6.02051,3.62661,0,672,60557360446
15.1214,66.1314,24.7059,0,100,58,62,680,0,0,0,6.02051,3.62661,0,672,60657546071
15.2346,65.64,24.7059,0,100,58,62,680,0,0,0,6.02051,3.62661,0,672,60757704717
14.3758,69.5616,28.6713,0,100,59,62,680,0,0,0,6.02036,3.6266,0,1113,60857864613
16.4137,60.9246,28.6713,0,100,59,62,680,0,0,0,6.02036,3.6266,0,1113,60958715602
15.7254,63.5914,28.6713,0,100,59,62,680,0,0,0,6.02036,3.6266,0,1113,61058898362
14.9781,66.7643,28.6713,0,100,59,62,680,0,0,0,6.02036,3.6266,0,1113,61159041071
15.5723,64.2165,28.6713,0,100,59,62,680,0,0,0,6.02036,3.6266,0,1113,61259179196
15.5536,64.294,20.9026,0,100,58,63,680,0,0,0,6.02036,3.6266,0,1056,61359358727
15.532,64.3831,20.9026,0,100,58,63,680,0,0,0,6.02036,3.6266,0,1056,61459496279
15.4025,64.9243,20.9026,0,100,58,63,680,0,0,0,6.02036,3.6266,0,1056,61559625810
15.0503,66.4437,20.9026,0,100,58,63,680,0,0,0,6.02036,3.6266,0,1056,61659744612
15.5176,64.4428,20.9026,0,100,58,63,680,0,0,0,6.02036,3.6266,0,1056,61759874612
15.5173,64.4442,23.2558,0,92,59,62,680,0,0,0,6.02036,3.6266,0,1056,61860277893
14.9976,66.6776,23.2558,0,92,59,62,680,0,0,0,6.02036,3.6266,0,1056,61960406487
15.658,63.8652,23.2558,0,92,59,62,680,0,0,0,6.02036,3.6266,0,1056,62060582060
15.6442,63.9214,23.2558,0,92,59,62,680,0,0,0,6.02036,3.6266,0,1056,62160816383
15.1891,65.8367,23.2558,0,92,59,62,680,0,0,0,6.02036,3.6266,0,1056,62261104977
15.4771,64.6116,21.3777,0,100,59,62,680,0,0,0,6.02028,3.6266,0,940,62361442529
15.6349,63.9595,21.3777,0,100,59,62,680,0,0,0,6.02028,3.6266,0,940,62461740445
15.208,65.7549,21.3777,0,100,59,62,680,0,0,0,6.02028,3.6266,0,940,62561986435
15.6146,64.0425,21.3777,0,100,59,62,680,0,0,0,6.02028,3.6266,0,940,62662184872
14.9664,66.8164,21.3777,0,100,59,62,680,0,0,0,6.02028,3.6266,0,940,62762418935
15.1052,66.2022,21.729,0,100,59,63,680,0,0,0,6.0205,3.6266,0,902,62862601851
15.9404,62.7339,21.729,0,100,59,63,680,0,0,0,6.0205,3.6266,0,902,62962778362
15.5333,64.3778,21.729,0,100,59,63,680,0,0,0,6.0205,3.6266,0,902,63062967268
15.6977,63.7035,21.729,0,100,59,63,680,0,0,0,6.0205,3.6266,0,902,63163163882
15.2249,65.6817,21.729,0,100,59,63,680,0,0,0,6.0205,3.6266,0,902,63263331643
14.8671,67.2625,23.5849,0,91,59,62,680,0,0,0,6.02026,3.6266,0,787,63363597059
16.0138,62.4462,23.5849,0,91,59,62,680,0,0,0,6.02026,3.6266,0,787,63463818362
15.624,64.0042,23.5849,0,91,59,62,680,0,0,0,6.02026,3.6266,0,787,63563996903
15.58,64.1849,23.5849,0,91,59,62,680,0,0,0,6.02026,3.6266,0,787,63664138570
15.377,65.0322,23.5849,0,91,59,62,680,0,0,0,6.02026,3.6266,0,787,63764343934
15.3046,65.3396,23.5849,0,91,59,62,680,0,0,0,6.02026,3.6266,0,787,63864501018
15.3253,65.2518,24.228,0,100,59,62,680,0,0,0,6.02026,3.6266,0,1017,63964664403
15.7473,63.5028,24.228,0,100,59,62,680,0,0,0,6.02026,3.6266,0,1017,64064846903
15.4147,64.8733,24.228,0,100,59,62,680,0,0,0,6.02026,3.6266,0,1017,64164959038
15.4242,64.833,24.228,0,100,59,62,680,0,0,0,6.02026,3.6266,0,1017,64265178153
15.544,64.3335,24.228,0,100,59,62,680,0,0,0,6.02026,3.6266,0,1017,64365467788
15.2956,65.3783,29.1375,0,100,59,62,680,0,0,0,6.02026,3.6266,0,1017,64465675549
15.842,63.1233,29.1375,0,100,59,62,680,0,0,0,6.02026,3.6266,0,1017,64565863934
15.4163,64.8666,29.1375,0,100,59,62,680,0,0,0,6.02026,3.6266,0,1017,64666068621
15.8314,63.1656,29.1375,0,100,59,62,680,0,0,0,6.02026,3.6266,0,1017,64766231903
15.3907,64.9744,29.1375,0,100,59,62,680,0,0,0,6.02026,3.6266,0,1017,64866406590
15.5376,64.3599,24.5238,0,100,59,62,680,0,0,0,6.01831,3.6266,0,1017,64966567840
15.3441,65.1717,24.5238,0,100,59,62,680,0,0,0,6.01831,3.6266,0,1017,65066706017
15.4493,64.7277,24.5238,0,100,59,62,680,0,0,0,6.01831,3.6266,0,1017,65166876642
15.3067,65.3309,24.5238,0,100,59,62,680,0,0,0,6.01831,3.6266,0,1017,65267038465
15.7201,63.6127,24.5238,0,100,59,62,680,0,0,0,6.01831,3.6266,0,1017,65367194767
15.2073,65.758,23.1679,0,99,59,63,680,0,0,0,6.01818,3.62649,0,902,65467361642
15.6715,63.8101,23.1679,0,99,59,63,680,0,0,0,6.01818,3.62649,0,902,65567565079
15.4505,64.7229,23.1679,0,99,59,63,680,0,0,0,6.01818,3.62649,0,902,65667757840
15.5492,64.312,23.1679,0,99,59,63,680,0,0,0,6.01818,3.62649,0,902,65767900236
15.4471,64.737,23.1679,0,99,59,63,680,0,0,0,6.01818,3.62649,0,902,65868022840
15.5793,64.1876,26.3789,0,93,60,63,680,0,0,0,6.01795,3.62649,0,1344,65968154194
15.5745,64.2075,26.3789,0,93,60,63,680,0,0,0,6.01795,3.62649,0,1344,66068332788
15.5185,64.4391,26.3789,0,93,60,63,680,0,0,0,6.01795,3.62649,0,1344,66168491381
15.5915,64.1377,26.3789,0,93,60,63,680,0,0,0,6.01795,3.62649,0,1344,66268698673
15.7334,63.559,26.3789,0,93,60,63,680,0,0,0,6.01795,3.62649,0,1344,66368879350
15.4174,64.8618,21.6152,0,100,59,62,680,0,0,0,6.02179,3.62649,0,844,66468999767
15.2485,65.5803,21.6152,0,100,59,62,680,0,0,0,6.02179,3.62649,0,844,66569155548
15.3096,65.3185,21.6152,0,100,59,62,680,0,0,0,6.02179,3.62649,0,844,66669308777
15.5969,64.1154,21.6152,0,100,59,62,680,0,0,0,6.02179,3.62649,0,844,66769456954
15.6229,64.0088,21.6152,0,100,59,62,680,0,0,0,6.02179,3.62649,0,844,66869604714
15.3662,65.0778,21.6152,0,100,59,62,680,0,0,0,6.02179,3.62649,0,844,66969763777
15.1442,66.0318,24.4019,0,100,59,62,680,0,0,0,6.02179,3.62649,0,902,67069972266
15.6508,63.8944,24.4019,0,100,59,62,680,0,0,0,6.02179,3.62649,0,902,67170117423
15.31,65.3168,24.4019,0,100,59,62,680,0,0,0,6.02179,3.62649,0,902,67270257266
15.5569,64.2802,24.4019,0,100,59,62,680,0,0,0,6.02179,3.62649,0,902,67370394089
15.5165,64.4477,24.4019,0,100,59,62,680,0,0,0,6.02179,3.62649,0,902,67470524089
15.1839,65.8591,22.8235,0,100,59,63,680,0,0,0,6.02179,3.62648,0,940,67570643464
15.2378,65.6263,22.8235,0,100,59,63,680,0,0,0,6.02179,3.62648,0,940,67670756849
15.1783,65.8833,22.8235,0,100,59,63,680,0,0,0,6.02179,3.62648,0,940,67770878620
15.5744,64.2078,22.8235,0,100,59,63,680,0,0,0,6.02179,3.62648,0,940,67871383256
15.4005,64.9328,22.8235,0,100,59,63,680,0,0,0,6.02179,3.62648,0,940,67971570339
15.486,64.5745,22.7907,0,92,59,63,680,0,0,0,6.02177,3.62648,0,1017,68071757631
15.3374,65.2,22.7907,0,92,59,63,680,0,0,0,6.02177,3.62648,0,1017,68171960964
15.4061,64.9094,22.7907,0,92,59,63,680,0,0,0,6.02177,3.62648,0,1017,68272123724
15.2676,65.4982,22.7907,0,92,59,63,680,0,0,0,6.02177,3.62648,0,1017,68372272839
15.272,65.4794,22.7907,0,92,59,63,680,0,0,0,6.02177,3.62648,0,1017,68472422578
15.9161,62.8295,25.4717,0,100,59,63,680,0,0,0,6.02177,3.62648,0,1344,68572595339
15.4147,64.873,25.4717,0,100,59,63,680,0,0,0,6.02177,3.62648,0,1344,68672758985
15.1501,66.0061,25.4717,0,100,59,63,680,0,0,0,6.02177,3.62648,0,1344,68772951797
15.5302,64.3908,25.4717,0,100,59,63,680,0,0,0,6.02177,3.62648,0,1344,68873157891
15.5907,64.1408,25.4717,0,100,59,63,680,0,0,0,6.02177,3.62648,0,1344,68973358724
15.2119,65.7378,23.4624,0,100,59,63,680,0,0,0,6.02166,3.62648,0,787,69073586276
15.2593,65.534,23.4624,0,100,59,63,680,0,0,0,6.02166,3.62648,0,787,69173787370
15.3619,65.0961,23.4624,0,100,59,63,680,0,0,0,6.02166,3.62648,0,787,69273997578
14.9779,66.7652,23.4624,0,100,59,63,680,0,0,0,6.02166,3.62648,0,787,69374228724
15.6918,63.7275,23.4624,0,100,59,63,680,0,0,0,6.02166,3.62648,0,787,69474419557
15.8639,63.0362,23.4624,0,100,59,63,680,0,0,0,6.02166,3.62648,0,787,69574625286
15.3988,64.94,24.7642,0,98,59,63,680,0,0,0,6.02166,3.62647,0,844,69674763255
15.4391,64.7705,24.7642,0,98,59,63,680,0,0,0,6.02166,3.62647,0,844,69774923620
15.2691,65.4918,24.7642,0,98,59,63,680,0,0,0,6.02166,3.62647,0,844,69875081328
15.5662,64.2416,24.7642,0,98,59,63,680,0,0,0,6.02166,3.62647,0,844,69975240547
15.4819,64.5917,24.7642,0,98,59,63,680,0,0,0,6.02166,3.62647,0,844,70075399557
15.2138,65.7299,23.8095,0,100,59,63,680,0,0,0,6.02178,3.62647,0,902,70175552630
15.5961,64.1184,23.8095,0,100,59,63,680,0,0,0,6.02178,3.62647,0,902,70275703307
15.5076,64.4843,23.8095,0,100,59,63,680,0,0,0,6.02178,3.62647,0,902,70375860286
15.3737,65.0463,23.8095,0,100,59,63,680,0,0,0,6.02178,3.62647,0,902,70476040546
15.2739,65.4712,23.8095,0,100,59,63,680,0,0,0,6.02178,3.62647,0,902,70576241015
15.6611,63.8526,26.6979,0,92,59,62,680,0,0,0,6.02178,3.62647,0,998,70676478567
15.4208,64.8473,26.6979,0,92,59,62,680,0,0,0,6.02178,3.62647,0,998,70776631692
15.0697,66.3583,26.6979,0,92,59,62,680,0,0,0,6.02178,3.62647,0,998,70876774348
15.2036,65.7739,26.6979,0,92,59,62,680,0,0,0,6.02178,3.62647,0,998,70976911119
15.1977,65.7992,26.6979,0,92,59,62,680,0,0,0,6.02178,3.62647,0,998,71077076484
15.1739,65.9026,25.4042,0,100,59,63,680,0,0,0,6.02156,3.62647,0,729,71177238150
15.4099,64.8933,25.4042,0,100,59,63,680,0,0,0,6.02156,3.62647,0,729,71277397942
15.4853,64.5774,25.4042,0,100,59,63,680,0,0,0,6.02156,3.62647,0,729,71377553046
15.2729,65.4754,25.4042,0,100,59,63,680,0,0,0,6.02156,3.62647,0,729,71477700754
15.366,65.0787,25.4042,0,100,59,63,680,0,0,0,6.02156,3.62647,0,729,71577870598
15.0976,66.2358,24.0093,0,100,59,63,680,0,0,0,6.02156,3.62647,0,787,71678011015
15.12,66.1376,24.0093,0,100,59,63,680,0,0,0,6.02156,3.62647,0,787,71778144556
15.3902,64.9765,24.0093,0,100,59,63,680,0,0,0,6.02156,3.62647,0,787,71878296952
15.1958,65.8075,24.0093,0,100,59,63,680,0,0,0,6.02156,3.62647,0,787,71978495910
15.0839,66.2957,24.0093,0,100,59,63,680,0,0,0,6.02156,3.62647,0,787,72078664764
15.0469,66.4587,24.0093,0,100,59,63,680,0,0,0,6.02156,3.62647,0,787,72178796483
15.4922,64.5486,26.7898,0,91,59,62,680,0,0,0,6.02346,3.62647,0,1363,72278937108
15.7935,63.3172,26.7898,0,91,59,62,680,0,0,0,6.02346,3.62647,0,1363,72379053983
15.3254,65.2511,26.7898,0,91,59,62,680,0,0,0,6.02346,3.62647,0,1363,72479185702
15.1904,65.831,26.7898,0,91,59,62,680,0,0,0,6.02346,3.62647,0,1363,72579317941
15.2227,65.6912,26.7898,0,91,59,62,680,0,0,0,6.02346,3.62647,0,1363,72679438983
15.3268,65.2453,24.4131,0,100,60,63,680,0,0,0,6.02332,3.62646,0,1113,72779587108
15.4249,64.8302,24.4131,0,100,60,63,680,0,0,0,6.02332,3.62646,0,1113,72879744087
15.4948,64.5379,24.4131,0,100,60,63,680,0,0,0,6.02332,3.62646,0,1113,72979909347
15.097,66.2383,24.4131,0,100,60,63,680,0,0,0,6.02332,3.62646,0,1113,73080063931
15.56,64.2676,24.4131,0,100,60,63,680,0,0,0,6.02332,3.62646,0,1113,73180216847
15.2611,65.5259,25.1163,0,100,59,63,680,0,0,0,6.02277,3.62646,0,787,73280379399
15.3585,65.1106,25.1163,0,100,59,63,680,0,0,0,6.02277,3.62646,0,787,73380577108
15.58,64.1848,25.1163,0,100,59,63,680,0,0,0,6.02277,3.62646,0,787,73480774712
15.6725,63.8061,25.1163,0,100,59,63,680,0,0,0,6.02277,3.62646,0,787,73580930024
15.4664,64.6563,25.1163,0,100,59,63,680,0,0,0,6.02277,3.62646,0,787,73681082576
15.2786,65.4509,27.2093,0,100,59,63,680,0,0,0,6.02277,3.62646,0,1228,73781241222
15.2146,65.7265,27.2093,0,100,59,63,680,0,0,0,6.02277,3.62646,0,1228,73881429139
15.9652,62.6362,27.2093,0,100,59,63,680,0,0,0,6.02277,3.62646,0,1228,73981577680
15.7527,63.4811,27.2093,0,100,59,63,680,0,0,0,6.02277,3.62646,0,1228,74081719347
15.647,63.91,27.2093,0,100,59,63,680,0,0,0,6.02277,3.62646,0,1228,74181865024
15.4475,64.7355,24.8815,0,91,60,63,680,0,0,0,6.02298,3.62646,0,1344,74282035493
15.5981,64.1104,24.8815,0,91,60,63,680,0,0,0,6.02298,3.62646,0,1344,74382192055
15.282,65.4365,24.8815,0,91,60,63,680,0,0,0,6.02298,3.62646,0,1344,74482344034
15.5539,64.2927,24.8815,0,91,60,63,680,0,0,0,6.02298,3.62646,0,1344,74582521222
15.6617,63.8498,24.8815,0,91,60,63,680,0,0,0,6.02298,3.62646,0,1344,74682670701
15.6325,63.9694,23.5849,0,100,60,63,680,0,0,0,6.02298,3.62646,0,1017,74782815961
15.3672,65.0736,23.5849,0,100,60,63,680,0,0,0,6.02298,3.62646,0,1017,74882954190
15.7377,63.5418,23.5849,0,100,60,63,680,0,0,0,6.02298,3.62646,0,1017,74983087680
15.2146,65.7262,23.5849,0,100,60,63,680,0,0,0,6.02298,3.62646,0,1017,75083225857
15.3383,65.1961,23.5849,0,100,60,63,680,0,0,0,6.02298,3.62646,0,1017,75183402003
15.4515,64.7184,22.4344,0,100,59,63,680,0,0,0,6.02284,3.62625,0,902,75283567420
15.3425,65.1784,22.4344,0,100,59,63,680,0,0,0,6.02284,3.62625,0,902,75383719659
15.2382,65.6244,22.4344,0,100,59,63,680,0,0,0,6.02284,3.62625,0,902,75483990284
15.4432,64.7536,22.4344,0,100,59,63,680,0,0,0,6.02284,3.62625,0,902,75584165753
15.2149,65.7248,22.4344,0,100,59,63,680,0,0,0,6.02284,3.62625,0,902,75684368201
15.4273,64.82,22.4344,0,100,59,63,680,0,0,0,6.02284,3.62625,0,902,75784515648
15.3674,65.073,25.1174,0,100,59,63,680,0,0,0,6.02284,3.62624,0,1459,75884691690
15.5811,64.1804,25.1174,0,100,59,63,680,0,0,0,6.02284,3.62624,0,1459,75985076273
15.349,65.1508,25.1174,0,100,59,63,680,0,0,0,6.02284,3.62624,0,1459,76085216898
15.3839,65.0032,25.1174,0,100,59,63,680,0,0,0,6.02284,3.62624,0,1459,76185365232
15.5232,64.4199,25.1174,0,100,59,63,680,0,0,0,6.02284,3.62624,0,1459,76285525857
15.283,65.4322,22.695,0,100,60,63,680,0,0,0,6.02674,3.62624,0,1228,76385752211
15.2126,65.7348,22.695,0,100,60,63,680,0,0,0,6.02674,3.62624,0,1228,76485925544
15.4426,64.7559,22.695,0,100,60,63,680,0,0,0,6.02674,3.62624,0,1228,76586083617
15.3388,65.1942,22.695,0,100,60,63,680,0,0,0,6.02674,3.62624,0,1228,76686230075
15.4124,64.883,22.695,0,100,60,63,680,0,0,0,6.02674,3.62624,0,1228,76786411065
15.5035,64.5014,22.7488,0,93,59,63,680,0,0,0,6.02674,3.62624,0,1113,76886569711
15.2323,65.6501,22.7488,0,93,59,63,680,0,0,0,6.02674,3.62624,0,1113,76986729763
15.4083,64.9001,22.7488,0,93,59,63,680,0,0,0,6.02674,3.62624,0,1113,77086890856
15.668,63.8245,22.7488,0,93,59,63,680,0,0,0,6.02674,3.62624,0,1113,77187043773
15.2115,65.7398,22.7488,0,93,59,63,680,0,0,0,6.02674,3.62624,0,1113,77287183981
15.3756,65.0382,23.4884,0,100,60,63,680,0,0,0,6.02655,3.62624,0,1228,77387363825
15.3798,65.0204,23.4884,0,100,60,63,680,0,0,0,6.02655,3.62624,0,1228,77487604867
15.2332,65.6461,23.4884,0,100,60,63,680,0,0,0,6.02655,3.62624,0,1228,77587779762
15.5857,64.1614,23.4884,0,100,60,63,680,0,0,0,6.02655,3.62624,0,1228,77687962314
15.3031,65.3464,23.4884,0,100,60,63,680,0,0,0,6.02655,3.62624,0,1228,77788128148
15.6935,63.7205,24.3499,0,100,59,63,680,0,0,0,6.02655,3.62624,0,1017,77888345231
15.0062,66.639,24.3499,0,100,59,63,680,0,0,0,6.02655,3.62624,0,1017,77988504710
14.9578,66.8547,24.3499,0,100,59,63,680,0,0,0,6.02655,3.62624,0,1017,78088730648
15.7754,63.3897,24.3499,0,100,59,63,680,0,0,0,6.02655,3.62624,0,1017,78188892939
15.0879,66.2783,24.3499,0,100,59,63,680,0,0,0,6.02655,3.62624,0,1017,78289045908
15.3997,64.9364,24.3499,0,100,59,63,680,0,0,0,6.02655,3.62624,0,1017,78389206429
15.5619,64.2596,27.1429,0,99,60,63,680,0,0,0,6.02181,3.62595,0,1228,78489643252
15.469,64.6455,27.1429,0,99,60,63,680,0,0,0,6.02181,3.62595,0,1228,78589822054
15.3525,65.1358,27.1429,0,99,60,63,680,0,0,0,6.02181,3.62595,0,1228,78689977262
15.2362,65.6331,27.1429,0,99,60,63,680,0,0,0,6.02181,3.62595,0,1228,78790142679
15.4672,64.6528,27.1429,0,99,60,63,680,0,0,0,6.02181,3.62595,0,1228,78890300647
15.438,64.7754,27.8037,0,93,61,63,680,0,0,0,6.02494,3.62589,0,1228,78990445751
15.4919,64.5497,27.8037,0,93,61,63,680,0,0,0,6.02494,3.62589,0,1228,79090894241
15.5658,64.2432,27.8037,0,93,61,63,680,0,0,0,6.02494,3.62589,0,1228,79191065022
15.4097,64.8944,27.8037,0,93,61,63,680,0,0,0,6.02494,3.62589,0,1228,79291255126
15.2081,65.7546,27.8037,0,93,61,63,680,0,0,0,6.02494,3.62589,0,1228,79391414970
15.5894,64.1462,27.5229,0,100,60,63,680,0,0,0,6.02452,3.62586,0,1017,79491585595
15.6675,63.8263,27.5229,0,100,60,63,680,0,0,0,6.02452,3.62586,0,1017,79591726532
15.3403,65.1876,27.5229,0,100,60,63,680,0,0,0,6.02452,3.62586,0,1017,79691890491
15.6808,63.7722,27.5229,0,100,60,63,680,0,0,0,6.02452,3.62586,0,1017,79792079137
15.5245,64.4143,27.5229,0,100,60,63,680,0,0,0,6.02452,3.62586,0,1017,79892257366
15.1804,65.8745,26.2673,0,99,59,63,680,0,0,0,6.02452,3.62586,0,1113,79992425543
15.8189,63.2157,26.2673,0,99,59,63,680,0,0,0,6.02452,3.62586,0,1113,80092575074
15.3206,65.2716,26.2673,0,99,59,63,680,0,0,0,6.02452,3.62586,0,1113,80192728407
15.1776,65.8866,26.2673,0,99,59,63,680,0,0,0,6.02452,3.62586,0,1113,80292879293
15.1323,66.0836,26.2673,0,99,59,63,680,0,0,0,6.02452,3.62586,0,1113,80393012313
15.5314,64.3858,23.8979,0,100,60,63,680,0,0,0,6.02452,3.62585,0,1113,80493157938
15.5667,64.2396,23.8979,0,100,60,63,680,0,0,0,6.02452,3.62585,0,1113,80593318824
15.216,65.7204,23.8979,0,100,60,63,680,0,0,0,6.02452,3.62585,0,1113,80693478407
15.5344,64.3731,23.8979,0,100,60,63,680,0,0,0,6.02452,3.62585,0,1113,80793619084
15.4847,64.5798,23.8979,0,100,60,63,680,0,0,0,6.02452,3.62585,0,1113,80893772157
15.4235,64.8361,23.8979,0,100,60,63,680,0,0,0,6.02452,3.62585,0,1113,80993927678
15.4532,64.7117,21.3793,0,93,59,63,680,0,0,0,6.02426,3.62584,0,940,81094075490
15.2613,65.5254,21.3793,0,93,59,63,680,0,0,0,6.02426,3.62584,0,940,81194271115
15.4659,64.6582,21.3793,0,93,59,63,680,0,0,0,6.02426,3.62584,0,940,81294456480
15.2857,65.4208,21.3793,0,93,59,63,680,0,0,0,6.02426,3.62584,0,940,81394624761
15.832,63.1633,21.3793,0,93,59,63,680,0,0,0,6.02426,3.62584,0,940,81494802469
15.4406,64.7642,26.5116,0,100,60,63,680,0,0,0,6.02426,3.62584,0,902,81594989084
15.4327,64.7973,26.5116,0,100,60,63,680,0,0,0,6.02426,3.62584,0,902,81695137521
15.358,65.1128,26.5116,0,100,60,63,680,0,0,0,6.02426,3.62584,0,902,81795280959
15.4413,64.7612,26.5116,0,100,60,63,680,0,0,0,6.02426,3.62584,0,902,81895406167
15.0882,66.2768,26.5116,0,100,60,63,680,0,0,0,6.02426,3.62584,0,902,81995525646
15.4466,64.739,23.7327,0,100,60,63,680,0,0,0,6.02426,3.62584,0,844,82095696896
15.3131,65.3037,23.7327,0,100,60,63,680,0,0,0,6.02426,3.62584,0,844,82195885906
15.1656,65.9387,23.7327,0,100,60,63,680,0,0,0,6.02426,3.62584,0,844,82296037521
15.129,66.0984,23.7327,0,100,60,63,680,0,0,0,6.02426,3.62584,0,844,82396211375
15.6714,63.8106,23.7327,0,100,60,63,680,0,0,0,6.02426,3.62584,0,844,82496411063
15.2231,65.6896,26.1468,0,93,59,63,680,0,0,0,6.02448,3.62584,0,844,82596602833
15.1766,65.8908,26.1468,0,93,59,63,680,0,0,0,6.02448,3.62584,0,844,82696789500
15.1967,65.8035,26.1468,0,93,59,63,680,0,0,0,6.02448,3.62584,0,844,82796997729
15.2803,65.4437,26.1468,0,93,59,63,680,0,0,0,6.02448,3.62584,0,844,82897157521
15.2573,65.5426,26.1468,0,93,59,63,680,0,0,0,6.02448,3.62584,0,844,82997320177
15.0864,66.2847,23.1308,0,100,60,63,680,0,0,0,6.02435,3.62584,0,1228,83097466219
15.1508,66.0031,23.1308,0,100,60,63,680,0,0,0,6.02435,3.62584,0,1228,83197641739
15.3299,65.2319,23.1308,0,100,60,63,680,0,0,0,6.02435,3.62584,0,1228,83297822156
15.4708,64.6377,23.1308,0,100,60,63,680,0,0,0,6.02435,3.62584,0,1228,83397990593
15.1621,65.9538,23.1308,0,100,60,63,680,0,0,0,6.02435,3.62584,0,1228,83498143302
15.2079,65.7554,23.1308,0,100,60,63,680,0,0,0,6.02435,3.62584,0,1228,83598378250
15.6765,63.7896,27.3782,0,100,60,63,680,0,0,0,6.02435,3.62584,0,672,83698564187
15.4582,64.6904,27.3782,0,100,60,63,680,0,0,0,6.02435,3.62584,0,672,83798716218
15.3455,65.1658,27.3782,0,100,60,63,680,0,0,0,6.02435,3.62584,0,672,83898940125
15.2585,65.5371,27.3782,0,100,60,63,680,0,0,0,6.02435,3.62584,0,672,83999134604
15.4003,64.9336,27.3782,0,100,60,63,680,0,0,0,6.02435,3.62584,0,672,84099282260
15.2401,65.6165,26.2673,0,90,60,63,680,0,0,0,6.02456,3.62584,0,1228,84200958979
15.6488,63.9027,26.2673,0,90,60,63,680,0,0,0,6.02456,3.62584,0,1228,84301225697
15.083,66.2997,26.2673,0,90,60,63,680,0,0,0,6.02456,3.62584,0,1228,84401335958
15.5494,64.311,26.2673,0,90,60,63,680,0,0,0,6.02456,3.62584,0,1228,84501470281
15.408,64.9012,26.2673,0,90,60,63,680,0,0,0,6.02456,3.62584,0,1228,84601622312
15.6686,63.822,22.5962,0,100,61,63,680,0,0,0,6.02478,3.62584,0,1344,84701784760
15.591,64.1396,22.5962,0,100,61,63,680,0,0,0,6.02478,3.62584,0,1344,84802006999
15.8808,62.9691,22.5962,0,100,61,63,680,0,0,0,6.02478,3.62584,0,1344,84902205593
15.5618,64.2597,22.5962,0,100,61,63,680,0,0,0,6.02478,3.62584,0,1344,85002343405
15.4099,64.8933,22.5962,0,100,61,63,680,0,0,0,6.02478,3.62584,0,1344,85102478718
15.4647,64.6634,24.8837,0,100,60,63,680,0,0,0,6.02482,3.62576,0,1017,85202633301
15.4253,64.8287,24.8837,0,100,60,63,680,0,0,0,6.02482,3.62576,0,1017,85302804603
15.3978,64.9442,24.8837,0,100,60,63,680,0,0,0,6.02482,3.62576,0,1017,85402951999
16.1445,61.9405,24.8837,0,100,60,63,680,0,0,0,6.02482,3.62576,0,1017,85503118874
15.5873,64.1549,24.8837,0,100,60,63,680,0,0,0,6.02482,3.62576,0,1017,85603317624
15.236,65.6339,24.6411,0,100,60,63,680,0,0,0,6.02482,3.62575,0,787,85703614030
15.5244,64.4146,24.6411,0,100,60,63,680,0,0,0,6.02482,3.62575,0,787,85803805384
15.5638,64.2516,24.6411,0,100,60,63,680,0,0,0,6.02482,3.62575,0,787,85904012572
15.2861,65.4191,24.6411,0,100,60,63,680,0,0,0,6.02482,3.62575,0,787,86004227467
15.6607,63.854,24.6411,0,100,60,63,680,0,0,0,6.02482,3.62575,0,787,86104491374
15.1428,66.0379,26.5734,0,99,60,64,680,0,0,0,6.02482,3.62575,0,1113,86204708405
15.2185,65.7094,26.5734,0,99,60,64,680,0,0,0,6.02482,3.62575,0,1113,86304845228
15.2876,65.4127,26.5734,0,99,60,64,680,0,0,0,6.02482,3.62575,0,1113,86405037051
15.3526,65.1356,26.5734,0,99,60,64,680,0,0,0,6.02482,3.62575,0,1113,86505243926
15.124,66.1199,26.5734,0,99,60,64,680,0,0,0,6.02482,3.62575,0,1113,86605443561
15.4338,64.7928,26.5734,0,99,60,64,680,0,0,0,6.02482,3.62575,0,1113,86705618769
15.1992,65.793,24.5977,0,94,61,63,680,0,0,0,6.02477,3.62575,0,1228,86805800019
15.6742,63.7991,24.5977,0,94,61,63,680,0,0,0,6.02477,3.62575,0,1228,86905957832
15.2708,65.4846,24.5977,0,94,61,63,680,0,0,0,6.02477,3.62575,0,1228,87006177988
15.2137,65.7302,24.5977,0,94,61,63,680,0,0,0,6.02477,3.62575,0,1228,87106335644
15.5757,64.2025,24.5977,0,94,61,63,680,0,0,0,6.02477,3.62575,0,1228,87206512311
15.6391,63.9424,21.729,0,100,61,63,680,0,0,0,6.02477,3.62575,0,1344,87306781894
15.5554,64.2865,21.729,0,100,61,63,680,0,0,0,6.02477,3.62575,0,1344,87406943457
15.3953,64.9549,21.729,0,100,61,63,680,0,0,0,6.02477,3.62575,0,1344,87507388613
15.6338,63.9641,21.729,0,100,61,63,680,0,0,0,6.02477,3.62575,0,1344,87607550123
15.5934,64.1298,21.729,0,100,61,63,680,0,0,0,6.02477,3.62575,0,1344,87707710331
15.3649,65.0836,23.0047,0,100,61,63,680,0,0,0,6.02477,3.62574,0,1228,87808191633
15.2276,65.6704,23.0047,0,100,61,63,680,0,0,0,6.02477,3.62574,0,1228,87908351529
15.5282,64.3989,23.0047,0,100,61,63,680,0,0,0,6.02477,3.62574,0,1228,88008518040
15.3303,65.2303,23.0047,0,100,61,63,680,0,0,0,6.02477,3.62574,0,1228,88108696790
15.4736,64.626,23.0047,0,100,61,63,680,0,0,0,6.02477,3.62574,0,1228,88208864967
15.3393,65.192,24.8244,0,100,60,64,680,0,0,0,6.02477,3.62574,0,940,88309016217
15.2825,65.4341,24.8244,0,100,60,64,680,0,0,0,6.02477,3.62574,0,940,88409382935
15.5149,64.4543,24.8244,0,100,60,64,680,0,0,0,6.02477,3.62574,0,940,88509546737
15.2779,65.4541,24.8244,0,100,60,64,680,0,0,0,6.02477,3.62574,0,940,88609698508
15.4541,64.7078,24.8244,0,100,60,64,680,0,0,0,6.02477,3.62574,0,940,88709872258
15.3226,65.2631,26.5882,0,93,60,63,680,0,0,0,6.02477,3.62574,0,1171,88810018508
15.3429,65.1769,26.5882,0,93,60,63,680,0,0,0,6.02477,3.62574,0,1171,88910149498
15.3723,65.0522,26.5882,0,93,60,63,680,0,0,0,6.02477,3.62574,0,1171,89010273768
15.3504,65.1447,26.5882,0,93,60,63,680,0,0,0,6.02477,3.62574,0,1171,89110413456
15.4274,64.8198,26.5882,0,93,60,63,680,0,0,0,6.02477,3.62574,0,1171,89210535175
15.3937,64.9617,23.4884,0,100,61,64,680,0,0,0,6.02465,3.62574,0,1344,89310675591
15.3037,65.3437,23.4884,0,100,61,64,680,0,0,0,6.02465,3.62574,0,1344,89410840279
15.5207,64.4302,23.4884,0,100,61,64,680,0,0,0,6.02465,3.62574,0,1344,89510999081
15.752,63.4839,23.4884,0,100,61,64,680,0,0,0,6.02465,3.62574,0,1344,89611162414
15.9662,62.6322,23.4884,0,100,61,64,680,0,0,0,6.02465,3.62574,0,1344,89711310904
15.3115,65.3104,23.4884,0,100,61,64,680,0,0,0,6.02465,3.62574,0,1344,89811471008
15.2698,65.4888,25.9259,0,99,60,63,680,0,0,0,6.02465,3.62574,0,1113,89911662258
15.4651,64.6619,25.9259,0,99,60,63,680,0,0,0,6.02465,3.62574,0,1113,90011813664
15.4742,64.6236,25.9259,0,99,60,63,680,0,0,0,6.02465,3.62574,0,1113,90111959497
15.6578,63.8658,25.9259,0,99,60,63,680,0,0,0,6.02465,3.62574,0,1113,90212104914
15.4631,64.6699,25.9259,0,99,60,63,680,0,0,0,6.02465,3.62574,0,1113,90312257570
15.3457,65.1648,25.4587,0,100,61,64,680,0,0,0,6.02465,3.62574,0,1017,90412429549
15.1624,65.9527,25.4587,0,100,61,64,680,0,0,0,6.02465,3.62574,0,1017,90512618560
15.3147,65.2968,25.4587,0,100,61,64,680,0,0,0,6.02465,3.62574,0,1017,90613943351
15.5459,64.3255,25.4587,0,100,61,64,680,0,0,0,6.02465,3.62574,0,1017,90714117830
15.6687,63.8216,25.4587,0,100,61,64,680,0,0,0,6.02465,3.62574,0,1017,90814304914
15.4413,64.7615,27.896,0,99,61,63,680,0,0,0,6.02465,3.62573,0,902,90914470018
15.441,64.7626,27.896,0,99,61,63,680,0,0,0,6.02465,3.62573,0,902,91014612570
15.1962,65.8059,27.896,0,99,61,63,680,0,0,0,6.02465,3.62573,0,902,91114756424
15.2783,65.4524,27.896,0,99,61,63,680,0,0,0,6.02465,3.62573,0,902,91214935643
15.1628,65.9508,27.896,0,99,61,63,680,0,0,0,6.02465,3.62573,0,902,91315102413
15.5259,64.4085,27.1264,0,93,60,63,680,0,0,0,6.02454,3.62572,0,672,91415298351
15.5561,64.2833,27.1264,0,93,60,63,680,0,0,0,6.02454,3.62572,0,672,91515461267
15.2858,65.4201,27.1264,0,93,60,63,680,0,0,0,6.02454,3.62572,0,672,91615614132
15.1926,65.8217,27.1264,0,93,60,63,680,0,0,0,6.02454,3.62572,0,672,91715768924
15.3164,65.2896,27.1264,0,93,60,63,680,0,0,0,6.02454,3.62572,0,672,91815962726
15.1125,66.1704,23.0769,0,100,60,63,680,0,0,0,6.02454,3.62572,0,729,91916211632
15.3443,65.1709,23.0769,0,100,60,63,680,0,0,0,6.02454,3.62572,0,729,92016859913
15.024,66.56,23.0769,0,100,60,63,680,0,0,0,6.02454,3.62572,0,729,92117046111
15.9143,62.8364,23.0769,0,100,60,63,680,0,0,0,6.02454,3.62572,0,729,92217258194
15.3611,65.0995,23.0769,0,100,60,63,680,0,0,0,6.02454,3.62572,0,729,92317391371
15.7234,63.5993,23.0769,0,100,60,63,680,0,0,0,6.02454,3.62572,0,729,92417531215
15.4789,64.6042,27.6995,0,100,61,63,680,0,0,0,6.02497,3.62572,0,1459,92517736528
15.5724,64.2161,27.6995,0,100,61,63,680,0,0,0,6.02497,3.62572,0,1459,92617905850
15.6979,63.7029,27.6995,0,100,61,63,680,0,0,0,6.02497,3.62572,0,1459,92718122413
15.5154,64.4523,27.6995,0,100,61,63,680,0,0,0,6.02497,3.62572,0,1459,92818655382
15.5298,64.3924,27.6995,0,100,61,63,680,0,0,0,6.02497,3.62572,0,1459,92918790538
14.9469,66.9037,24.4755,0,100,61,65,680,0,0,0,6.02474,3.62563,0,1228,93018957309
15.6141,64.0445,24.4755,0,100,61,65,680,0,0,0,6.02474,3.62563,0,1228,93119125329
14.4658,69.1285,24.4755,0,100,61,65,680,0,0,0,6.02474,3.62563,0,1228,93219330433
16.1438,61.9431,24.4755,0,100,61,65,680,0,0,0,6.02474,3.62563,0,1228,93319550746
15.5182,64.4406,24.4755,0,100,61,65,680,0,0,0,6.02474,3.62563,0,1228,93419737308
15.3229,65.2616,24.2424,0,93,61,64,680,0,0,0,6.0242,3.62562,0,1017,93519909079
15.222,65.6945,24.2424,0,93,61,64,680,0,0,0,6.0242,3.62562,0,1017,93620091579
14.8267,67.446,24.2424,0,93,61,64,680,0,0,0,6.0242,3.62562,0,1017,93720230017
15.3854,64.9967,24.2424,0,93,61,64,680,0,0,0,6.0242,3.62562,0,1017,93820399756
15.3301,65.2311,24.2424,0,93,61,64,680,0,0,0,6.0242,3.62562,0,1017,93920586787
15.3053,65.3369,25.1163,0,100,61,64,680,0,0,0,6.0242,3.62562,0,1228,94020750329
15.6308,63.9763,25.1163,0,100,61,64,680,0,0,0,6.0242,3.62562,0,1228,94120947464
15.5371,64.3619,25.1163,0,100,61,64,680,0,0,0,6.0242,3.62562,0,1228,94221124131
15.6165,64.0347,25.1163,0,100,61,64,680,0,0,0,6.0242,3.62562,0,1228,94321490641
15.5555,64.2858,25.1163,0,100,61,64,680,0,0,0,6.0242,3.62562,0,1228,94421646943
15.454,64.708,22.5352,0,100,61,64,680,0,0,0,6.0242,3.62562,0,1344,94521803193
14.671,68.1616,22.5352,0,100,61,64,680,0,0,0,6.0242,3.62562,0,1344,94621972464
15.2817,65.4378,22.5352,0,100,61,64,680,0,0,0,6.0242,3.62562,0,1344,94722154704
15.3153,65.2941,22.5352,0,100,61,64,680,0,0,0,6.0242,3.62562,0,1344,94822344183
15.4718,64.6335,22.5352,0,100,61,64,680,0,0,0,6.0242,3.62562,0,1344,94922510225
15.384,65.0027,24.0654,0,100,61,64,680,0,0,0,6.02418,3.62562,0,1017,95022666422
15.5599,64.2677,24.0654,0,100,61,64,680,0,0,0,6.02418,3.62562,0,1017,95122823974
15.5893,64.1465,24.0654,0,100,61,64,680,0,0,0,6.02418,3.62562,0,1017,95222975485
15.4492,64.7282,24.0654,0,100,61,64,680,0,0,0,6.02418,3.62562,0,1017,95323122516
15.4278,64.818,24.0654,0,100,61,64,680,0,0,0,6.02418,3.62562,0,1017,95423300797
15.5553,64.2866,24.0654,0,100,61,64,680,0,0,0,6.02418,3.62562,0,1017,95523470381
15.158,65.9716,24.7619,0,92,61,63,680,0,0,0,6.02402,3.62562,0,1017,95623694547
15.4755,64.6183,24.7619,0,92,61,63,680,0,0,0,6.02402,3.62562,0,1017,95723860172
15.4755,64.6181,24.7619,0,92,61,63,680,0,0,0,6.02402,3.62562,0,1017,95824038818
15.3963,64.9506,24.7619,0,92,61,63,680,0,0,0,6.02402,3.62562,0,1017,95924176787
15.0224,66.5671,24.7619,0,92,61,63,680,0,0,0,6.02402,3.62562,0,1017,96024296318
15.2134,65.7316,22.8972,0,100,60,64,680,0,0,0,6.02423,3.62562,0,729,96124555745
15.5964,64.1174,22.8972,0,100,60,64,680,0,0,0,6.02423,3.62562,0,729,96224702568
15.4284,64.8156,22.8972,0,100,60,64,680,0,0,0,6.02423,3.62562,0,729,96324884859
15.7639,63.4361,22.8972,0,100,60,64,680,0,0,0,6.02423,3.62562,0,729,96425057776
15.4821,64.5908,22.8972,0,100,60,64,680,0,0,0,6.02423,3.62562,0,729,96525381995
15.9383,62.7421,26.6355,0,100,61,63,680,0,0,0,6.02423,3.62562,0,1017,96625559651
15.4604,64.6813,26.6355,0,100,61,63,680,0,0,0,6.02423,3.62562,0,1017,96725743193
14.6822,68.1095,26.6355,0,100,61,63,680,0,0,0,6.02423,3.62562,0,1017,96825930015
15.4687,64.6466,26.6355,0,100,61,63,680,0,0,0,6.02423,3.62562,0,1017,96926089182
14.9939,66.6937,26.6355,0,100,61,63,680,0,0,0,6.02423,3.62562,0,1017,97026248817
15.7287,63.578,25.814,0,99,61,64,680,0,0,0,6.03101,3.62562,0,1017,97126428192
15.6267,63.9931,25.814,0,99,61,64,680,0,0,0,6.03101,3.62562,0,1017,97226569547
15.6016,64.0961,25.814,0,99,61,64,680,0,0,0,6.03101,3.62562,0,1017,97326754182
15.3333,65.2175,25.814,0,99,61,64,680,0,0,0,6.03101,3.62562,0,1017,97426931578
15.5367,64.3636,25.814,0,99,61,64,680,0,0,0,6.03101,3.62562,0,1017,97527103296
15.2656,65.5068,26.1072,0,93,61,64,680,0,0,0,6.03077,3.62562,0,1228,97627268921
15.4165,64.8654,26.1072,0,93,61,64,680,0,0,0,6.03077,3.62562,0,1228,97727446786
15.1487,66.0122,26.1072,0,93,61,64,680,0,0,0,6.03077,3.62562,0,1228,97827647515
15.5187,64.4385,26.1072,0,93,61,64,680,0,0,0,6.03077,3.62562,0,1228,97927847828
15.4979,64.5247,26.1072,0,93,61,64,680,0,0,0,6.03077,3.62562,0,1228,98028029650
15.6163,64.0357,23.3333,0,100,61,64,680,0,0,0,6.03077,3.62561,0,1459,98128181265
15.577,64.1974,23.3333,0,100,61,64,680,0,0,0,6.03077,3.62561,0,1459,98228315848
15.4275,64.8193,23.3333,0,100,61,64,680,0,0,0,6.03077,3.62561,0,1459,98328446161
15.1792,65.8796,23.3333,0,100,61,64,680,0,0,0,6.03077,3.62561,0,1459,98428587984
15.3226,65.2631,23.3333,0,100,61,64,680,0,0,0,6.03077,3.62561,0,1459,98528752046
15.6019,64.0947,23.3333,0,100,61,64,680,0,0,0,6.03077,3.62561,0,1459,98628930536
15.2239,65.6863,23.4192,0,100,61,64,680,0,0,0,6.03098,3.62561,0,1228,98729156577
15.7093,63.6564,23.4192,0,100,61,64,680,0,0,0,6.03098,3.62561,0,1228,98829369077
15.2684,65.4949,23.4192,0,100,61,64,680,0,0,0,6.03098,3.62561,0,1228,98929571629
15.3122,65.3076,23.4192,0,100,61,64,680,0,0,0,6.03098,3.62561,0,1228,99029729077
15.7798,63.3722,23.4192,0,100,61,64,680,0,0,0,6.03098,3.62561,0,1228,99129886421
15.4156,64.8695,22.3005,0,99,61,65,680,0,0,0,6.03079,3.62561,0,1113,99230536004
15.4061,64.9095,22.3005,0,99,61,65,680,0,0,0,6.03079,3.62561,0,1113,99330746056
15.6601,63.8564,22.3005,0,99,61,65,680,0,0,0,6.03079,3.62561,0,1113,99430934962
15.4574,64.6941,22.3005,0,99,61,65,680,0,0,0,6.03079,3.62561,0,1113,99531085171
15.1549,65.9852,22.3005,0,99,61,65,680,0,0,0,6.03079,3.62561,0,1113,99631256316
15.811,63.2471,24.6446,0,100,61,64,680,0,0,0,6.03079,3.62561,0,1017,99731422879
15.2617,65.5235,24.6446,0,100,61,64,680,0,0,0,6.03079,3.62561,0,1017,99831591941
14.6102,68.4453,24.6446,0,100,61,64,680,0,0,0,6.03079,3.62561,0,1017,99931786629
15.5538,64.2931,24.6446,0,100,61,64,680,0,0,0,6.03079,3.62561,0,1017,100031956473
15.3335,65.2167,24.6446,0,100,61,64,680,0,0,0,6.03079,3.62561,0,1017,100132136473
15.4124,64.883,22.9167,0,92,60,64,680,0,0,0,6.03002,3.62553,0,787,100232306004
15.4552,64.7033,22.9167,0,92,60,64,680,0,0,0,6.03002,3.62553,0,787,100333818504
15.613,64.0491,22.9167,0,92,60,64,680,0,0,0,6.03002,3.62553,0,787,100433964077
15.1628,65.951,22.9167,0,92,60,64,680,0,0,0,6.03002,3.62553,0,787,100534133191
15.546,64.3252,22.9167,0,92,60,64,680,0,0,0,6.03002,3.62553,0,787,100634322149
15.3204,65.2726,26.7303,0,100,61,63,680,0,0,0,6.03002,3.62553,0,1113,100734489858
15.5718,64.2189,26.7303,0,100,61,63,680,0,0,0,6.03002,3.62553,0,1113,100834641681
15.6757,63.7928,26.7303,0,100,61,63,680,0,0,0,6.03002,3.62553,0,1113,100934781889
15.1801,65.8757,26.7303,0,100,61,63,680,0,0,0,6.03002,3.62553,0,1113,101034934024
15.5139,64.4583,26.7303,0,100,61,63,680,0,0,0,6.03002,3.62553,0,1113,101135122930
15.2779,65.4542,26.7303,0,100,61,63,680,0,0,0,6.03002,3.62553,0,1113,101235265795
15.5039,64.4998,24.537,0,100,61,64,680,0,0,0,6.02976,3.62553,0,1017,101335380691
15.427,64.8213,24.537,0,100,61,64,680,0,0,0,6.02976,3.62553,0,1017,101435994649
15.3354,65.2088,24.537,0,100,61,64,680,0,0,0,6.02976,3.62553,0,1017,101536153712
15.1639,65.9459,24.537,0,100,61,64,680,0,0,0,6.02976,3.62553,0,1017,101636409493
15.3654,65.0815,24.537,0,100,61,64,680,0,0,0,6.02976,3.62553,0,1017,101736617253
15.6998,63.6952,25.4079,0,100,61,64,680,0,0,0,6.02976,3.62553,0,1017,101836802878
15.27,65.4879,25.4079,0,100,61,64,680,0,0,0,6.02976,3.62553,0,1017,101937007045
15.1621,65.954,25.4079,0,100,61,64,680,0,0,0,6.02976,3.62553,0,1017,102037230847
15.6868,63.7479,25.4079,0,100,61,64,680,0,0,0,6.02976,3.62553,0,1017,102137481784
15.6934,63.7209,25.4079,0,100,61,64,680,0,0,0,6.02976,3.62553,0,1017,102237749493
15.8354,63.1495,23.4192,0,92,61,64,680,0,0,0,6.02964,3.62552,0,1017,102337869336
15.0828,66.3009,23.4192,0,92,61,64,680,0,0,0,6.02964,3.62552,0,1017,102437991784
15.6215,64.0145,23.4192,0,92,61,64,680,0,0,0,6.02964,3.62552,0,1017,102538136159
15.125,66.1159,23.4192,0,92,61,64,680,0,0,0,6.02964,3.62552,0,1017,102638322409
15.4576,64.6932,23.4192,0,92,61,64,680,0,0,0,6.02964,3.62552,0,1017,102738545274
15.6427,63.9274,28.2051,0,100,61,64,680,0,0,0,6.02771,3.6255,0,1228,102838703607
15.2699,65.4885,28.2051,0,100,61,64,680,0,0,0,6.02771,3.6255,0,1228,102938907982
15.0999,66.2256,28.2051,0,100,61,64,680,0,0,0,6.02771,3.6255,0,1228,103039085430
15.2936,65.3869,28.2051,0,100,61,64,680,0,0,0,6.02771,3.6255,0,1228,103139275690
15.4801,64.5992,28.2051,0,100,61,64,680,0,0,0,6.02771,3.6255,0,1228,103239444857
15.3303,65.2304,23.3645,0,100,61,64,680,0,0,0,6.02757,3.6255,0,902,103339623346
15.7077,63.6632,23.3645,0,100,61,64,680,0,0,0,6.02757,3.6255,0,902,103439968503
15.1163,66.1537,23.3645,0,100,61,64,680,0,0,0,6.02757,3.6255,0,902,103540241575
14.8827,67.1922,23.3645,0,100,61,64,680,0,0,0,6.02757,3.6255,0,902,103640495117
15.7715,63.4056,23.3645,0,100,61,64,680,0,0,0,6.02757,3.6255,0,902,103740668398
15.82,63.211,27.972,0,100,61,64,680,0,0,0,6.02757,3.6255,0,1017,103840831784
15.4315,64.8025,27.972,0,100,61,64,680,0,0,0,6.02757,3.6255,0,1017,103941001054
15.463,64.6704,27.972,0,100,61,64,680,0,0,0,6.02757,3.6255,0,1017,104041171836
15.2253,65.68,27.972,0,100,61,64,680,0,0,0,6.02757,3.6255,0,1017,104141351158
15.2427,65.6053,27.972,0,100,61,64,680,0,0,0,6.02757,3.6255,0,1017,104241497044
15.4499,64.7255,27.972,0,100,61,64,680,0,0,0,6.02757,3.6255,0,1017,104341682408
15.6507,63.895,24.2424,0,92,61,64,680,0,0,0,6.02736,3.6255,0,1017,104441856940
15.2169,65.7162,24.2424,0,92,61,64,680,0,0,0,6.02736,3.6255,0,1017,104542041888
15.4869,64.5706,24.2424,0,92,61,64,680,0,0,0,6.02736,3.6255,0,1017,104642211210
15.4918,64.5505,24.2424,0,92,61,64,680,0,0,0,6.02736,3.6255,0,1017,104742371887
15.3024,65.3491,24.2424,0,92,61,64,680,0,0,0,6.02736,3.6255,0,1017,104842494908
15.4463,64.7406,28.3019,0,100,62,64,680,0,0,0,6.02446,3.62491,0,1536,104942609804
15.6714,63.8104,28.3019,0,100,62,64,680,0,0,0,6.02446,3.62491,0,1536,105042723085
15.5465,64.3232,28.3019,0,100,62,64,680,0,0,0,6.02446,3.62491,0,1536,105142850846
15.3537,65.131,28.3019,0,100,62,64,680,0,0,0,6.02446,3.62491,0,1536,105242982929
15.4166,64.8649,28.3019,0,100,62,64,680,0,0,0,6.02446,3.62491,0,1536,105343140273
15.1736,65.9039,21.8097,0,100,61,64,680,0,0,0,6.02644,3.62452,0,1113,105443324075
15.4862,64.5734,21.8097,0,100,61,64,680,0,0,0,6.02644,3.62452,0,1113,105543516002
15.4362,64.7828,21.8097,0,100,61,64,680,0,0,0,6.02644,3.62452,0,1113,105643663762
15.8607,63.0491,21.8097,0,100,61,64,680,0,0,0,6.02644,3.62452,0,1113,105743842772
15.2588,65.536,21.8097,0,100,61,64,680,0,0,0,6.02644,3.62452,0,1113,105844035897
15.5813,64.1797,24.5863,0,100,61,65,680,0,0,0,6.02644,3.62452,0,1228,105944208918
15.3286,65.2377,24.5863,0,100,61,65,680,0,0,0,6.02644,3.62452,0,1228,106044384543
15.6358,63.9558,24.5863,0,100,61,65,680,0,0,0,6.02644,3.62452,0,1228,106144614491
15.5083,64.4816,24.5863,0,100,61,65,680,0,0,0,6.02644,3.62452,0,1228,106244768189
15.1269,66.1073,24.5863,0,100,61,65,680,0,0,0,6.02644,3.62452,0,1228,106344933085
15.395,64.9563,22.8438,0,100,61,65,680,0,0,0,6.02633,3.62452,0,1228,106445089595
15.6754,63.7942,22.8438,0,100,61,65,680,0,0,0,6.02633,3.62452,0,1228,106545252199
15.3476,65.1568,22.8438,0,100,61,65,680,0,0,0,6.02633,3.62452,0,1228,106645408605
15.5955,64.1211,22.8438,0,100,61,65,680,0,0,0,6.02633,3.62452,0,1228,106745591210
15.4736,64.6264,22.8438,0,100,61,65,680,0,0,0,6.02633,3.62452,0,1228,106845751939
15.5031,64.5032,23.8318,0,93,61,64,680,0,0,0,6.02611,3.62452,0,902,106945896782
15.1213,66.1319,23.8318,0,93,61,64,680,0,0,0,6.02611,3.62452,0,902,107046051991
15.5071,64.4868,23.8318,0,93,61,64,680,0,0,0,6.02611,3.62452,0,902,107146213605
15.4773,64.6106,23.8318,0,93,61,64,680,0,0,0,6.02611,3.62452,0,902,107246336001
15.4367,64.7806,23.8318,0,93,61,64,680,0,0,0,6.02611,3.62452,0,902,107346471105
15.5587,64.2729,23.8318,0,93,61,64,680,0,0,0,6.02611,3.62452,0,902,107446618501
15.1277,66.1038,23.8208,0,100,61,65,680,0,0,0,6.01807,3.62402,0,1017,107546779126
15.2273,65.6716,23.8208,0,100,61,65,680,0,0,0,6.01807,3.62402,0,1017,107646963293
15.1226,66.126,23.8208,0,100,61,65,680,0,0,0,6.01807,3.62402,0,1017,107747098449
15.6902,63.7339,23.8208,0,100,61,65,680,0,0,0,6.01807,3.62402,0,1017,107847241417
15.1217,66.1303,23.8208,0,100,61,65,680,0,0,0,6.01807,3.62402,0,1017,107947393657
15.1519,65.9983,26.1176,0,100,61,65,680,0,0,0,6.01545,3.62357,0,1017,108047585792
15.1845,65.8568,26.1176,0,100,61,65,680,0,0,0,6.01545,3.62357,0,1017,108147760219
15.7237,63.5981,26.1176,0,100,61,65,680,0,0,0,6.01545,3.62357,0,1017,108248401938
15.4569,64.6961,26.1176,0,100,61,65,680,0,0,0,6.01545,3.62357,0,1017,108348557355
15.5544,64.2907,26.1176,0,100,61,65,680,0,0,0,6.01545,3.62357,0,1017,108448697928
15.1409,66.0461,25.9953,0,100,61,66,680,0,0,0,6.01495,3.62299,0,1017,108548837980
15.3202,65.2731,25.9953,0,100,61,66,680,0,0,0,6.01495,3.62299,0,1017,108649014230
15.3617,65.0968,25.9953,0,100,61,66,680,0,0,0,6.01495,3.62299,0,1017,108749161521
15.4134,64.8786,25.9953,0,100,61,66,680,0,0,0,6.01495,3.62299,0,1017,108849290480
15.666,63.8325,25.9953,0,100,61,66,680,0,0,0,6.01495,3.62299,0,1017,108949437407
15.0874,66.2806,24.5902,0,93,61,65,680,0,0,0,6.01464,3.62298,0,1113,109049595011
15.4678,64.6506,24.5902,0,93,61,65,680,0,0,0,6.01464,3.62298,0,1113,109149765948
15.5352,64.3698,24.5902,0,93,61,65,680,0,0,0,6.01464,3.62298,0,1113,109249969698
15.6158,64.0376,24.5902,0,93,61,65,680,0,0,0,6.01464,3.62298,0,1113,109350148917
15.4681,64.6493,24.5902,0,93,61,65,680,0,0,0,6.01464,3.62298,0,1113,109450321573
15.3749,65.0412,22.3529,0,100,61,65,680,0,0,0,6.01464,3.62298,0,1228,109550479073
15.3183,65.2813,22.3529,0,100,61,65,680,0,0,0,6.01464,3.62298,0,1228,109650664125
15.2676,65.4982,22.3529,0,100,61,65,680,0,0,0,6.01464,3.62298,0,1228,109750830636
15.2424,65.6063,22.3529,0,100,61,65,680,0,0,0,6.01464,3.62298,0,1228,109850963344
15.2019,65.7814,22.3529,0,100,61,65,680,0,0,0,6.01464,3.62298,0,1228,109951095219
15.3894,64.9798,22.3529,0,100,61,65,680,0,0,0,6.01464,3.62298,0,1228,110051287771
15.112,66.1728,24.9423,0,96,61,65,680,0,0,0,6.01572,3.62298,0,902,110151732042
15.4287,64.8144,24.9423,0,96,61,65,680,0,0,0,6.01572,3.62298,0,902,110251870375
15.2069,65.7598,24.9423,0,96,61,65,680,0,0,0,6.01572,3.62298,0,902,110352043344
15.7336,63.5581,24.9423,0,96,61,65,680,0,0,0,6.01572,3.62298,0,902,110452343708
15.5152,64.453,24.9423,0,96,61,65,680,0,0,0,6.01572,3.62298,0,902,110552508969
15.6148,64.0419,23.4597,0,100,61,65,680,0,0,0,6.01548,3.62298,0,1017,110652693812
15.6851,63.7546,23.4597,0,100,61,65,680,0,0,0,6.01548,3.62298,0,1017,110752864437
15.3363,65.2049,23.4597,0,100,61,65,680,0,0,0,6.01548,3.62298,0,1017,110853052406
15.4094,64.8955,23.4597,0,100,61,65,680,0,0,0,6.01548,3.62298,0,1017,110953249802
15.5037,64.5007,23.4597,0,100,61,65,680,0,0,0,6.01548,3.62298,0,1017,111053426260
15.3117,65.3096,23.3645,0,100,61,65,680,0,0,0,6.01541,3.62297,0,1017,111153598187
14.6106,68.4435,23.3645,0,100,61,65,680,0,0,0,6.01541,3.62297,0,1017,111253762979
16.362,61.1174,23.3645,0,100,61,65,680,0,0,0,6.01541,3.62297,0,1017,111353931989
15.5207,64.4303,23.3645,0,100,61,65,680,0,0,0,6.01541,3.62297,0,1017,111454131885
15.5544,64.2906,23.3645,0,100,61,65,680,0,0,0,6.01541,3.62297,0,1017,111554407979
15.6447,63.9192,23.6534,0,100,61,65,680,0,0,0,6.01541,3.62296,0,1017,111654600895
15.3187,65.2795,23.6534,0,100,61,65,680,0,0,0,6.01541,3.62296,0,1017,111754741364
15.5408,64.3467,23.6534,0,100,61,65,680,0,0,0,6.01541,3.62296,0,1017,111854872770
15.5132,64.4614,23.6534,0,100,61,65,680,0,0,0,6.01541,3.62296,0,1017,111955023916
15.6341,63.9628,23.6534,0,100,61,65,680,0,0,0,6.01541,3.62296,0,1017,112055180062
15.0943,66.2501,23.2227,0,91,61,65,680,0,0,0,6.01546,3.62296,0,672,112155337718
15.7218,63.6058,23.2227,0,91,61,65,680,0,0,0,6.01546,3.62296,0,672,112255503291
15.3426,65.1781,23.2227,0,91,61,65,680,0,0,0,6.01546,3.62296,0,672,112355661312
15.5095,64.4766,23.2227,0,91,61,65,680,0,0,0,6.01546,3.62296,0,672,112455857041
15.2569,65.5441,23.2227,0,91,61,65,680,0,0,0,6.01546,3.62296,0,672,112556000582
15.3647,65.0841,26.4019,0,100,61,65,680,0,0,0,6.01546,3.62296,0,902,112656197197
15.3806,65.017,26.4019,0,100,61,65,680,0,0,0,6.01546,3.62296,0,902,112756364228
15.0644,66.3819,26.4019,0,100,61,65,680,0,0,0,6.01546,3.62296,0,902,112856533655
15.3072,65.3286,26.4019,0,100,61,65,680,0,0,0,6.01546,3.62296,0,902,112956690374
15.0505,66.4428,26.4019,0,100,61,65,680,0,0,0,6.01546,3.62296,0,902,113056893447
15.7609,63.4483,26.4019,0,100,61,65,680,0,0,0,6.01546,3.62296,0,902,113157021936
15.0824,66.3024,24.8804,0,100,61,65,680,0,0,0,6.01546,3.62295,0,1056,113257148082
15.4366,64.781,24.8804,0,100,61,65,680,0,0,0,6.01546,3.62295,0,1056,113357264801
15.3168,65.2877,24.8804,0,100,61,65,680,0,0,0,6.01546,3.62295,0,1056,113457384176
15.5287,64.3971,24.8804,0,100,61,65,680,0,0,0,6.01546,3.62295,0,1056,113557558030
15.3012,65.3542,24.8804,0,100,61,65,680,0,0,0,6.01546,3.62295,0,1056,113657735322
15.2574,65.5418,25,0,100,61,65,680,0,0,0,6.01546,3.62295,0,1017,113758286467
15.6774,63.786,25,0,100,61,65,680,0,0,0,6.01546,3.62295,0,1017,113858424644
15.5396,64.3518,25,0,100,61,65,680,0,0,0,6.01546,3.62295,0,1017,113958579332
15.6471,63.9096,25,0,100,61,65,680,0,0,0,6.01546,3.62295,0,1017,114058721519
15.2741,65.4703,25,0,100,61,65,680,0,0,0,6.01546,3.62295,0,1017,114158859123
15.5753,64.2043,27.972,0,99,61,65,680,0,0,0,6.01546,3.62295,0,902,114259015217
15.6064,64.0764,27.972,0,99,61,65,680,0,0,0,6.01546,3.62295,0,902,114359165217
15.3366,65.2033,27.972,0,99,61,65,680,0,0,0,6.01546,3.62295,0,902,114459331780
15.8782,62.9793,27.972,0,99,61,65,680,0,0,0,6.01546,3.62295,0,902,114559492613
15.8344,63.1537,27.972,0,99,61,65,680,0,0,0,6.01546,3.62295,0,902,114659640061
15.2238,65.6865,26.2411,0,93,61,65,680,0,0,0,6.01542,3.62294,0,1228,114759818186
15.3032,65.3458,26.2411,0,93,61,65,680,0,0,0,6.01542,3.62294,0,1228,114859976623
15.3727,65.0504,26.2411,0,93,61,65,680,0,0,0,6.01542,3.62294,0,1228,114960146936
15.3929,64.9652,26.2411,0,93,61,65,680,0,0,0,6.01542,3.62294,0,1228,115060335165
15.1046,66.2051,26.2411,0,93,61,65,680,0,0,0,6.01542,3.62294,0,1228,115160502456
15.7234,63.5996,22.4586,0,100,61,65,680,0,0,0,6.01542,3.62294,0,1228,115260678915
15.3737,65.0462,22.4586,0,100,61,65,680,0,0,0,6.01542,3.62294,0,1228,115360839852
15.5563,64.2826,22.4586,0,100,61,65,680,0,0,0,6.01542,3.62294,0,1228,115461011623
15.5553,64.2869,22.4586,0,100,61,65,680,0,0,0,6.01542,3.62294,0,1228,115561199435
15.2542,65.5556,22.4586,0,100,61,65,680,0,0,0,6.01542,3.62294,0,1228,115661405998
15.7032,63.6811,24.2788,0,100,62,65,680,0,0,0,6.01542,3.62294,0,1459,115761608029
15.3857,64.9955,24.2788,0,100,62,65,680,0,0,0,6.01542,3.62294,0,1459,115861765633
15.1204,66.1358,24.2788,0,100,62,65,680,0,0,0,6.01542,3.62294,0,1459,115961925269
15.7825,63.3612,24.2788,0,100,62,65,680,0,0,0,6.01542,3.62294,0,1459,116062099696
15.5144,64.4563,24.2788,0,100,62,65,680,0,0,0,6.01542,3.62294,0,1459,116162267560
15.8453,63.1104,24.2788,0,100,62,65,680,0,0,0,6.01542,3.62294,0,1459,116262403341
15.4893,64.5606,23.9535,0,100,62,66,680,0,0,0,6.01542,3.62294,0,1344,116362567039
15.5937,64.1283,23.9535,0,100,62,66,680,0,0,0,6.01542,3.62294,0,1344,116462701206
15.3407,65.1862,23.9535,0,100,62,66,680,0,0,0,6.01542,3.62294,0,1344,116562852873
15.4455,64.7439,23.9535,0,100,62,66,680,0,0,0,6.01542,3.62294,0,1344,116663013914
16.3833,61.0378,23.9535,0,100,62,66,680,0,0,0,6.01542,3.62294,0,1344,116763191570
15.5808,64.1814,24.4131,0,93,61,65,680,0,0,0,6.01566,3.62294,0,1017,116863465945
15.745,63.5124,24.4131,0,93,61,65,680,0,0,0,6.01566,3.62294,0,1017,116963629070
15.6677,63.8255,24.4131,0,93,61,65,680,0,0,0,6.01566,3.62294,0,1017,117063834070
15.3846,65.0001,24.4131,0,93,61,65,680,0,0,0,6.01566,3.62294,0,1017,117164021726
16.0151,62.4411,24.4131,0,93,61,65,680,0,0,0,6.01566,3.62294,0,1017,117264217664
15.3942,64.9596,23.2227,0,100,62,65,680,0,0,0,6.02792,3.62293,0,1113,117364371987
15.5769,64.1977,23.2227,0,100,62,65,680,0,0,0,6.02792,3.62293,0,1113,117464542143
15.607,64.0738,23.2227,0,100,62,65,680,0,0,0,6.02792,3.62293,0,1113,117564706570
15.5324,64.3814,23.2227,0,100,62,65,680,0,0,0,6.02792,3.62293,0,1113,117664841310
15.5242,64.4156,23.2227,0,100,62,65,680,0,0,0,6.02792,3.62293,0,1113,117764969174
15.3624,65.0941,23.9905,0,100,62,65,680,0,0,0,6.02694,3.62202,0,1017,117865103914
15.7594,63.4544,23.9905,0,100,62,65,680,0,0,0,6.02694,3.62202,0,1017,117965257559
15.1741,65.9018,23.9905,0,100,62,65,680,0,0,0,6.02694,3.62202,0,1017,118065414070
15.1502,66.0055,23.9905,0,100,62,65,680,0,0,0,6.02694,3.62202,0,1017,118165619226
15.3225,65.2633,23.9905,0,100,62,65,680,0,0,0,6.02694,3.62202,0,1017,118265772403
15.4907,64.555,23.1678,0,100,61,65,680,0,0,0,6.02694,3.62202,0,672,118365928497
15.5132,64.4613,23.1678,0,100,61,65,680,0,0,0,6.02694,3.62202,0,672,118466073705
15.4802,64.5985,23.1678,0,100,61,65,680,0,0,0,6.02694,3.62202,0,672,118566242143
15.6847,63.7565,23.1678,0,100,61,65,680,0,0,0,6.02694,3.62202,0,672,118666358340
15.3631,65.091,23.1678,0,100,61,65,680,0,0,0,6.02694,3.62202,0,672,118766489851
15.1468,66.0204,22.0141,0,100,62,66,680,0,0,0,6.02692,3.62202,0,1017,118866618392
15.687,63.7469,22.0141,0,100,62,66,680,0,0,0,6.02692,3.62202,0,1017,118966756674
15.2264,65.6756,22.0141,0,100,62,66,680,0,0,0,6.02692,3.62202,0,1017,119066913236
15.3826,65.0086,22.0141,0,100,62,66,680,0,0,0,6.02692,3.62202,0,1017,119167111465
15.5958,64.1198,22.0141,0,100,62,66,680,0,0,0,6.02692,3.62202,0,1017,119267277090
15.7354,63.551,22.0141,0,100,62,66,680,0,0,0,6.02692,3.62202,0,1017,119367440840
15.3483,65.1539,26.5403,0,93,61,65,680,0,0,0,6.02692,3.622,0,1017,119467581413
15.6112,64.0566,26.5403,0,93,61,65,680,0,0,0,6.02692,3.622,0,1017,119567748340
15.7241,63.5967,26.5403,0,93,61,65,680,0,0,0,6.02692,3.622,0,1017,119667922246
15.3739,65.0455,26.5403,0,93,61,65,680,0,0,0,6.02692,3.622,0,1017,119768109955
15.0394,66.492,26.5403,0,93,61,65,680,0,0,0,6.02692,3.622,0,1017,119868281830
15.5778,64.1939,25.0597,0,100,62,65,680,0,0,0,6.02692,3.622,0,1113,119968457090
15.3982,64.9425,25.0597,0,100,62,65,680,0,0,0,6.02692,3.622,0,1113,120068665788
16.2308,61.6114,25.0597,0,100,62,65,680,0,0,0,6.02692,3.622,0,1113,120168843444
14.8892,67.1629,25.0597,0,100,62,65,680,0,0,0,6.02692,3.622,0,1113,120269001048
16.4853,60.6602,25.0597,0,100,62,65,680,0,0,0,6.02692,3.622,0,1113,120369185996
15.3414,65.1832,25.3521,0,100,61,66,680,0,0,0,6.02713,3.622,0,1017,120469327298
15.2843,65.4265,25.3521,0,100,61,66,680,0,0,0,6.02713,3.622,0,1017,120569501517
15.5925,64.1336,25.3521,0,100,61,66,680,0,0,0,6.02713,3.622,0,1017,120669637454
15.2773,65.4567,25.3521,0,100,61,66,680,0,0,0,6.02713,3.622,0,1017,120769792767
15.9263,62.7891,25.3521,0,100,61,66,680,0,0,0,6.02713,3.622,0,1017,120869961881
15.6974,63.7048,27.512,0,92,62,65,680,0,0,0,6.02406,3.62143,0,1056,120970150423
15.6067,64.0752,27.512,0,92,62,65,680,0,0,0,6.02406,3.62143,0,1056,121070361985
15.4409,64.763,27.512,0,92,62,65,680,0,0,0,6.02406,3.62143,0,1056,121170504329
15.0593,66.404,27.512,0,92,62,65,680,0,0,0,6.02406,3.62143,0,1056,121270686464
14.9562,66.8621,27.512,0,92,62,65,680,0,0,0,6.02406,3.62143,0,1056,121370857194
15.5238,64.4172,22.2738,0,100,62,65,680,0,0,0,6.02406,3.62143,0,1113,121471009850
15.6596,63.8584,22.2738,0,100,62,65,680,0,0,0,6.02406,3.62143,0,1113,121571167871
15.6126,64.0509,22.2738,0,100,62,65,680,0,0,0,6.02406,3.62143,0,1113,121671327558
15.5048,64.496,22.2738,0,100,62,65,680,0,0,0,6.02406,3.62143,0,1113,121771466777
15.5062,64.4904,22.2738,0,100,62,65,680,0,0,0,6.02406,3.62143,0,1113,121871595787
15.6293,63.9824,23.0588,0,100,61,65,680,0,0,0,6.02406,3.62143,0,844,121971711048
15.7257,63.5901,23.0588,0,100,61,65,680,0,0,0,6.02406,3.62143,0,844,122071839850
15.0739,66.34,23.0588,0,100,61,65,680,0,0,0,6.02406,3.62143,0,844,122171971204
15.452,64.7164,23.0588,0,100,61,65,680,0,0,0,6.02406,3.62143,0,844,122272089068
15.3394,65.1915,23.0588,0,100,61,65,680,0,0,0,6.02406,3.62143,0,844,122372219849
15.3487,65.1519,23.0588,0,100,61,65,680,0,0,0,6.02406,3.62143,0,844,122472339849
16.0156,62.439,24.8244,0,100,62,65,680,0,0,0,6.02427,3.62142,0,902,122572466308
15.5137,64.4591,24.8244,0,100,62,65,680,0,0,0,6.02427,3.62142,0,902,122672603547
15.6644,63.8392,24.8244,0,100,62,65,680,0,0,0,6.02427,3.62142,0,902,122772758860
15.3592,65.1074,24.8244,0,100,62,65,680,0,0,0,6.02427,3.62142,0,902,122872885110
15.3031,65.3462,24.8244,0,100,62,65,680,0,0,0,6.02427,3.62142,0,902,122973030370
15.5344,64.3732,24.5823,0,100,61,66,680,0,0,0,6.02406,3.62142,0,902,123073189797
15.1522,65.9972,24.5823,0,100,61,66,680,0,0,0,6.02406,3.62142,0,902,123173363912
15.5943,64.126,24.5823,0,100,61,66,680,0,0,0,6.02406,3.62142,0,902,123273581412
15.6372,63.95,24.5823,0,100,61,66,680,0,0,0,6.02406,3.62142,0,902,123373764953
15.4141,64.8755,24.5823,0,100,61,66,680,0,0,0,6.02406,3.62142,0,902,123473977870
15.2861,65.4189,23.8208,0,93,61,65,680,0,0,0,6.02406,3.62142,0,1017,123574132401
15.5026,64.5054,23.8208,0,93,61,65,680,0,0,0,6.02406,3.62142,0,1017,123674310891
15.627,63.9916,23.8208,0,93,61,65,680,0,0,0,6.02406,3.62142,0,1017,123774489432
15.6511,63.8934,23.8208,0,93,61,65,680,0,0,0,6.02406,3.62142,0,1017,123874659745
15.2694,65.4903,23.8208,0,93,61,65,680,0,0,0,6.02406,3.62142,0,1017,123974845318
15.152,65.9978,23.8208,0,100,61,65,680,0,0,0,6.02406,3.62142,0,902,124075055265
15.7427,63.5216,23.8208,0,100,61,65,680,0,0,0,6.02406,3.62142,0,902,124175208495
15.8973,62.9036,23.8208,0,100,61,65,680,0,0,0,6.02406,3.62142,0,902,124275368599
15.5213,64.4276,23.8208,0,100,61,65,680,0,0,0,6.02406,3.62142,0,902,124376076880
15.4365,64.7814,23.8208,0,100,61,65,680,0,0,0,6.02406,3.62142,0,902,124477300786
15.7851,63.351,24.6377,0,100,61,65,680,0,0,0,6.02406,3.62142,0,787,124577466724
15.4718,64.6336,24.6377,0,100,61,65,680,0,0,0,6.02406,3.62142,0,787,124677641828
15.7044,63.6763,24.6377,0,100,61,65,680,0,0,0,6.02406,3.62142,0,787,124777867088
15.7853,63.3499,24.6377,0,100,61,65,680,0,0,0,6.02406,3.62142,0,787,124878239953
15.5775,64.1952,24.6377,0,100,61,65,680,0,0,0,6.02406,3.62142,0,787,124978413546
15.5298,64.3923,25.2358,0,100,61,65,680,0,0,0,6.02406,3.62142,0,595,125078581723
15.6924,63.7253,25.2358,0,100,61,65,680,0,0,0,6.02406,3.62142,0,595,125178875994
15.371,65.0577,25.2358,0,100,61,65,680,0,0,0,6.02406,3.62142,0,595,125279007869
15.4692,64.6445,25.2358,0,100,61,65,680,0,0,0,6.02406,3.62142,0,595,125379171984
15.5949,64.1236,25.2358,0,100,61,65,680,0,0,0,6.02406,3.62142,0,595,125479355369
15.6488,63.9026,22.8571,0,99,62,66,680,0,0,0,6.02406,3.62141,0,1113,125579540161
15.392,64.9689,22.8571,0,99,62,66,680,0,0,0,6.02406,3.62141,0,1113,125679733234
15.7016,63.6879,22.8571,0,99,62,66,680,0,0,0,6.02406,3.62141,0,1113,125779908129
15.747,63.504,22.8571,0,99,62,66,680,0,0,0,6.02406,3.62141,0,1113,125880091671
15.8042,63.2744,22.8571,0,99,62,66,680,0,0,0,6.02406,3.62141,0,1113,125980263442
15.6546,63.879,25.1196,0,92,61,65,680,0,0,0,6.02406,3.62141,0,614,126080480942
15.6385,63.9449,25.1196,0,92,61,65,680,0,0,0,6.02406,3.62141,0,614,126180732296
15.9121,62.8452,25.1196,0,92,61,65,680,0,0,0,6.02406,3.62141,0,614,126280959796
15.269,65.4923,25.1196,0,92,61,65,680,0,0,0,6.02406,3.62141,0,614,126381149067
15.2937,65.3864,25.1196,0,92,61,65,680,0,0,0,6.02406,3.62141,0,614,126481336827
15.8709,63.0085,25.1196,0,92,61,65,680,0,0,0,6.02406,3.62141,0,614,126581521775
15.3533,65.1328,26.2411,0,100,61,65,680,0,0,0,6.02406,3.62141,0,1017,126681691462
15.6632,63.8441,26.2411,0,100,61,65,680,0,0,0,6.02406,3.62141,0,1017,126781850942
15.7136,63.6393,26.2411,0,100,61,65,680,0,0,0,6.02406,3.62141,0,1017,126882006827
15.6989,63.6986,26.2411,0,100,61,65,680,0,0,0,6.02406,3.62141,0,1017,126982156306
15.4539,64.7085,26.2411,0,100,61,65,680,0,0,0,6.02406,3.62141,0,1017,127082314535
15.6687,63.8217,23.6407,0,100,62,65,680,0,0,0,6.02406,3.62141,0,1344,127182467035
15.4213,64.8455,23.6407,0,100,62,65,680,0,0,0,6.02406,3.62141,0,1344,127282617712
15.5617,64.2604,23.6407,0,100,62,65,680,0,0,0,6.02406,3.62141,0,1344,127382748806
15.722,63.6051,23.6407,0,100,62,65,680,0,0,0,6.02406,3.62141,0,1344,127482889170
15.8309,63.1674,23.6407,0,100,62,65,680,0,0,0,6.02406,3.62141,0,1344,127583095525
15.6099,64.0617,22.7488,0,100,61,65,680,0,0,0,6.02406,3.62141,0,1017,127683277556
15.3155,65.2933,22.7488,0,100,61,65,680,0,0,0,6.02406,3.62141,0,1017,127783468337
15.7926,63.3208,22.7488,0,100,61,65,680,0,0,0,6.02406,3.62141,0,1017,127883654483
15.8959,62.9094,22.7488,0,100,61,65,680,0,0,0,6.02406,3.62141,0,1017,127983851826
15.8119,63.2437,22.7488,0,100,61,65,680,0,0,0,6.02406,3.62141,0,1017,128084056722
15.4541,64.7078,26.253,0,99,62,66,680,0,0,0,6.02406,3.62141,0,902,128184173753
15.8882,62.9398,26.253,0,99,62,66,680,0,0,0,6.02406,3.62141,0,902,128284309951
15.3247,65.2543,26.253,0,99,62,66,680,0,0,0,6.02406,3.62141,0,902,128384435055
16.0351,62.3631,26.253,0,99,62,66,680,0,0,0,6.02406,3.62141,0,902,128484587503
15.6421,63.9301,26.253,0,99,62,66,680,0,0,0,6.02406,3.62141,0,902,128585250576
15.8035,63.277,25,0,100,61,66,680,0,0,0,6.02406,3.62141,0,902,128685491305
15.9333,62.7616,25,0,100,61,66,680,0,0,0,6.02406,3.62141,0,902,128785634118
15.2402,65.6158,25,0,100,61,66,680,0,0,0,6.02406,3.62141,0,902,128885880837
15.2525,65.5631,25,0,100,61,66,680,0,0,0,6.02406,3.62141,0,902,128986047659
15.6289,63.9842,25,0,100,61,66,680,0,0,0,6.02406,3.62141,0,902,129086205576
15.4701,64.6408,25.5319,0,90,61,66,680,0,0,0,6.02406,3.62141,0,787,129186364378
15.6114,64.0558,25.5319,0,90,61,66,680,0,0,0,6.02406,3.62141,0,787,129286566930
15.5061,64.4907,25.5319,0,90,61,66,680,0,0,0,6.02406,3.62141,0,787,129386726305
15.5267,64.4053,25.5319,0,90,61,66,680,0,0,0,6.02406,3.62141,0,787,129486968284
15.5748,64.2064,25.5319,0,90,61,66,680,0,0,0,6.02406,3.62141,0,787,129587134482
15.2428,65.6049,29.1469,0,100,61,65,680,0,0,0,6.02406,3.62141,0,940,129687279482
15.5382,64.3576,29.1469,0,100,61,65,680,0,0,0,6.02406,3.62141,0,940,129787487920
15.7268,63.5859,29.1469,0,100,61,65,680,0,0,0,6.02406,3.62141,0,940,129887641253
15.6157,64.0382,29.1469,0,100,61,65,680,0,0,0,6.02406,3.62141,0,940,129987788388
15.8786,62.978,29.1469,0,100,61,65,680,0,0,0,6.02406,3.62141,0,940,130087933544
15.5364,64.3651,24.6446,0,98,61,65,680,0,0,0,6.02406,3.62141,0,672,130188074534
15.5075,64.4851,24.6446,0,98,61,65,680,0,0,0,6.02406,3.62141,0,672,130288218336
15.4622,64.6737,24.6446,0,98,61,65,680,0,0,0,6.02406,3.62141,0,672,130388398492
15.7635,63.4377,24.6446,0,98,61,65,680,0,0,0,6.02406,3.62141,0,672,130488569482
15.5661,64.2421,24.6446,0,98,61,65,680,0,0,0,6.02406,3.62141,0,672,130588728857
15.6832,63.7625,24.6446,0,98,61,65,680,0,0,0,6.02406,3.62141,0,672,130688886565
16.7876,59.5677,24.5327,0,100,63,66,680,0,0,0,6.02406,3.6214,0,1344,130789045107
15.505,64.4955,24.5327,0,100,63,66,680,0,0,0,6.02406,3.6214,0,1344,130889200471
15.3121,65.3078,24.5327,0,100,63,66,680,0,0,0,6.02406,3.6214,0,1344,130989370680
15.3684,65.0684,24.5327,0,100,63,66,680,0,0,0,6.02406,3.6214,0,1344,131089523179
16.1742,61.8269,24.5327,0,100,63,66,680,0,0,0,6.02406,3.6214,0,1344,131189679065
15.4045,64.9159,26.4423,0,100,61,65,680,0,0,0,6.02406,3.6214,0,940,131289814638
15.6026,64.092,26.4423,0,100,61,65,680,0,0,0,6.02406,3.6214,0,940,131389938804
15.6921,63.7265,26.4423,0,100,61,65,680,0,0,0,6.02406,3.6214,0,940,131490095783
15.5466,64.3226,26.4423,0,100,61,65,680,0,0,0,6.02406,3.6214,0,940,131590265263
16.0973,62.1221,26.4423,0,100,61,65,680,0,0,0,6.02406,3.6214,0,940,131690394742
15.9239,62.7987,21.831,0,100,61,66,680,0,0,0,6.02406,3.6214,0,940,131790543908
15.6471,63.9095,21.831,0,100,61,66,680,0,0,0,6.02406,3.6214,0,940,131890764794
15.5437,64.3346,21.831,0,100,61,66,680,0,0,0,6.02406,3.6214,0,940,131990916773
16.0416,62.338,21.831,0,100,61,66,680,0,0,0,6.02406,3.6214,0,940,132091067867
15.7915,63.3252,21.831,0,100,61,66,680,0,0,0,6.02406,3.6214,0,940,132191234064
15.7114,63.6479,21.9277,0,100,62,65,680,0,0,0,6.02406,3.6214,0,1017,132291393908
15.492,64.5493,21.9277,0,100,62,65,680,0,0,0,6.02406,3.6214,0,1017,132391542762
15.3691,65.0657,21.9277,0,100,62,65,680,0,0,0,6.02406,3.6214,0,1017,132491689637
15.7298,63.5736,21.9277,0,100,62,65,680,0,0,0,6.02406,3.6214,0,1017,132591852502
15.7081,63.6616,21.9277,0,100,62,65,680,0,0,0,6.02406,3.6214,0,1017,132692030991
15.7733,63.3982,23.6277,0,99,63,66,680,0,0,0,6.02406,3.6214,0,1344,132792157814
15.6257,63.997,23.6277,0,99,63,66,680,0,0,0,6.02406,3.6214,0,1344,132892331929
15.1004,66.2235,23.6277,0,99,63,66,680,0,0,0,6.02406,3.6214,0,1344,132992522606
15.8677,63.0212,23.6277,0,99,63,66,680,0,0,0,6.02406,3.6214,0,1344,133092721616
15.468,64.6497,23.6277,0,99,63,66,680,0,0,0,6.02406,3.6214,0,1344,133192946564
15.503,64.5038,19.6172,0,90,62,65,680,0,0,0,6.02406,3.6214,0,902,133293167241
15.434,64.792,19.6172,0,90,62,65,680,0,0,0,6.02406,3.6214,0,902,133393368856
15.7135,63.6394,19.6172,0,90,62,65,680,0,0,0,6.02406,3.6214,0,902,133493595210
15.8008,63.2879,19.6172,0,90,62,65,680,0,0,0,6.02406,3.6214,0,902,133593824741
15.5619,64.2595,19.6172,0,90,62,65,680,0,0,0,6.02406,3.6214,0,902,133694033335
15.3277,65.2415,22.9117,0,100,62,66,680,0,0,0,6.02384,3.6214,0,1056,133794196356
15.6674,63.827,22.9117,0,100,62,66,680,0,0,0,6.02384,3.6214,0,1056,133894367658
15.426,64.8254,22.9117,0,100,62,66,680,0,0,0,6.02384,3.6214,0,1056,133994570574
15.6764,63.7903,22.9117,0,100,62,66,680,0,0,0,6.02384,3.6214,0,1056,134094808595
15.2964,65.3747,22.9117,0,100,62,66,680,0,0,0,6.02384,3.6214,0,1056,134194937189
15.6725,63.8061,22.7273,0,100,62,66,680,0,0,0,6.02358,3.6214,0,729,134295114897
15.7336,63.5583,22.7273,0,100,62,66,680,0,0,0,6.02358,3.6214,0,729,134395381459
15.496,64.5328,22.7273,0,100,62,66,680,0,0,0,6.02358,3.6214,0,729,134495684064
15.8893,62.9353,22.7273,0,100,62,66,680,0,0,0,6.02358,3.6214,0,729,134595953074
15.4851,64.5784,22.7273,0,100,62,66,680,0,0,0,6.02358,3.6214,0,729,134696178386
15.8217,63.2043,24.5192,0,100,62,65,680,0,0,0,6.02358,3.62098,0,1113,134796371199
15.6566,63.8707,24.5192,0,100,62,65,680,0,0,0,6.02358,3.62098,0,1113,134896537032
15.4598,64.6838,24.5192,0,100,62,65,680,0,0,0,6.02358,3.62098,0,1113,134996707865
15.7278,63.5817,24.5192,0,100,62,65,680,0,0,0,6.02358,3.62098,0,1113,135096886876
15.7696,63.4133,24.5192,0,100,62,65,680,0,0,0,6.02358,3.62098,0,1113,135197060678
15.7492,63.4951,24.5192,0,100,62,65,680,0,0,0,6.02358,3.62098,0,1113,135297227136
15.8128,63.2397,24.6479,0,100,62,66,680,0,0,0,6.02358,3.62098,0,1113,135397435990
15.2273,65.6715,24.6479,0,100,62,66,680,0,0,0,6.02358,3.62098,0,1113,135497641199
15.7599,63.4522,24.6479,0,100,62,66,680,0,0,0,6.02358,3.62098,0,1113,135597876042
15.5529,64.2965,24.6479,0,100,62,66,680,0,0,0,6.02358,3.62098,0,1113,135698071928
15.7005,63.6923,24.6479,0,100,62,66,680,0,0,0,6.02358,3.62098,0,1113,135798366876
15.5995,64.1044,29.0094,0,100,62,66,680,0,0,0,6.02358,3.62098,0,902,135898565678
15.8382,63.1384,29.0094,0,100,62,66,680,0,0,0,6.02358,3.62098,0,902,135998814428
15.699,63.6983,29.0094,0,100,62,66,680,0,0,0,6.02358,3.62098,0,902,136099002709
15.6178,64.0296,29.0094,0,100,62,66,680,0,0,0,6.02358,3.62098,0,902,136199251928
15.2868,65.416,29.0094,0,100,62,66,680,0,0,0,6.02358,3.62098,0,902,136299611407
16.0167,62.4347,24.2353,0,99,62,67,680,0,0,0,6.02358,3.62098,0,729,136399770730
15.097,66.2384,24.2353,0,99,62,67,680,0,0,0,6.02358,3.62098,0,729,136499927240
15.8284,63.1778,24.2353,0,99,62,67,680,0,0,0,6.02358,3.62098,0,729,136600090417
15.2026,65.7783,24.2353,0,99,62,67,680,0,0,0,6.02358,3.62098,0,729,136700249531
15.8304,63.1694,24.2353,0,99,62,67,680,0,0,0,6.02358,3.62098,0,729,136800424792
15.1922,65.8234,27.685,0,99,63,66,680,0,0,0,6.02358,3.62098,0,1344,136900579688
15.7131,63.6412,27.685,0,99,63,66,680,0,0,0,6.02358,3.62098,0,1344,137000739375
15.1793,65.8793,27.685,0,99,63,66,680,0,0,0,6.02358,3.62098,0,1344,137100903333
16.3159,61.2899,27.685,0,99,63,66,680,0,0,0,6.02358,3.62098,0,1344,137201053490
15.9404,62.7338,27.685,0,99,63,66,680,0,0,0,6.02358,3.62098,0,1344,137301219115
15.8235,63.1971,23.3491,0,92,62,66,680,0,0,0,6.02353,3.62098,0,1344,137401379375
15.3611,65.0997,23.3491,0,92,62,66,680,0,0,0,6.02353,3.62098,0,1344,137501556562
15.6264,63.9942,23.3491,0,92,62,66,680,0,0,0,6.02353,3.62098,0,1344,137601758906
15.4535,64.7103,23.3491,0,92,62,66,680,0,0,0,6.02353,3.62098,0,1344,137701938906
15.7199,63.6138,23.3491,0,92,62,66,680,0,0,0,6.02353,3.62098,0,1344,137802062135
15.7541,63.4755,25.7143,0,100,63,66,680,0,0,0,6.02375,3.62098,0,1708,137902179687
15.664,63.8407,25.7143,0,100,63,66,680,0,0,0,6.02375,3.62098,0,1708,138002400052
15.4561,64.6993,25.7143,0,100,63,66,680,0,0,0,6.02375,3.62098,0,1708,138102580312
15.5212,64.428,25.7143,0,100,63,66,680,0,0,0,6.02375,3.62098,0,1708,138203087812
15.8174,63.2214,25.7143,0,100,63,66,680,0,0,0,6.02375,3.62098,0,1708,138303254114
15.605,64.0821,21.7494,0,100,63,66,680,0,0,0,6.02373,3.62098,0,902,138403427291
15.6306,63.9771,21.7494,0,100,63,66,680,0,0,0,6.02373,3.62098,0,902,138503578385
15.6608,63.8536,21.7494,0,100,63,66,680,0,0,0,6.02373,3.62098,0,902,138603752656
15.6694,63.8186,21.7494,0,100,63,66,680,0,0,0,6.02373,3.62098,0,902,138703917604
15.6927,63.7239,21.7494,0,100,63,66,680,0,0,0,6.02373,3.62098,0,902,138804078802
15.251,65.5695,26.0664,0,100,63,66,680,0,0,0,6.02342,3.62097,0,1228,138904235156
15.7516,63.4856,26.0664,0,100,63,66,680,0,0,0,6.02342,3.62097,0,1228,139004397864
15.8626,63.0414,26.0664,0,100,63,66,680,0,0,0,6.02342,3.62097,0,1228,139104566145
15.5234,64.419,26.0664,0,100,63,66,680,0,0,0,6.02342,3.62097,0,1228,139204736978
15.542,64.3418,26.0664,0,100,63,66,680,0,0,0,6.02342,3.62097,0,1228,139304886093
15.8095,63.2529,24.5902,0,100,62,66,680,0,0,0,6.02334,3.62097,0,902,139405050989
15.9692,62.6205,24.5902,0,100,62,66,680,0,0,0,6.02334,3.62097,0,902,139505188853
15.7786,63.377,24.5902,0,100,62,66,680,0,0,0,6.02334,3.62097,0,902,139605387135
15.6576,63.8669,24.5902,0,100,62,66,680,0,0,0,6.02334,3.62097,0,902,139705531562
15.5975,64.1128,24.5902,0,100,62,66,680,0,0,0,6.02334,3.62097,0,902,139805660572
15.6635,63.8429,22.3278,0,99,62,67,680,0,0,0,6.02334,3.62097,0,902,139905812655
15.7614,63.4463,22.3278,0,99,62,67,680,0,0,0,6.02334,3.62097,0,902,140005975780
15.3739,65.0452,22.3278,0,99,62,67,680,0,0,0,6.02334,3.62097,0,902,140106130989
15.6216,64.0138,22.3278,0,99,62,67,680,0,0,0,6.02334,3.62097,0,902,140206324374
15.3822,65.0102,22.3278,0,99,62,67,680,0,0,0,6.02334,3.62097,0,902,140306468280
15.9649,62.6376,22.3278,0,99,62,67,680,0,0,0,6.02334,3.62097,0,902,140406623749
15.5153,64.4524,24.7086,0,100,62,66,680,0,0,0,6.02334,3.62097,0,1344,140506767707
15.6479,63.9063,24.7086,0,100,62,66,680,0,0,0,6.02334,3.62097,0,1344,140606975780
15.773,63.3993,24.7086,0,100,62,66,680,0,0,0,6.02334,3.62097,0,1344,140707137915
15.4977,64.5255,24.7086,0,100,62,66,680,0,0,0,6.02334,3.62097,0,1344,140807296613
15.3115,65.3103,24.7086,0,100,62,66,680,0,0,0,6.02334,3.62097,0,1344,140907461144
16.846,59.3614,24.1135,0,100,63,67,680,0,0,0,6.02351,3.62097,0,1344,141007630103
15.6572,63.8683,24.1135,0,100,63,67,680,0,0,0,6.02351,3.62097,0,1344,141107787967
15.5264,64.4063,24.1135,0,100,63,67,680,0,0,0,6.02351,3.62097,0,1344,141208011353
15.7078,63.6628,24.1135,0,100,63,67,680,0,0,0,6.02351,3.62097,0,1344,141308182863
15.4696,64.6429,24.1135,0,100,63,67,680,0,0,0,6.02351,3.62097,0,1344,141408345571
15.3827,65.0082,23.741,0,100,63,67,680,0,0,0,6.02374,3.62097,0,787,141508549113
15.674,63.7998,23.741,0,100,63,67,680,0,0,0,6.02374,3.62097,0,787,141608707394
15.7415,63.5262,23.741,0,100,63,67,680,0,0,0,6.02374,3.62097,0,787,141708845155
15.9057,62.8704,23.741,0,100,63,67,680,0,0,0,6.02374,3.62097,0,787,141809042082
15.8066,63.2646,23.741,0,100,63,67,680,0,0,0,6.02374,3.62097,0,787,141909264530
15.5659,64.2431,25.2381,0,92,62,66,680,0,0,0,6.02374,3.62097,0,1113,142009436404
15.7246,63.5945,25.2381,0,92,62,66,680,0,0,0,6.02374,3.62097,0,1113,142109587082
15.7616,63.4453,25.2381,0,92,62,66,680,0,0,0,6.02374,3.62097,0,1113,142209754061
15.7918,63.3241,25.2381,0,92,62,66,680,0,0,0,6.02374,3.62097,0,1113,142309932602
15.5645,64.2487,25.2381,0,92,62,66,680,0,0,0,6.02374,3.62097,0,1113,142410108644
15.8367,63.1446,23.8663,0,100,63,66,680,0,0,0,6.02374,3.62097,0,1113,142510256404
15.5891,64.1473,23.8663,0,100,63,66,680,0,0,0,6.02374,3.62097,0,1113,142610437550
15.0103,66.6208,23.8663,0,100,63,66,680,0,0,0,6.02374,3.62097,0,1113,142711031665
15.7888,63.336,23.8663,0,100,63,66,680,0,0,0,6.02374,3.62097,0,1113,142811201300
15.8132,63.2384,23.8663,0,100,63,66,680,0,0,0,6.02374,3.62097,0,1113,142911347602
15.7498,63.4931,26.0766,0,100,63,66,680,0,0,0,6.02374,3.62097,0,1228,143011532810
15.8246,63.1928,26.0766,0,100,63,66,680,0,0,0,6.02374,3.62097,0,1228,143111705362
15.8621,63.0435,26.0766,0,100,63,66,680,0,0,0,6.02374,3.62097,0,1228,143211876196
15.727,63.5848,26.0766,0,100,63,66,680,0,0,0,6.02374,3.62097,0,1228,143312060831
15.8344,63.1535,26.0766,0,100,63,66,680,0,0,0,6.02374,3.62097,0,1228,143412246091
15.5503,64.3073,22.488,0,100,62,66,680,0,0,0,6.02396,3.62097,0,729,143512490779
15.3924,64.9672,22.488,0,100,62,66,680,0,0,0,6.02396,3.62097,0,729,143612819633
16.2123,61.6814,22.488,0,100,62,66,680,0,0,0,6.02396,3.62097,0,729,143713050623
15.7709,63.408,22.488,0,100,62,66,680,0,0,0,6.02396,3.62097,0,729,143813278175
15.8141,63.2348,22.488,0,100,62,66,680,0,0,0,6.02396,3.62097,0,729,143913509581
15.5242,64.4154,25.2955,0,100,63,66,680,0,0,0,6.02396,3.62097,0,1113,144013717758
15.7849,63.3516,25.2955,0,100,63,66,680,0,0,0,6.02396,3.62097,0,1113,144113889945
15.834,63.1554,25.2955,0,100,63,66,680,0,0,0,6.02396,3.62097,0,1113,144214064633
15.6556,63.8749,25.2955,0,100,63,66,680,0,0,0,6.02396,3.62097,0,1113,144314276195
15.449,64.7292,25.2955,0,100,63,66,680,0,0,0,6.02396,3.62097,0,1113,144414462393
15.7116,63.6473,24.105,0,100,62,66,680,0,0,0,6.02396,3.62097,0,940,144514647654
15.9061,62.8691,24.105,0,100,62,66,680,0,0,0,6.02396,3.62097,0,940,144614891091
16.2553,61.5185,24.105,0,100,62,66,680,0,0,0,6.02396,3.62097,0,940,144715083174
15.8153,63.2298,24.105,0,100,62,66,680,0,0,0,6.02396,3.62097,0,940,144815268070
15.4138,64.8769,24.105,0,100,62,66,680,0,0,0,6.02396,3.62097,0,940,144915508018
15.763,63.4398,22.488,0,100,62,67,680,0,0,0,6.02396,3.62097,0,940,145015698382
15.5461,64.3246,22.488,0,100,62,67,680,0,0,0,6.02396,3.62097,0,940,145115821195
15.667,63.8283,22.488,0,100,62,67,680,0,0,0,6.02396,3.62097,0,940,145215944528
15.9726,62.6072,22.488,0,100,62,67,680,0,0,0,6.02396,3.62097,0,940,145316141143
16.1947,61.7486,22.488,0,100,62,67,680,0,0,0,6.02396,3.62097,0,940,145416269893
15.8588,63.0567,23.0404,0,91,62,66,680,0,0,0,6.02396,3.62096,0,787,145516451768
15.5311,64.3869,23.0404,0,91,62,66,680,0,0,0,6.02396,3.62096,0,787,145616671559
16.1803,61.8037,23.0404,0,91,62,66,680,0,0,0,6.02396,3.62096,0,787,145716951247
15.9049,62.8736,23.0404,0,91,62,66,680,0,0,0,6.02396,3.62096,0,787,145817213070
15.7847,63.3524,23.0404,0,91,62,66,680,0,0,0,6.02396,3.62096,0,787,145917414893
15.8981,62.9006,22.8235,0,100,62,66,680,0,0,0,6.02396,3.62096,0,729,146017615465
15.7017,63.6876,22.8235,0,100,62,66,680,0,0,0,6.02396,3.62096,0,729,146117768590
16.1518,61.9124,22.8235,0,100,62,66,680,0,0,0,6.02396,3.62096,0,729,146217909267
15.3159,65.2917,22.8235,0,100,62,66,680,0,0,0,6.02396,3.62096,0,729,146318048174
15.8751,62.9916,22.8235,0,100,62,66,680,0,0,0,6.02396,3.62096,0,729,146418187028
15.9635,62.643,22.8235,0,100,62,66,680,0,0,0,6.02396,3.62096,0,729,146518368486
15.7018,63.6871,24.0476,0,100,63,66,680,0,0,0,6.02396,3.62095,0,1113,146618545674
16.0581,62.2741,24.0476,0,100,63,66,680,0,0,0,6.02396,3.62095,0,1113,146718712080
15.8166,63.2248,24.0476,0,100,63,66,680,0,0,0,6.02396,3.62095,0,1113,146818870726
15.7329,63.5611,24.0476,0,100,63,66,680,0,0,0,6.02396,3.62095,0,1113,146919058694
15.8395,63.1332,24.0476,0,100,63,66,680,0,0,0,6.02396,3.62095,0,1113,147019234580
15.5702,64.2254,25.3554,0,100,62,66,680,0,0,0,6.02396,3.62095,0,1228,147119395621
16.0903,62.1494,25.3554,0,100,62,66,680,0,0,0,6.02396,3.62095,0,1228,147219620413
15.6314,63.9739,25.3554,0,100,62,66,680,0,0,0,6.02396,3.62095,0,1228,147319793382
15.6878,63.7439,25.3554,0,100,62,66,680,0,0,0,6.02396,3.62095,0,1228,147419948798
15.512,64.4661,25.3554,0,100,62,66,680,0,0,0,6.02396,3.62095,0,1228,147520122704
16.3725,61.0779,21.4286,0,100,62,66,680,0,0,0,6.02396,3.62095,0,902,147620320777
15.8194,63.2133,21.4286,0,100,62,66,680,0,0,0,6.02396,3.62095,0,902,147720506871
15.4843,64.5815,21.4286,0,100,62,66,680,0,0,0,6.02396,3.62095,0,902,147820715569
15.5422,64.3411,21.4286,0,100,62,66,680,0,0,0,6.02396,3.62095,0,902,147922351506
15.6557,63.8746,21.4286,0,100,62,66,680,0,0,0,6.02396,3.62095,0,902,148022555100
15.9578,62.6654,20.8633,0,100,62,66,680,0,0,0,6.02396,3.62091,0,902,148122699631
15.7216,63.6068,20.8633,0,100,62,66,680,0,0,0,6.02396,3.62091,0,902,148222843017
15.7639,63.4361,20.8633,0,100,62,66,680,0,0,0,6.02396,3.62091,0,902,148322983798
