os,cpu,gpu,ram,kernel,driver,cpuscheduler
Armada 20260926.c2fd048,,Turnip Adreno (TM) 740,7672616,7.2.6,,conservative
fps,frametime,cpu_load,cpu_power,gpu_load,cpu_temp,gpu_temp,gpu_core_clock,gpu_mem_clock,gpu_vram_used,gpu_power,ram_used,swap_used,process_rss,cpu_mhz,elapsed
0.00020701,4.83069e+06,24.8286,0,0,46,41,680,0,0,0,5.73645,2.62576,0,2054,103404947
0.00020701,4.83069e+06,24.8286,0,0,46,41,680,0,0,0,5.73645,2.62576,0,2054,203566822
57.6821,17.3364,47.8528,0,0,47,41,680,0,0,0,6.01208,2.62576,0,2092,303683593
58.5619,17.0759,47.8528,0,0,47,41,680,0,0,0,6.01208,2.62576,0,2092,403787656
57.1311,17.5036,47.8528,0,0,47,41,680,0,0,0,6.01208,2.62576,0,2092,503901145
58.0968,17.2127,47.8528,0,0,47,41,680,0,0,0,6.01208,2.62576,0,2092,604013072
59.534,16.7971,47.8528,0,0,47,41,680,0,0,0,6.01208,2.62576,0,2092,704118958
61.8208,16.1758,34.2365,0,0,46,41,220,0,0,0,6.02452,2.62576,0,2092,804235260
57.2137,17.4783,34.2365,0,0,46,41,220,0,0,0,6.02452,2.62576,0,2092,904347031
55.5003,18.0179,34.2365,0,0,46,41,220,0,0,0,6.02452,2.62576,0,2092,1004459218
57.8101,17.298,34.2365,0,0,46,41,220,0,0,0,6.02452,2.62576,0,2092,1104571978
53.7326,18.6107,34.2365,0,0,46,41,220,0,0,0,6.02452,2.62576,0,2092,1204672551
60.9969,16.3943,33.2518,0,2,45,41,220,0,0,0,5.97588,2.62576,0,2054,1304785937
60.2911,16.5862,33.2518,0,2,45,41,220,0,0,0,5.97588,2.62576,0,2054,1404894582
60.156,16.6234,33.2518,0,2,45,41,220,0,0,0,5.97588,2.62576,0,2054,1504997499
56.2291,17.7844,33.2518,0,2,45,41,220,0,0,0,5.97588,2.62576,0,2054,1605107916
57.7437,17.3179,33.2518,0,2,45,41,220,0,0,0,5.97588,2.62576,0,2054,1705215103
56.0036,17.856,34.6535,0,2,46,42,220,0,0,0,6.0409,2.62666,0,1843,1805321978
60.5982,16.5021,34.6535,0,2,46,42,220,0,0,0,6.0409,2.62666,0,1843,1905430728
59.3309,16.8546,34.6535,0,2,46,42,220,0,0,0,6.0409,2.62666,0,1843,2005532916
56.936,17.5636,34.6535,0,2,46,42,220,0,0,0,6.0409,2.62666,0,1843,2105639009
60.4595,16.54,34.6535,0,2,46,42,220,0,0,0,6.0409,2.62666,0,1843,2205746978
60.4595,16.54,34.6535,0,2,46,42,220,0,0,0,6.0409,2.62666,0,1843,2305863280
3.40626,293.577,36.9643,0,1,47,42,220,0,0,0,6.05796,2.62666,0,2054,2405984634
61.9395,16.1448,36.9643,0,1,47,42,220,0,0,0,6.05796,2.62666,0,2054,2506076613
92.7263,10.7844,36.9643,0,1,47,42,220,0,0,0,6.05796,2.62666,0,2054,2606183540
92.7263,10.7844,36.9643,0,1,47,42,220,0,0,0,6.05796,2.62666,0,2054,2706316301
92.7263,10.7844,36.9643,0,1,47,42,220,0,0,0,6.05796,2.62666,0,2054,2806427759
66.7508,14.9811,36.9643,0,1,47,42,220,0,0,0,6.05796,2.62666,0,2054,2906540103
84.3934,11.8493,39.2435,0,1,48,42,680,0,0,0,6.26028,2.65284,0,2092,3006653592
63.5528,15.7349,39.2435,0,1,48,42,680,0,0,0,6.26028,2.65284,0,2092,3106765363
62.513,15.9967,39.2435,0,1,48,42,680,0,0,0,6.26028,2.65284,0,2092,3207242811
57.9084,17.2686,39.2435,0,1,48,42,680,0,0,0,6.26028,2.65284,0,2092,3307360519
56.4351,17.7195,39.2435,0,1,48,42,680,0,0,0,6.26028,2.65284,0,2092,3407457290
56.6872,17.6407,42.8571,0,41,48,44,475,0,0,0,6.28575,2.65284,0,2092,3507564998
57.5748,17.3687,42.8571,0,41,48,44,475,0,0,0,6.28575,2.65284,0,2092,3607688279
56.9383,17.5629,42.8571,0,41,48,44,475,0,0,0,6.28575,2.65284,0,2092,3707845571
63.284,15.8018,42.8571,0,41,48,44,475,0,0,0,6.28575,2.65284,0,2092,3808003696
63.284,15.8018,42.8571,0,41,48,44,475,0,0,0,6.28575,2.65284,0,2092,3908120988
63.284,15.8018,42.8571,0,41,48,44,475,0,0,0,6.28575,2.65284,0,2092,4008238904
63.284,15.8018,42.8571,0,41,48,44,475,0,0,0,6.28575,2.65284,0,2092,4108345467
2.2333,447.767,38.0471,0,35,48,43,220,0,0,0,6.46144,2.65284,0,2092,4208454373
2.2333,447.767,38.0471,0,35,48,43,220,0,0,0,6.46144,2.65284,0,2092,4308560258
2.2333,447.767,38.0471,0,35,48,43,220,0,0,0,6.46144,2.65284,0,2092,4408683592
2.2333,447.767,38.0471,0,35,48,43,220,0,0,0,6.46144,2.65284,0,2092,4508835675
2.2333,447.767,38.0471,0,35,48,43,220,0,0,0,6.46144,2.65284,0,2092,4608991769
2.2333,447.767,38.0471,0,35,48,43,220,0,0,0,6.46144,2.65284,0,2092,4709157654
2.2333,447.767,38.0471,0,35,48,43,220,0,0,0,6.46144,2.65284,0,2092,4809325206
2.2333,447.767,38.0471,0,35,48,43,220,0,0,0,6.46144,2.65284,0,2092,4909440414
1.31261,761.84,48.7055,0,1,50,42,220,0,0,0,6.9783,2.74677,0,2092,5009551508
39.5013,25.3156,59.4937,0,1,49,42,220,0,0,0,6.86095,2.74654,0,2054,5109687029
17.503,57.1331,59.4937,0,1,49,42,220,0,0,0,6.86095,2.74654,0,2054,5209829998
52.2844,19.1261,59.4937,0,1,49,42,220,0,0,0,6.86095,2.74654,0,2054,5309970414
43.1612,23.169,59.4937,0,1,49,42,220,0,0,0,6.86095,2.74654,0,2054,5410073227
47.7675,20.9347,59.4937,0,1,49,42,220,0,0,0,6.86095,2.74654,0,2054,5510197810
45.7782,21.8445,38.6091,0,57,49,48,680,0,0,0,6.77161,2.74619,0,2054,5610336560
44.8289,22.307,38.6091,0,57,49,48,680,0,0,0,6.77161,2.74619,0,2054,5710470310
50.8409,19.6692,38.6091,0,57,49,48,680,0,0,0,6.77161,2.74619,0,2054,5810636091
50.9495,19.6273,38.6091,0,57,49,48,680,0,0,0,6.77161,2.74619,0,2054,5910848852
50.7251,19.7141,38.6091,0,57,49,48,680,0,0,0,6.77161,2.74619,0,2054,6011008747
50.0532,19.9788,32.6389,0,91,49,50,680,0,0,0,6.78596,2.74612,0,1785,6111154372
50.9822,19.6147,32.6389,0,91,49,50,680,0,0,0,6.78596,2.74612,0,1785,6211264737
50.066,19.9736,32.6389,0,91,49,50,680,0,0,0,6.78596,2.74612,0,1785,6311402133
50.121,19.9517,32.6389,0,91,49,50,680,0,0,0,6.78596,2.74612,0,1785,6411530049
24.3181,41.1216,32.6389,0,91,49,50,680,0,0,0,6.78596,2.74612,0,1785,6511694320
9.37444,106.673,32.6389,0,91,49,50,680,0,0,0,6.78596,2.74612,0,1785,6611894841
7.27748,137.41,43.6975,0,98,53,52,680,0,0,0,6.95194,2.77562,0,2092,6712037445
270.964,3.69052,62.3853,0,98,51,52,680,0,0,0,6.67807,2.77572,0,2092,6812206403
262.044,3.81615,62.3853,0,98,51,52,680,0,0,0,6.67807,2.77572,0,2092,6912344841
107.137,9.33385,62.3853,0,98,51,52,680,0,0,0,6.67807,2.77572,0,2092,7012518174
131.846,7.58463,62.3853,0,98,51,52,680,0,0,0,6.67807,2.77572,0,2092,7112638070
145.238,6.88526,62.3853,0,98,51,52,680,0,0,0,6.67807,2.77572,0,2092,7212752497
128.719,7.76885,62.3853,0,98,51,52,680,0,0,0,6.67807,2.77572,0,2092,7312987132
84.9246,11.7752,58.5784,0,31,53,47,220,0,0,0,6.3016,2.77558,0,2092,7413104268
155.205,6.44307,58.5784,0,31,53,47,220,0,0,0,6.3016,2.77558,0,2092,7513548434
142.641,7.01062,58.5784,0,31,53,47,220,0,0,0,6.3016,2.77558,0,2092,7613653643
144.956,6.89865,58.5784,0,31,53,47,220,0,0,0,6.3016,2.77558,0,2092,7713768017
140.995,7.09245,58.5784,0,31,53,47,220,0,0,0,6.3016,2.77558,0,2092,7813870049
133.12,7.51203,51.699,0,42,51,47,550,0,0,0,6.35899,2.77555,0,2092,7913974267
160.432,6.23318,51.699,0,42,51,47,550,0,0,0,6.35899,2.77555,0,2092,8014083903
135.633,7.37281,51.699,0,42,51,47,550,0,0,0,6.35899,2.77555,0,2092,8114214788
134.193,7.45193,51.699,0,42,51,47,550,0,0,0,6.35899,2.77555,0,2092,8214328851
138.378,7.22656,51.699,0,42,51,47,550,0,0,0,6.35899,2.77555,0,2092,8314447028
109.434,9.13797,47.6543,0,46,51,50,615,0,0,0,6.38124,2.77555,0,1785,8414586090
46.5385,21.4876,47.6543,0,46,51,50,615,0,0,0,6.38124,2.77555,0,1785,8514696976
46.5385,21.4876,47.6543,0,46,51,50,615,0,0,0,6.38124,2.77555,0,1785,8614823225
142.643,7.01052,47.6543,0,46,51,50,615,0,0,0,6.38124,2.77555,0,1785,8714993694
114.571,8.72818,47.6543,0,46,51,50,615,0,0,0,6.38124,2.77555,0,1785,8815112340
139.192,7.18432,52.4038,0,36,52,47,680,0,0,0,6.50292,2.77549,0,2092,8915227705
134.649,7.42672,52.4038,0,36,52,47,680,0,0,0,6.50292,2.77549,0,2092,9015330413
119.109,8.39568,52.4038,0,36,52,47,680,0,0,0,6.50292,2.77549,0,2092,9115444163
71.4453,13.9967,52.4038,0,36,52,47,680,0,0,0,6.50292,2.77549,0,2092,9215554007
115.437,8.66271,52.4038,0,36,52,47,680,0,0,0,6.50292,2.77549,0,2092,9315665204
77.5394,12.8967,60.9337,0,44,54,48,680,0,0,0,6.92051,2.78597,0,2092,9415799111
48.2064,20.7441,60.9337,0,44,54,48,680,0,0,0,6.92051,2.78597,0,2092,9515986611
85.893,11.6424,60.9337,0,44,54,48,680,0,0,0,6.92051,2.78597,0,2092,9617551715
100.696,9.93089,60.9337,0,44,54,48,680,0,0,0,6.92051,2.78597,0,2092,9717676038
40.1979,24.8769,60.9337,0,44,54,48,680,0,0,0,6.92051,2.78597,0,2092,9817783590
43.5832,22.9446,89.3035,0,32,55,48,295,0,0,0,7.02166,2.90538,0,2092,9917897860
20.1572,49.61,89.3035,0,32,55,48,295,0,0,0,7.02166,2.90538,0,2092,10018374006
36.1686,27.6483,89.3035,0,32,55,48,295,0,0,0,7.02166,2.90538,0,2092,10118492756
49.4434,20.2252,89.3035,0,32,55,48,295,0,0,0,7.02166,2.90538,0,2092,10224373694
51.6948,19.3443,89.3035,0,32,55,48,295,0,0,0,7.02166,2.90538,0,2092,10326889006
151.577,6.59729,89.3035,0,32,55,48,295,0,0,0,7.02166,2.90538,0,2092,10428860204
9.1131,109.732,82.3158,0,32,57,47,680,0,0,0,7.03817,3.14152,0,2092,10529003694
7.74711,129.08,82.3158,0,32,57,47,680,0,0,0,7.03817,3.14152,0,2092,10629170308
10.1065,98.946,82.3158,0,32,57,47,680,0,0,0,7.03817,3.14152,0,2092,10729323381
49.8018,20.0796,82.3158,0,32,57,47,680,0,0,0,7.03817,3.14152,0,2092,10829484423
49.8018,20.0796,82.3158,0,32,57,47,680,0,0,0,7.03817,3.14152,0,2092,10929607600
55.1399,18.1357,59.4406,0,5,54,46,220,0,0,0,7.04708,3.25277,0,2092,11029758068
134.578,7.43062,59.4406,0,5,54,46,220,0,0,0,7.04708,3.25277,0,2092,11129910829
122.358,8.17271,59.4406,0,5,54,46,220,0,0,0,7.04708,3.25277,0,2092,11230064527
131.553,7.60151,59.4406,0,5,54,46,220,0,0,0,7.04708,3.25277,0,2092,11330209683
129.092,7.74641,59.4406,0,5,54,46,220,0,0,0,7.04708,3.25277,0,2092,11430354839
123.024,8.12849,57.0048,0,24,54,48,680,0,0,0,7.00135,3.34179,0,2092,11530473016
59.7256,16.7432,57.0048,0,24,54,48,680,0,0,0,7.00135,3.34179,0,2092,11630626349
136.3,7.33677,57.0048,0,24,54,48,680,0,0,0,7.00135,3.34179,0,2092,11730799162
59.7781,16.7285,57.0048,0,24,54,48,680,0,0,0,7.00135,3.34179,0,2092,11830954162
133.154,7.5101,57.0048,0,24,54,48,680,0,0,0,7.00135,3.34179,0,2092,11931476193
63.6626,15.7078,60.4938,0,39,56,48,550,0,0,0,6.88673,3.47546,0,2092,12031620516
129.585,7.71693,60.4938,0,39,56,48,550,0,0,0,6.88673,3.47546,0,2092,12131731662
63.4132,15.7696,60.4938,0,39,56,48,550,0,0,0,6.88673,3.47546,0,2092,12231835568
108.258,9.23719,60.4938,0,39,56,48,550,0,0,0,6.88673,3.47546,0,2092,12331939370
164.226,6.08917,60.4938,0,39,56,48,550,0,0,0,6.88673,3.47546,0,2092,12432044734
107.434,9.30802,58.2716,0,43,56,49,615,0,0,0,6.85867,3.53449,0,2092,12532154526
123.043,8.12724,58.2716,0,43,56,49,615,0,0,0,6.85867,3.53449,0,2092,12632269891
135.148,7.39932,58.2716,0,43,56,49,615,0,0,0,6.85867,3.53449,0,2092,12732380672
128.203,7.8001,58.2716,0,43,56,49,615,0,0,0,6.85867,3.53449,0,2092,12832486401
58.9181,16.9727,58.2716,0,43,56,49,615,0,0,0,6.85867,3.53449,0,2092,12932610672
178.6,5.59911,57.4257,0,45,55,49,680,0,0,0,6.80917,3.5989,0,2092,13032713380
128.505,7.78177,57.4257,0,45,55,49,680,0,0,0,6.80917,3.5989,0,2092,13132821088
64.8717,15.4151,57.4257,0,45,55,49,680,0,0,0,6.80917,3.5989,0,2092,13232937338
142.851,7.00031,57.4257,0,45,55,49,680,0,0,0,6.80917,3.5989,0,2092,13333062703
135.032,7.40568,57.4257,0,45,55,49,680,0,0,0,6.80917,3.5989,0,2092,13433306817
160.535,6.22917,47.9012,0,45,54,52,680,0,0,0,6.80962,3.59878,0,2092,13533432599
66.4861,15.0407,47.9012,0,45,54,52,680,0,0,0,6.80962,3.59878,0,2092,13633531609
162.086,6.16958,47.9012,0,45,54,52,680,0,0,0,6.80962,3.59878,0,2092,13733640828
158.36,6.31474,47.9012,0,45,54,52,680,0,0,0,6.80962,3.59878,0,2092,13833748744
61.2149,16.3359,47.9012,0,45,54,52,680,0,0,0,6.80962,3.59878,0,2092,13933863067
133.108,7.51271,45.614,0,47,55,50,680,0,0,0,6.81034,3.59853,0,2092,14033984421
147.521,6.7787,45.614,0,47,55,50,680,0,0,0,6.81034,3.59853,0,2092,14134087703
143.348,6.97604,45.614,0,47,55,50,680,0,0,0,6.81034,3.59853,0,2092,14234147286
64.019,15.6204,45.614,0,47,55,50,680,0,0,0,6.81034,3.59853,0,2092,14334254265
140.015,7.14208,45.614,0,47,55,50,680,0,0,0,6.81034,3.59853,0,2092,14434358432
123.27,8.11229,45.7921,0,44,54,51,680,0,0,0,6.81079,3.59826,0,2092,14534464786
144.143,6.93755,45.7921,0,44,54,51,680,0,0,0,6.81079,3.59826,0,2092,14634608900
165.975,6.025,45.7921,0,44,54,51,680,0,0,0,6.81079,3.59826,0,2092,14734710619
179.263,5.57838,45.7921,0,44,54,51,680,0,0,0,6.81079,3.59826,0,2092,14834822338
130.597,7.65714,45.7921,0,44,54,51,680,0,0,0,6.81079,3.59826,0,2092,14934958744
174.389,5.73432,45.7921,0,44,54,51,680,0,0,0,6.81079,3.59826,0,2092,15035066452
63.0364,15.8639,45.1691,0,43,55,53,680,0,0,0,6.81079,3.5982,0,2092,15135179473
141.283,7.07797,45.1691,0,43,55,53,680,0,0,0,6.81079,3.5982,0,2092,15235285150
60.3614,16.5669,45.1691,0,43,55,53,680,0,0,0,6.81079,3.5982,0,2092,15335384473
140.74,7.10531,45.1691,0,43,55,53,680,0,0,0,6.81079,3.5982,0,2092,15435511452
185.57,5.3888,45.1691,0,43,55,53,680,0,0,0,6.81079,3.5982,0,2092,15535608119
146.851,6.80964,51.2438,0,44,54,51,680,0,0,0,6.81168,3.59804,0,2092,15635760671
62.5758,15.9806,51.2438,0,44,54,51,680,0,0,0,6.81168,3.59804,0,2092,15735903431
152.701,6.54875,51.2438,0,44,54,51,680,0,0,0,6.81168,3.59804,0,2092,15836053275
69.5088,14.3867,51.2438,0,44,54,51,680,0,0,0,6.81168,3.59804,0,2092,15936190098
138.873,7.20083,51.2438,0,44,54,51,680,0,0,0,6.81168,3.59804,0,2092,16036290566
63.0509,15.8602,49,0,43,55,53,680,0,0,0,6.81169,3.59797,0,2092,16136448066
132.779,7.5313,49,0,43,55,53,680,0,0,0,6.81169,3.59797,0,2092,16236558431
110.81,9.02443,49,0,43,55,53,680,0,0,0,6.81169,3.59797,0,2092,16336656400
164.871,6.06536,49,0,43,55,53,680,0,0,0,6.81169,3.59797,0,2092,16436765879
137.157,7.29094,49,0,43,55,53,680,0,0,0,6.81169,3.59797,0,2092,16536873900
146.351,6.83287,44.802,0,41,54,50,680,0,0,0,6.81169,3.5979,0,2092,16636988066
138.609,7.21453,44.802,0,41,54,50,680,0,0,0,6.81169,3.5979,0,2092,16737089316
62.5762,15.9805,44.802,0,41,54,50,680,0,0,0,6.81169,3.5979,0,2092,16837193066
58.9724,16.9571,44.802,0,41,54,50,680,0,0,0,6.81169,3.5979,0,2092,16937300462
157.059,6.36703,44.802,0,41,54,50,680,0,0,0,6.81169,3.5979,0,2092,17037403795
147.904,6.76115,45.7831,0,42,54,51,615,0,0,0,6.81169,3.59787,0,2092,17137522389
145.229,6.88568,45.7831,0,42,54,51,615,0,0,0,6.81169,3.59787,0,2092,17237635566
121.8,8.21021,45.7831,0,42,54,51,615,0,0,0,6.81169,3.59787,0,2092,17337739420
225.704,4.43057,45.7831,0,42,54,51,615,0,0,0,6.81169,3.59787,0,2092,17437849108
125.73,7.95354,45.7831,0,42,54,51,615,0,0,0,6.81169,3.59787,0,2092,17537954576
164.885,6.06484,46.6501,0,46,54,53,680,0,0,0,6.81167,3.59758,0,2092,17638062337
130.331,7.67276,46.6501,0,46,54,53,680,0,0,0,6.81167,3.59758,0,2092,17738162857
63.144,15.8368,46.6501,0,46,54,53,680,0,0,0,6.81167,3.59758,0,2092,17838288066
64.2209,15.5712,46.6501,0,46,54,53,680,0,0,0,6.81167,3.59758,0,2092,17938424264
139.113,7.18839,46.6501,0,46,54,53,680,0,0,0,6.81167,3.59758,0,2092,18038529524
140.67,7.10885,45.2785,0,42,54,52,680,0,0,0,6.8117,3.59753,0,2092,18138631191
129.13,7.74411,45.2785,0,42,54,52,680,0,0,0,6.8117,3.59753,0,2092,18238742649
163.025,6.13401,45.2785,0,42,54,52,680,0,0,0,6.8117,3.59753,0,2092,18338856399
129.93,7.69646,45.2785,0,42,54,52,680,0,0,0,6.8117,3.59753,0,2092,18438964940
132.183,7.56526,45.2785,0,42,54,52,680,0,0,0,6.8117,3.59753,0,2092,18539088222
148.025,6.75562,44.6384,0,42,55,52,680,0,0,0,6.81369,3.59586,0,2092,18639243274
67.3365,14.8508,44.6384,0,42,55,52,680,0,0,0,6.81369,3.59586,0,2092,18739409940
59.6471,16.7653,44.6384,0,42,55,52,680,0,0,0,6.81369,3.59586,0,2092,18839518326
132.159,7.56662,44.6384,0,42,55,52,680,0,0,0,6.81369,3.59586,0,2092,18939622544
207.366,4.8224,44.6384,0,42,55,52,680,0,0,0,6.81369,3.59586,0,2092,19039729524
153.156,6.52927,46.5174,0,43,54,50,680,0,0,0,6.81444,3.59579,0,2092,19139833378
170.074,5.87979,46.5174,0,43,54,50,680,0,0,0,6.81444,3.59579,0,2092,19239945149
129.167,7.74193,46.5174,0,43,54,50,680,0,0,0,6.81444,3.59579,0,2092,19340054732
189.014,5.29063,46.5174,0,43,54,50,680,0,0,0,6.81444,3.59579,0,2092,19440174576
718.24,1.39229,46.5174,0,43,54,50,680,0,0,0,6.81444,3.59579,0,2092,19542153378
53.9282,18.5432,62.0098,0,45,57,53,680,0,0,0,6.95077,3.59473,0,2092,19642786607
63.0606,15.8578,62.0098,0,45,57,53,680,0,0,0,6.95077,3.59473,0,2092,19744827440
61.5345,16.251,62.0098,0,45,57,53,680,0,0,0,6.95077,3.59473,0,2092,19844966607
39.1896,25.517,62.0098,0,45,57,53,680,0,0,0,6.95077,3.59473,0,2092,19946612909
80.6465,12.3998,62.0098,0,45,57,53,680,0,0,0,6.95077,3.59473,0,2092,20046743273
107.437,9.30781,90.3704,0,41,59,50,680,0,0,0,6.96151,3.75995,0,2092,20146902336
129.793,7.70458,90.3704,0,41,59,50,680,0,0,0,6.96151,3.75995,0,2092,20247086763
135.088,7.4026,90.3704,0,41,59,50,680,0,0,0,6.96151,3.75995,0,2092,20348147023
94.9672,10.5299,90.3704,0,41,59,50,680,0,0,0,6.96151,3.75995,0,2092,20448270981
76.1548,13.1311,90.3704,0,41,59,50,680,0,0,0,6.96151,3.75995,0,2092,20548443273
42.74,23.3973,89.8058,0,42,61,52,680,0,0,0,6.94632,3.87627,0,2092,20648637492
68.9536,14.5025,89.8058,0,42,61,52,680,0,0,0,6.94632,3.87627,0,2092,20752724054
70.4735,14.1897,89.8058,0,42,61,52,680,0,0,0,6.94632,3.87627,0,2092,20852809575
170.564,5.86292,89.8058,0,42,61,52,680,0,0,0,6.94632,3.87627,0,2092,20952919158
111.929,8.93422,89.8058,0,42,61,52,680,0,0,0,6.94632,3.87627,0,2092,21053036554
116.146,8.60984,93.4146,0,40,61,51,615,0,0,0,6.93877,3.90285,0,2092,21153150721
49.1653,20.3395,93.4146,0,40,61,51,615,0,0,0,6.93877,3.90285,0,2092,21255401919
75.175,13.3023,93.4146,0,40,61,51,615,0,0,0,6.93877,3.90285,0,2092,21355529002
98.2364,10.1795,93.4146,0,40,61,51,615,0,0,0,6.93877,3.90285,0,2092,21455632231
177.2,5.64333,93.4146,0,40,61,51,615,0,0,0,6.93877,3.90285,0,2092,21555736241
59.5504,16.7925,85.1581,0,43,61,54,680,0,0,0,6.94074,3.90281,0,2092,21655844731
208.031,4.80698,85.1581,0,43,61,54,680,0,0,0,6.94074,3.90281,0,2092,21756023168
125.789,7.94979,85.1581,0,43,61,54,680,0,0,0,6.94074,3.90281,0,2092,21856148741
45.0723,22.1866,85.1581,0,43,61,54,680,0,0,0,6.94074,3.90281,0,2092,21956305304
136.997,7.29943,85.1581,0,43,61,54,680,0,0,0,6.94074,3.90281,0,2092,22056465095
91.1486,10.9711,76.7901,0,44,60,54,615,0,0,0,6.93169,3.90278,0,2092,22156610356
66.9785,14.9302,76.7901,0,44,60,54,615,0,0,0,6.93169,3.90278,0,2092,22256732699
144.398,6.92531,76.7901,0,44,60,54,615,0,0,0,6.93169,3.90278,0,2092,22356881449
231.691,4.31609,76.7901,0,44,60,54,615,0,0,0,6.93169,3.90278,0,2092,22456969366
185.809,5.38188,76.7901,0,44,60,54,615,0,0,0,6.93169,3.90278,0,2092,22557091866
58.2553,17.1658,78.4119,0,46,61,53,680,0,0,0,6.94518,3.90238,0,2092,22657235720
148.423,6.7375,78.4119,0,46,61,53,680,0,0,0,6.94518,3.90238,0,2092,22757350356
69.3584,14.4179,78.4119,0,46,61,53,680,0,0,0,6.94518,3.90238,0,2092,22857493741
180.718,5.53349,78.4119,0,46,61,53,680,0,0,0,6.94518,3.90238,0,2092,22957639418
112.629,8.8787,78.4119,0,46,61,53,680,0,0,0,6.94518,3.90238,0,2092,23059732126
143.175,6.98448,78.4119,0,42,61,53,680,0,0,0,6.94249,3.90231,0,2092,23159887751
129.457,7.72458,78.4119,0,42,61,53,680,0,0,0,6.94249,3.90231,0,2092,23259998168
128.51,7.78151,78.4119,0,42,61,53,680,0,0,0,6.94249,3.90231,0,2092,23360112699
54.2722,18.4256,78.4119,0,42,61,53,680,0,0,0,6.94249,3.90231,0,2092,23460260251
139.129,7.18755,78.4119,0,42,61,53,680,0,0,0,6.94249,3.90231,0,2092,23560396814
140.597,7.11255,70.9677,0,47,60,53,680,0,0,0,6.94186,3.90229,0,2092,23660520043
66.8631,14.9559,70.9677,0,47,60,53,680,0,0,0,6.94186,3.90229,0,2092,23762993532
133.914,7.4675,70.9677,0,47,60,53,680,0,0,0,6.94186,3.90229,0,2092,23863146865
129.626,7.71453,70.9677,0,47,60,53,680,0,0,0,6.94186,3.90229,0,2092,23963301918
151.39,6.60547,70.9677,0,47,60,53,680,0,0,0,6.94186,3.90229,0,2092,24063510147
126.214,7.92307,75.0623,0,48,60,54,680,0,0,0,6.90078,3.97462,0,2092,24163854834
139.633,7.16161,75.0623,0,48,60,54,680,0,0,0,6.90078,3.97462,0,2092,24263956657
62.7433,15.938,75.0623,0,48,60,54,680,0,0,0,6.90078,3.97462,0,2092,24364073792
122.746,8.14693,75.0623,0,48,60,54,680,0,0,0,6.90078,3.97462,0,2092,24464222699
119.504,8.36792,75.0623,0,48,60,54,680,0,0,0,6.90078,3.97462,0,2092,24564366605
75.827,13.1879,75.0623,0,48,60,54,680,0,0,0,6.90078,3.97462,0,2092,24664472855
70.2322,14.2385,69.5349,0,43,60,54,680,0,0,0,6.44905,3.98227,0,2092,24772978844
70.2322,14.2385,69.5349,0,43,60,54,680,0,0,0,6.44905,3.98227,0,2092,24873090251
70.2322,14.2385,69.5349,0,43,60,54,680,0,0,0,6.44905,3.98227,0,2092,24973196448
19.2446,51.9625,69.5349,0,43,60,54,680,0,0,0,6.44905,3.98227,0,2092,25073310980
120.592,8.29245,69.5349,0,43,60,54,680,0,0,0,6.44905,3.98227,0,2092,25173498480
64.6717,15.4627,62.7451,0,26,58,51,220,0,0,0,6.07837,3.97769,0,2092,25273614365
146.309,6.83484,62.7451,0,26,58,51,220,0,0,0,6.07837,3.97769,0,2092,25373720094
54.2762,18.4243,62.7451,0,26,58,51,220,0,0,0,6.07837,3.97769,0,2092,25473826344
129.839,7.70182,62.7451,0,26,58,51,220,0,0,0,6.07837,3.97769,0,2092,25573929000
203.061,4.92463,62.7451,0,26,58,51,220,0,0,0,6.07837,3.97769,0,2092,25674030042
126.787,7.88724,61.3861,0,38,58,53,615,0,0,0,6.08541,3.97641,0,2092,25774141240
207.765,4.81313,61.3861,0,38,58,53,615,0,0,0,6.08541,3.97641,0,2092,25874257750
62.9001,15.8982,61.3861,0,38,58,53,615,0,0,0,6.08541,3.97641,0,2092,25974365667
147.904,6.76115,61.3861,0,38,58,53,615,0,0,0,6.08541,3.97641,0,2092,26074487438
77.7174,12.8671,61.3861,0,38,58,53,615,0,0,0,6.08541,3.97641,0,2092,26174794000
131.608,7.59833,64.5161,0,44,58,53,680,0,0,0,6.08287,3.97495,0,2092,26274901187
96.5251,10.36,64.5161,0,44,58,53,680,0,0,0,6.08287,3.97495,0,2092,26375009521
142.002,7.04214,64.5161,0,44,58,53,680,0,0,0,6.08287,3.97495,0,2092,26475176865
141.48,7.06812,64.5161,0,44,58,53,680,0,0,0,6.08287,3.97495,0,2092,26576103583
135.708,7.36875,64.5161,0,44,58,53,680,0,0,0,6.08287,3.97495,0,2092,26676258739
112.812,8.86427,71.9902,0,43,59,53,680,0,0,0,6.10442,3.97466,0,2092,26776421396
117.08,8.5412,71.9902,0,43,59,53,680,0,0,0,6.10442,3.97466,0,2092,26876570666
11.4452,87.373,71.9902,0,43,59,53,680,0,0,0,6.10442,3.97466,0,2092,26976735979
28.8151,34.7041,71.9902,0,43,59,53,680,0,0,0,6.10442,3.97466,0,2092,27076890823
26.2491,38.0965,71.9902,0,43,59,53,680,0,0,0,6.10442,3.97466,0,2092,27177041239
33.4489,29.8964,47.5294,0,36,56,51,220,0,0,0,6.18106,3.96937,0,1651,27277149312
33.4356,29.9082,47.5294,0,36,56,51,220,0,0,0,6.18106,3.96937,0,1651,27377261083
33.415,29.9267,47.5294,0,36,56,51,220,0,0,0,6.18106,3.96937,0,1651,27477643114
34.302,29.1528,47.5294,0,36,56,51,220,0,0,0,6.18106,3.96937,0,1651,27577743687
34.7349,28.7895,47.5294,0,36,56,51,220,0,0,0,6.18106,3.96937,0,1651,27677885614
33.8764,29.5191,29.2683,0,92,54,55,680,0,0,0,6.1777,3.96918,0,1555,27778048270
32.9655,30.3348,29.2683,0,92,54,55,680,0,0,0,6.1777,3.96918,0,1555,27878206395
34.3064,29.1491,29.2683,0,92,54,55,680,0,0,0,6.1777,3.96918,0,1555,27978327801
33.0031,30.3002,29.2683,0,92,54,55,680,0,0,0,6.1777,3.96918,0,1555,28078461551
34.4804,29.002,29.2683,0,92,54,55,680,0,0,0,6.1777,3.96918,0,1555,28178574520
34.878,28.6714,32.4519,0,100,53,55,680,0,0,0,6.18082,3.96914,0,1920,28278692020
33.5376,29.8172,32.4519,0,100,53,55,680,0,0,0,6.18082,3.96914,0,1920,28378800458
34.1587,29.2751,32.4519,0,100,53,55,680,0,0,0,6.18082,3.96914,0,1920,28478912020
34.7081,28.8117,32.4519,0,100,53,55,680,0,0,0,6.18082,3.96914,0,1920,28579025510
33.0952,30.2158,32.4519,0,100,53,55,680,0,0,0,6.18082,3.96914,0,1920,28679185093
33.6563,29.7121,25.6098,0,99,53,54,680,0,0,0,6.18099,3.96914,0,1555,28779334364
34.0935,29.3311,25.6098,0,99,53,54,680,0,0,0,6.18099,3.96914,0,1555,28879448687
33.7905,29.5941,25.6098,0,99,53,54,680,0,0,0,6.18099,3.96914,0,1555,28979594416
33.3227,30.0095,25.6098,0,99,53,54,680,0,0,0,6.18099,3.96914,0,1555,29079748843
34.9042,28.6498,25.6098,0,99,53,54,680,0,0,0,6.18099,3.96914,0,1555,29179857280
33.5325,29.8218,27.6029,0,98,53,55,680,0,0,0,6.18123,3.96904,0,1536,29279985770
33.7343,29.6434,27.6029,0,98,53,55,680,0,0,0,6.18123,3.96904,0,1536,29380083322
35.1245,28.4702,27.6029,0,98,53,55,680,0,0,0,6.18123,3.96904,0,1536,29480193530
33.6535,29.7146,27.6029,0,98,53,55,680,0,0,0,6.18123,3.96904,0,1536,29580315613
34.8619,28.6846,27.6029,0,98,53,55,680,0,0,0,6.18123,3.96904,0,1536,29680466134
33.9146,29.4858,31.6514,0,99,54,54,680,0,0,0,6.18089,3.96799,0,1555,29780611655
33.666,29.7036,31.6514,0,99,54,54,680,0,0,0,6.18089,3.96799,0,1555,29880774259
33.0846,30.2256,31.6514,0,99,54,54,680,0,0,0,6.18089,3.96799,0,1555,29980944207
32.9238,30.3732,31.6514,0,99,54,54,680,0,0,0,6.18089,3.96799,0,1555,30081116030
33.8694,29.5252,31.6514,0,99,54,54,680,0,0,0,6.18089,3.96799,0,1555,30181255144
34.2807,29.1709,31.6514,0,99,54,54,680,0,0,0,6.18089,3.96799,0,1555,30281366446
33.5995,29.7623,28.4314,0,99,53,55,680,0,0,0,6.17443,3.96795,0,1555,30381474467
34.6457,28.8636,28.4314,0,99,53,55,680,0,0,0,6.17443,3.96795,0,1555,30481589415
24.4723,40.8625,28.4314,0,99,53,55,680,0,0,0,6.17443,3.96795,0,1555,30581716030
23.9836,41.6952,28.4314,0,99,53,55,680,0,0,0,6.17443,3.96795,0,1555,30681850196
24.4322,40.9296,28.4314,0,99,53,55,680,0,0,0,6.17443,3.96795,0,1555,30782342957
23.5777,42.4129,27.2093,0,99,52,54,680,0,0,0,6.17473,3.96764,0,1651,30882449727
15.5806,64.1823,27.2093,0,99,52,54,680,0,0,0,6.17473,3.96764,0,1651,30982600717
15.4565,64.6976,27.2093,0,99,52,54,680,0,0,0,6.17473,3.96764,0,1651,31082787071
15.5792,64.1882,27.2093,0,99,52,54,680,0,0,0,6.17473,3.96764,0,1651,31183004415
15.3235,65.2593,27.2093,0,99,52,54,680,0,0,0,6.17473,3.96764,0,1651,31283133581
15.7016,63.688,23.6443,0,96,53,55,680,0,0,0,6.16787,3.96725,0,1555,31383255508
15.6485,63.9041,23.6443,0,96,53,55,680,0,0,0,6.16787,3.96725,0,1555,31483417956
15.71,63.6536,23.6443,0,96,53,55,680,0,0,0,6.16787,3.96725,0,1555,31583749415
15.7272,63.5842,23.6443,0,96,53,55,680,0,0,0,6.16787,3.96725,0,1555,31683928790
15.0703,66.3556,23.6443,0,96,53,55,680,0,0,0,6.16787,3.96725,0,1555,31784105769
15.721,63.6094,27.2512,0,100,53,55,680,0,0,0,6.16718,3.96636,0,1228,31884308060
15.4123,64.8832,27.2512,0,100,53,55,680,0,0,0,6.16718,3.96636,0,1228,31984499467
15.5926,64.133,27.2512,0,100,53,55,680,0,0,0,6.16718,3.96636,0,1228,32084665404
15.2131,65.7329,27.2512,0,100,53,55,680,0,0,0,6.16718,3.96636,0,1228,32184822383
16.4733,60.7042,27.2512,0,100,53,55,680,0,0,0,6.16718,3.96636,0,1228,32284982487
15.1285,66.1004,27.2512,0,100,53,55,680,0,0,0,6.16718,3.96636,0,1228,32385191862
15.2947,65.382,26.6355,0,100,54,56,680,0,0,0,6.14463,3.96617,0,1344,32485383164
15.1473,66.0184,26.6355,0,100,54,56,680,0,0,0,6.14463,3.96617,0,1344,32586375716
15.7631,63.4392,26.6355,0,100,54,56,680,0,0,0,6.14463,3.96617,0,1344,32686788841
15.463,64.6704,26.6355,0,100,54,56,680,0,0,0,6.14463,3.96617,0,1344,32786957227
15.5366,64.364,26.6355,0,100,54,56,680,0,0,0,6.14463,3.96617,0,1344,32887104675
15.4395,64.7688,25.5869,0,100,53,57,680,0,0,0,6.14462,3.96614,0,1555,32987352122
15.3869,64.9902,25.5869,0,100,53,57,680,0,0,0,6.14462,3.96614,0,1555,33087503424
15.5847,64.1654,25.5869,0,100,53,57,680,0,0,0,6.14462,3.96614,0,1555,33187611185
15.7406,63.53,25.5869,0,100,53,57,680,0,0,0,6.14462,3.96614,0,1555,33287733633
15.7512,63.4872,25.5869,0,100,53,57,680,0,0,0,6.14462,3.96614,0,1555,33387865872
15.5952,64.1224,22.8438,0,93,54,56,680,0,0,0,6.1353,3.96612,0,1344,33487999726
15.2977,65.3695,22.8438,0,93,54,56,680,0,0,0,6.1353,3.96612,0,1344,33588124987
15.4723,64.6318,22.8438,0,93,54,56,680,0,0,0,6.1353,3.96612,0,1344,33688252383
15.5702,64.2254,22.8438,0,93,54,56,680,0,0,0,6.1353,3.96612,0,1344,33788385508
15.5727,64.2147,22.8438,0,93,54,56,680,0,0,0,6.1353,3.96612,0,1344,33888517799
15.4368,64.7803,22.5118,0,100,54,56,680,0,0,0,6.13283,3.96609,0,1171,33988658997
15.5974,64.1131,22.5118,0,100,54,56,680,0,0,0,6.13283,3.96609,0,1171,34088788007
15.3299,65.2321,22.5118,0,100,54,56,680,0,0,0,6.13283,3.96609,0,1171,34188911757
15.5601,64.2668,22.5118,0,100,54,56,680,0,0,0,6.13283,3.96609,0,1171,34289020768
15.465,64.6622,22.5118,0,100,54,56,680,0,0,0,6.13283,3.96609,0,1171,34389139882
15.7206,63.611,24.5327,0,100,54,56,680,0,0,0,6.12389,3.96607,0,1344,34489250247
15.407,64.9057,24.5327,0,100,54,56,680,0,0,0,6.12389,3.96607,0,1344,34589357851
15.4678,64.6505,24.5327,0,100,54,56,680,0,0,0,6.12389,3.96607,0,1344,34689469778
16.9288,59.0708,24.5327,0,100,54,56,680,0,0,0,6.12389,3.96607,0,1344,34789583424
15.3658,65.0798,24.5327,0,100,54,56,680,0,0,0,6.12389,3.96607,0,1344,34889698632
15.686,63.7512,25.3521,0,92,54,57,680,0,0,0,6.11726,3.96601,0,1459,34989812330
15.4429,64.7545,25.3521,0,92,54,57,680,0,0,0,6.11726,3.96601,0,1459,35089932955
15.5679,64.2345,25.3521,0,92,54,57,680,0,0,0,6.11726,3.96601,0,1459,35190049570
15.1436,66.0347,25.3521,0,92,54,57,680,0,0,0,6.11726,3.96601,0,1459,35290145194
15.3954,64.9546,25.3521,0,92,54,57,680,0,0,0,6.11726,3.96601,0,1459,35390269361
15.426,64.8257,25.3521,0,92,54,57,680,0,0,0,6.11726,3.96601,0,1459,35490439569
15.7113,63.6485,21.513,0,100,53,57,680,0,0,0,6.10985,3.96582,0,1228,35590610038
15.8112,63.2462,21.513,0,100,53,57,680,0,0,0,6.10985,3.96582,0,1228,35690794361
15.5857,64.1612,21.513,0,100,53,57,680,0,0,0,6.10985,3.96582,0,1228,35791028163
15.3516,65.1398,21.513,0,100,53,57,680,0,0,0,6.10985,3.96582,0,1228,35891236861
15.4305,64.8067,21.513,0,100,53,57,680,0,0,0,6.10985,3.96582,0,1228,35991419100
15.6312,63.9744,24.7002,0,100,55,57,680,0,0,0,6.10733,3.96574,0,1555,36091640923
15.3927,64.9659,24.7002,0,100,55,57,680,0,0,0,6.10733,3.96574,0,1555,36191817590
15.6636,63.8423,24.7002,0,100,55,57,680,0,0,0,6.10733,3.96574,0,1555,36292034830
15.535,64.3709,24.7002,0,100,55,57,680,0,0,0,6.10733,3.96574,0,1555,36392213996
15.2653,65.5079,24.7002,0,100,55,57,680,0,0,0,6.10733,3.96574,0,1555,36492389204
15.9858,62.5555,22.1963,0,100,55,57,680,0,0,0,6.1005,3.96551,0,1536,36592573319
15.616,64.0369,22.1963,0,100,55,57,680,0,0,0,6.1005,3.96551,0,1536,36692730506
15.7343,63.5555,22.1963,0,100,55,57,680,0,0,0,6.1005,3.96551,0,1536,36792890454
15.6104,64.06,22.1963,0,100,55,57,680,0,0,0,6.1005,3.96551,0,1536,36893085611
15.2564,65.5461,22.1963,0,100,55,57,680,0,0,0,6.1005,3.96551,0,1536,36993288371
15.8233,63.1981,21.6152,0,100,55,57,680,0,0,0,6.10047,3.9655,0,1344,37093488683
15.5197,64.4344,21.6152,0,100,55,57,680,0,0,0,6.10047,3.9655,0,1344,37193684465
15.8971,62.9046,21.6152,0,100,55,57,680,0,0,0,6.10047,3.9655,0,1344,37294868892
15.71,63.6539,21.6152,0,100,55,57,680,0,0,0,6.10047,3.9655,0,1344,37395024465
15.7142,63.6366,21.6152,0,100,55,57,680,0,0,0,6.10047,3.9655,0,1344,37495243267
15.2768,65.4589,28.1324,0,90,54,57,680,0,0,0,6.0926,3.96547,0,1344,37595789256
15.8241,63.1946,28.1324,0,90,54,57,680,0,0,0,6.0926,3.96547,0,1344,37695959048
15.3586,65.1101,28.1324,0,90,54,57,680,0,0,0,6.0926,3.96547,0,1344,37796120089
15.4196,64.8527,28.1324,0,90,54,57,680,0,0,0,6.0926,3.96547,0,1344,37896293943
15.7354,63.5508,28.1324,0,90,54,57,680,0,0,0,6.0926,3.96547,0,1344,37996472693
15.7464,63.5065,25.8824,0,100,54,57,680,0,0,0,6.0924,3.96404,0,1459,38096625402
15.6709,63.8126,25.8824,0,100,54,57,680,0,0,0,6.0924,3.96404,0,1459,38196776704
15.6198,64.0215,25.8824,0,100,54,57,680,0,0,0,6.0924,3.96404,0,1459,38296922016
15.4045,64.916,25.8824,0,100,54,57,680,0,0,0,6.0924,3.96404,0,1459,38397084308
15.9528,62.6847,25.8824,0,100,54,57,680,0,0,0,6.0924,3.96404,0,1459,38497243579
15.7403,63.531,27.0833,0,100,55,57,680,0,0,0,6.08482,3.96389,0,1344,38597403683
15.3724,65.0515,27.0833,0,100,55,57,680,0,0,0,6.08482,3.96389,0,1344,38697570245
15.2186,65.7092,27.0833,0,100,55,57,680,0,0,0,6.08482,3.96389,0,1344,38797739151
15.4843,64.5814,27.0833,0,100,55,57,680,0,0,0,6.08482,3.96389,0,1344,38897916495
15.4833,64.5855,27.0833,0,100,55,57,680,0,0,0,6.08482,3.96389,0,1344,38998047797
15.6675,63.8265,26.3279,0,100,55,57,680,0,0,0,6.08114,3.96389,0,1555,39098183162
15.7721,63.403,26.3279,0,100,55,57,680,0,0,0,6.08114,3.96389,0,1555,39198308891
15.1165,66.1528,26.3279,0,100,55,57,680,0,0,0,6.08114,3.96389,0,1555,39298431130
15.9331,62.7625,26.3279,0,100,55,57,680,0,0,0,6.08114,3.96389,0,1555,39398563318
15.6595,63.8589,26.3279,0,100,55,57,680,0,0,0,6.08114,3.96389,0,1555,39498691339
15.5692,64.2295,26.3279,0,100,55,57,680,0,0,0,6.08114,3.96389,0,1555,39598837328
15.358,65.1125,27.9343,0,100,55,57,680,0,0,0,6.07716,3.96383,0,1555,39698962016
15.9977,62.509,27.9343,0,100,55,57,680,0,0,0,6.07716,3.96383,0,1555,39799101391
15.4312,64.8037,27.9343,0,100,55,57,680,0,0,0,6.07716,3.96383,0,1555,39899217901
15.4396,64.7685,27.9343,0,100,55,57,680,0,0,0,6.07716,3.96383,0,1555,39999332484
15.8373,63.1421,27.9343,0,100,55,57,680,0,0,0,6.07716,3.96383,0,1555,40099456078
15.6113,64.0562,24.2424,0,100,55,58,680,0,0,0,6.07358,3.96324,0,1344,40199611443
15.6038,64.0868,24.2424,0,100,55,58,680,0,0,0,6.07358,3.96324,0,1344,40299743630
15.9594,62.6592,24.2424,0,100,55,58,680,0,0,0,6.07358,3.96324,0,1344,40399889672
15.5225,64.4228,24.2424,0,100,55,58,680,0,0,0,6.07358,3.96324,0,1344,40500026442
15.7745,63.3934,24.2424,0,100,55,58,680,0,0,0,6.07358,3.96324,0,1344,40600155609
15.5729,64.2141,27.5294,0,91,55,58,680,0,0,0,6.06934,3.963,0,1459,40700287276
15.3627,65.0927,27.5294,0,91,55,58,680,0,0,0,6.06934,3.963,0,1459,40800415974
15.5068,64.4877,27.5294,0,91,55,58,680,0,0,0,6.06934,3.963,0,1459,40900535401
15.4038,64.9191,27.5294,0,91,55,58,680,0,0,0,6.06934,3.963,0,1459,41000651494
15.1499,66.0069,27.5294,0,91,55,58,680,0,0,0,6.06934,3.963,0,1459,41100782640
15.8886,62.9384,24.4186,0,100,54,57,680,0,0,0,6.06961,3.95701,0,1401,41200922744
15.3884,64.9841,24.4186,0,100,54,57,680,0,0,0,6.06961,3.95701,0,1401,41301043942
15.6882,63.7422,24.4186,0,100,54,57,680,0,0,0,6.06961,3.95701,0,1401,41401169723
15.4804,64.5978,24.4186,0,100,54,57,680,0,0,0,6.06961,3.95701,0,1401,41501302328
15.9216,62.8076,24.4186,0,100,54,57,680,0,0,0,6.06961,3.95701,0,1401,41601428577
15.4457,64.7431,29.0023,0,100,55,58,680,0,0,0,6.06806,3.95649,0,1344,41701576546
15.2745,65.4685,29.0023,0,100,55,58,680,0,0,0,6.06806,3.95649,0,1344,41801690192
15.7056,63.6717,29.0023,0,100,55,58,680,0,0,0,6.06806,3.95649,0,1344,41901807796
15.5325,64.3812,29.0023,0,100,55,58,680,0,0,0,6.06806,3.95649,0,1344,42001930192
15.2488,65.5788,29.0023,0,100,55,58,680,0,0,0,6.06806,3.95649,0,1344,42102049098
15.1977,65.7995,23.6111,0,100,55,58,680,0,0,0,6.06813,3.95638,0,1555,42202169098
15.8901,62.9321,23.6111,0,100,55,58,680,0,0,0,6.06813,3.95638,0,1555,42302286442
15.3423,65.1794,23.6111,0,100,55,58,680,0,0,0,6.06813,3.95638,0,1555,42402406598
15.6117,64.0546,23.6111,0,100,55,58,680,0,0,0,6.06813,3.95638,0,1555,42502563525
15.5645,64.2487,23.6111,0,100,55,58,680,0,0,0,6.06813,3.95638,0,1555,42602675140
15.7102,63.6528,22.695,0,100,55,58,680,0,0,0,6.06673,3.95609,0,1056,42702806025
15.2494,65.5763,22.695,0,100,55,58,680,0,0,0,6.06673,3.95609,0,1056,42802934410
15.516,64.4496,22.695,0,100,55,58,680,0,0,0,6.06673,3.95609,0,1056,42903065921
15.7219,63.6055,22.695,0,100,55,58,680,0,0,0,6.06673,3.95609,0,1056,43003191650
15.3273,65.243,22.695,0,100,55,58,680,0,0,0,6.06673,3.95609,0,1056,43103318941
15.6073,64.0725,22.695,0,100,55,58,680,0,0,0,6.06673,3.95609,0,1056,43203460296
15.5785,64.1909,26.0563,0,91,55,57,680,0,0,0,6.06695,3.95528,0,1344,43303620921
15.5509,64.3051,26.0563,0,91,55,57,680,0,0,0,6.06695,3.95528,0,1344,43403771129
15.7074,63.6644,26.0563,0,91,55,57,680,0,0,0,6.06695,3.95528,0,1344,43503920712
15.436,64.7837,26.0563,0,91,55,57,680,0,0,0,6.06695,3.95528,0,1344,43604073785
15.6753,63.7945,26.0563,0,91,55,57,680,0,0,0,6.06695,3.95528,0,1344,43704215087
15.497,64.5288,29.6209,0,100,55,58,680,0,0,0,6.06696,3.95518,0,1344,43804346233
15.5501,64.3082,29.6209,0,100,55,58,680,0,0,0,6.06696,3.95518,0,1344,43904484775
15.821,63.2071,29.6209,0,100,55,58,680,0,0,0,6.06696,3.95518,0,1344,44004621181
15.5123,64.4649,29.6209,0,100,55,58,680,0,0,0,6.06696,3.95518,0,1344,44104754618
15.562,64.2591,29.6209,0,100,55,58,680,0,0,0,6.06696,3.95518,0,1344,44204894514
15.4988,64.5213,25.2955,0,100,54,58,680,0,0,0,6.06695,3.9551,0,1344,44305054097
15.6625,63.8468,25.2955,0,100,54,58,680,0,0,0,6.06695,3.9551,0,1344,44405213993
15.6379,63.9473,25.2955,0,100,54,58,680,0,0,0,6.06695,3.9551,0,1344,44505369878
15.3421,65.1803,25.2955,0,100,54,58,680,0,0,0,6.06695,3.9551,0,1344,44605531806
15.2967,65.3734,25.2955,0,100,54,58,680,0,0,0,6.06695,3.9551,0,1344,44705703785
15.7518,63.4849,26.0369,0,100,55,59,680,0,0,0,6.06664,3.95509,0,1344,44805839201
16.1838,61.7901,26.0369,0,100,55,59,680,0,0,0,6.06664,3.95509,0,1344,44905987899
15.6976,63.7042,26.0369,0,100,55,59,680,0,0,0,6.06664,3.95509,0,1344,45006124410
15.2163,65.719,26.0369,0,100,55,59,680,0,0,0,6.06664,3.95509,0,1344,45106341337
15.7192,63.6165,26.0369,0,100,55,59,680,0,0,0,6.06664,3.95509,0,1344,45206643316
15.4719,64.6334,23.7647,0,100,55,58,680,0,0,0,6.06664,3.95503,0,1344,45306752482
15.3294,65.234,23.7647,0,100,55,58,680,0,0,0,6.06664,3.95503,0,1344,45406869774
15.5492,64.3119,23.7647,0,100,55,58,680,0,0,0,6.06664,3.95503,0,1344,45506981232
16.0408,62.3409,23.7647,0,100,55,58,680,0,0,0,6.06664,3.95503,0,1344,45607107222
15.464,64.6665,23.7647,0,100,55,58,680,0,0,0,6.06664,3.95503,0,1344,45707231961
15.3432,65.1755,25.1163,0,99,55,59,680,0,0,0,6.06618,3.95501,0,1459,45807376024
15.5379,64.3589,25.1163,0,99,55,59,680,0,0,0,6.06618,3.95501,0,1459,45907527951
15.7094,63.6562,25.1163,0,99,55,59,680,0,0,0,6.06618,3.95501,0,1459,46007672170
15.5745,64.2076,25.1163,0,99,55,59,680,0,0,0,6.06618,3.95501,0,1459,46107861180
15.68,63.7755,25.1163,0,99,55,59,680,0,0,0,6.06618,3.95501,0,1459,46208294722
15.5184,64.4398,23.0769,0,92,55,58,680,0,0,0,6.06642,3.95495,0,1344,46308459149
15.6917,63.7278,23.0769,0,92,55,58,680,0,0,0,6.06642,3.95495,0,1344,46408553471
15.6246,64.0017,23.0769,0,92,55,58,680,0,0,0,6.06642,3.95495,0,1344,46508696388
15.7076,63.6634,23.0769,0,92,55,58,680,0,0,0,6.06642,3.95495,0,1344,46609176232
15.4684,64.6479,23.0769,0,92,55,58,680,0,0,0,6.06642,3.95495,0,1344,46709313523
15.5183,64.4402,23.0769,0,92,55,58,680,0,0,0,6.06642,3.95495,0,1344,46809434253
15.5584,64.2739,24,0,100,55,58,680,0,0,0,6.0666,3.95488,0,1286,46909556648
15.4297,64.8103,24,0,100,55,58,680,0,0,0,6.0666,3.95488,0,1286,47009946336
15.6761,63.7913,24,0,100,55,58,680,0,0,0,6.0666,3.95488,0,1286,47110072065
15.7154,63.6319,24,0,100,55,58,680,0,0,0,6.0666,3.95488,0,1286,47210200398
15.7055,63.672,24,0,100,55,58,680,0,0,0,6.0666,3.95488,0,1286,47310314096
15.5962,64.1182,25.3521,0,100,56,58,680,0,0,0,6.0666,3.95482,0,2054,47410439982
15.6527,63.8869,25.3521,0,100,56,58,680,0,0,0,6.0666,3.95482,0,2054,47510599096
15.794,63.3151,25.3521,0,100,56,58,680,0,0,0,6.0666,3.95482,0,2054,47610721075
15.3891,64.9812,25.3521,0,100,56,58,680,0,0,0,6.0666,3.95482,0,2054,47710838940
15.5601,64.2668,25.3521,0,100,56,58,680,0,0,0,6.0666,3.95482,0,2054,47810954304
15.5256,64.41,19.7619,0,100,56,59,680,0,0,0,6.06659,3.9548,0,1401,47911068315
15.3129,65.3045,19.7619,0,100,56,59,680,0,0,0,6.06659,3.9548,0,1401,48011182013
15.5217,64.4257,19.7619,0,100,56,59,680,0,0,0,6.06659,3.9548,0,1401,48111306023
15.4879,64.5664,19.7619,0,100,56,59,680,0,0,0,6.06659,3.9548,0,1401,48211438158
15.6155,64.0391,19.7619,0,100,56,59,680,0,0,0,6.06659,3.9548,0,1401,48311575294
14.8615,67.2878,20.7944,0,100,55,58,680,0,0,0,6.06638,3.95479,0,1017,48411711179
15.5861,64.1599,20.7944,0,100,55,58,680,0,0,0,6.06638,3.95479,0,1017,48511854096
15.5184,64.4397,20.7944,0,100,55,58,680,0,0,0,6.06638,3.95479,0,1017,48611992325
15.0041,66.6487,20.7944,0,100,55,58,680,0,0,0,6.06638,3.95479,0,1017,48712184460
15.718,63.6211,20.7944,0,100,55,58,680,0,0,0,6.06638,3.95479,0,1017,48812338002
14.923,67.0108,26.5258,0,100,56,59,680,0,0,0,6.0666,3.95478,0,1555,48912474512
15.2779,65.4541,26.5258,0,100,56,59,680,0,0,0,6.0666,3.95478,0,1555,49012848314
15.1829,65.8636,26.5258,0,100,56,59,680,0,0,0,6.0666,3.95478,0,1555,49112991804
15.2137,65.7303,26.5258,0,100,56,59,680,0,0,0,6.0666,3.95478,0,1555,49213158262
15.9669,62.6297,26.5258,0,100,56,59,680,0,0,0,6.0666,3.95478,0,1555,49313290189
15.8281,63.1789,27.4005,0,91,56,59,680,0,0,0,6.06692,3.95428,0,1555,49413597533
15.4149,64.8722,27.4005,0,91,56,59,680,0,0,0,6.06692,3.95428,0,1555,49513746543
15.2847,65.425,27.4005,0,91,56,59,680,0,0,0,6.06692,3.95428,0,1555,49613899095
15.4574,64.6941,27.4005,0,91,56,59,680,0,0,0,6.06692,3.95428,0,1555,49714051751
15.6018,64.0952,27.4005,0,91,56,59,680,0,0,0,6.06692,3.95428,0,1555,49814231647
15.3448,65.1689,28.1623,0,100,57,58,680,0,0,0,6.07841,3.93996,0,1651,49914346595
15.7497,63.4933,28.1623,0,100,57,58,680,0,0,0,6.07841,3.93996,0,1651,50014455866
15.5479,64.3173,28.1623,0,100,57,58,680,0,0,0,6.07841,3.93996,0,1651,50114572793
15.4583,64.6902,28.1623,0,100,57,58,680,0,0,0,6.07841,3.93996,0,1651,50214697116
15.6432,63.9257,28.1623,0,100,57,58,680,0,0,0,6.07841,3.93996,0,1651,50314823522
15.391,64.9729,28.1623,0,100,57,58,680,0,0,0,6.07841,3.93996,0,1651,50414945345
15.5103,64.4735,22.4537,0,100,56,59,680,0,0,0,6.07803,3.9396,0,1459,50515099407
15.4946,64.5384,22.4537,0,100,56,59,680,0,0,0,6.07803,3.9396,0,1459,50615258678
15.245,65.5953,22.4537,0,100,56,59,680,0,0,0,6.07803,3.9396,0,1459,50715395449
15.3841,65.0021,22.4537,0,100,56,59,680,0,0,0,6.07803,3.9396,0,1459,50815588886
15.4036,64.9201,22.4537,0,100,56,59,680,0,0,0,6.07803,3.9396,0,1459,50915747324
15.6327,63.9686,23.0404,0,100,56,59,680,0,0,0,6.07803,3.93959,0,1555,51016048678
15.4615,64.6766,23.0404,0,100,56,59,680,0,0,0,6.07803,3.93959,0,1555,51116199511
15.3073,65.3282,23.0404,0,100,56,59,680,0,0,0,6.07803,3.93959,0,1555,51216344980
15.4965,64.5305,23.0404,0,100,56,59,680,0,0,0,6.07803,3.93959,0,1555,51316493053
15.2614,65.5248,23.0404,0,100,56,59,680,0,0,0,6.07803,3.93959,0,1555,51416648990
15.6169,64.033,26.3529,0,100,56,59,680,0,0,0,6.07803,3.93913,0,1555,51516816855
15.5556,64.2857,26.3529,0,100,56,59,680,0,0,0,6.07803,3.93913,0,1555,51616958417
15.5108,64.4711,26.3529,0,100,56,59,680,0,0,0,6.07803,3.93913,0,1555,51717101699
15.4303,64.8077,26.3529,0,100,56,59,680,0,0,0,6.07803,3.93913,0,1555,51817239355
15.4001,64.9345,26.3529,0,100,56,59,680,0,0,0,6.07803,3.93913,0,1555,51917381386
15.6648,63.8376,25.8741,0,93,56,59,680,0,0,0,6.07869,3.93908,0,1459,52017495969
15.0128,66.6098,25.8741,0,93,56,59,680,0,0,0,6.07869,3.93908,0,1459,52117611073
15.8186,63.2168,25.8741,0,93,56,59,680,0,0,0,6.07869,3.93908,0,1459,52217721698
15.6218,64.013,25.8741,0,93,56,59,680,0,0,0,6.07869,3.93908,0,1459,52317831334
15.018,66.5866,25.8741,0,93,56,59,680,0,0,0,6.07869,3.93908,0,1459,52417941334
15.4621,64.6744,23.6659,0,100,56,59,680,0,0,0,6.07892,3.93881,0,1344,52518066073
15.3255,65.2508,23.6659,0,100,56,59,680,0,0,0,6.07892,3.93881,0,1344,52618196698
16.899,59.175,23.6659,0,100,56,59,680,0,0,0,6.07892,3.93881,0,1344,52718314407
15.6123,64.0519,23.6659,0,100,56,59,680,0,0,0,6.07892,3.93881,0,1344,52818430396
15.6884,63.7412,23.6659,0,100,56,59,680,0,0,0,6.07892,3.93881,0,1344,52918570292
15.4603,64.6818,23.6111,0,100,56,59,680,0,0,0,6.07849,3.93881,0,1017,53018833313
15.2204,65.7012,23.6111,0,100,56,59,680,0,0,0,6.07849,3.93881,0,1017,53118948521
15.4767,64.6131,23.6111,0,100,56,59,680,0,0,0,6.07849,3.93881,0,1017,53219063313
15.8361,63.1467,23.6111,0,100,56,59,680,0,0,0,6.07849,3.93881,0,1017,53319181229
15.7702,63.4107,23.6111,0,100,56,59,680,0,0,0,6.07849,3.93881,0,1017,53419305292
15.3726,65.0508,23.6111,0,100,56,59,680,0,0,0,6.07849,3.93881,0,1017,53519462531
15.597,64.115,25.1781,0,100,57,59,680,0,0,0,6.08167,3.93758,0,1651,53619584094
15.3443,65.1709,25.1781,0,100,57,59,680,0,0,0,6.08167,3.93758,0,1651,53719703469
15.579,64.1892,25.1781,0,100,57,59,680,0,0,0,6.08167,3.93758,0,1651,53819826333
15.2337,65.644,25.1781,0,100,57,59,680,0,0,0,6.08167,3.93758,0,1651,53920016646
15.2844,65.4262,25.1781,0,100,57,59,680,0,0,0,6.08167,3.93758,0,1651,54020131750
15.6587,63.8621,23.7762,0,91,56,59,680,0,0,0,6.08555,3.93754,0,1536,54120259979
15.6699,63.8167,23.7762,0,91,56,59,680,0,0,0,6.08555,3.93754,0,1536,54220385969
15.5348,64.3716,23.7762,0,91,56,59,680,0,0,0,6.08555,3.93754,0,1536,54320473625
15.691,63.7309,23.7762,0,91,56,59,680,0,0,0,6.08555,3.93754,0,1536,54420596802
15.4674,64.6523,23.7762,0,91,56,59,680,0,0,0,6.08555,3.93754,0,1536,54520722791
15.3031,65.3462,20.331,0,100,57,59,680,0,0,0,6.08595,3.93424,0,1344,54620851229
15.5685,64.2324,20.331,0,100,57,59,680,0,0,0,6.08595,3.93424,0,1344,54720975083
15.3283,65.239,20.331,0,100,57,59,680,0,0,0,6.08595,3.93424,0,1344,54821099666
15.2986,65.3656,20.331,0,100,57,59,680,0,0,0,6.08595,3.93424,0,1344,54921238572
15.6074,64.0723,20.331,0,100,57,59,680,0,0,0,6.08595,3.93424,0,1344,55021364354
15.2819,65.437,22.8029,0,100,56,59,680,0,0,0,6.08955,3.93366,0,1344,55121484666
15.2489,65.5787,22.8029,0,100,56,59,680,0,0,0,6.08955,3.93366,0,1344,55221613156
15.3947,64.9573,22.8029,0,100,56,59,680,0,0,0,6.08955,3.93366,0,1344,55321744978
15.6651,63.8363,22.8029,0,100,56,59,680,0,0,0,6.08955,3.93366,0,1344,55421947583
15.1419,66.0417,22.8029,0,100,56,59,680,0,0,0,6.08955,3.93366,0,1344,55522078312
15.5318,64.384,25.8661,0,92,57,59,680,0,0,0,6.08978,3.93365,0,1555,55622221801
15.4663,64.6568,25.8661,0,92,57,59,680,0,0,0,6.08978,3.93365,0,1555,55722352426
15.6622,63.8478,25.8661,0,92,57,59,680,0,0,0,6.08978,3.93365,0,1555,55822496697
15.6615,63.8507,25.8661,0,92,57,59,680,0,0,0,6.08978,3.93365,0,1555,55922955239
15.311,65.3123,25.8661,0,92,57,59,680,0,0,0,6.08978,3.93365,0,1555,56023085291
15.2271,65.6723,25.4717,0,100,56,59,680,0,0,0,6.08981,3.93365,0,1401,56123210551
15.5211,64.4286,25.4717,0,100,56,59,680,0,0,0,6.08981,3.93365,0,1401,56223324249
15.3778,65.0288,25.4717,0,100,56,59,680,0,0,0,6.08981,3.93365,0,1401,56323458936
15.3183,65.2815,25.4717,0,100,56,59,680,0,0,0,6.08981,3.93365,0,1401,56423574249
15.6899,63.7351,25.4717,0,100,56,59,680,0,0,0,6.08981,3.93365,0,1401,56523698676
15.4324,64.7988,25.4717,0,100,56,59,680,0,0,0,6.08981,3.93365,0,1401,56623844718
15.5811,64.1803,23.1678,0,100,56,59,680,0,0,0,6.0898,3.93364,0,1286,56723949822
15.4454,64.7442,23.1678,0,100,56,59,680,0,0,0,6.0898,3.93364,0,1286,56824087270
15.6749,63.7963,23.1678,0,100,56,59,680,0,0,0,6.0898,3.93364,0,1286,56924220915
15.2949,65.3814,23.1678,0,100,56,59,680,0,0,0,6.0898,3.93364,0,1286,57024357270
16.3476,61.171,23.1678,0,100,56,59,680,0,0,0,6.0898,3.93364,0,1286,57124472894
15.7311,63.5685,26.2791,0,100,56,60,680,0,0,0,6.0898,3.93362,0,1228,57224601436
15.1999,65.7899,26.2791,0,100,56,60,680,0,0,0,6.0898,3.93362,0,1228,57324738571
15.6126,64.0507,26.2791,0,100,56,60,680,0,0,0,6.0898,3.93362,0,1228,57424878728
15.6055,64.0802,26.2791,0,100,56,60,680,0,0,0,6.0898,3.93362,0,1228,57524996176
15.5526,64.2978,26.2791,0,100,56,60,680,0,0,0,6.0898,3.93362,0,1228,57625109248
15.4316,64.8023,25.814,0,100,57,59,680,0,0,0,6.08945,3.93362,0,1344,57725220498
15.2697,65.489,25.814,0,100,57,59,680,0,0,0,6.08945,3.93362,0,1344,57825356905
15.4033,64.9213,25.814,0,100,57,59,680,0,0,0,6.08945,3.93362,0,1344,57925498728
15.4862,64.5738,25.814,0,100,57,59,680,0,0,0,6.08945,3.93362,0,1344,58025619405
15.4684,64.6478,25.814,0,100,57,59,680,0,0,0,6.08945,3.93362,0,1344,58125752582
15.5089,64.4793,21.6667,0,93,57,59,680,0,0,0,6.08938,3.93361,0,1113,58225883936
15.3872,64.9892,21.6667,0,93,57,59,680,0,0,0,6.08938,3.93361,0,1113,58326062738
15.3855,64.9962,21.6667,0,93,57,59,680,0,0,0,6.08938,3.93361,0,1113,58426194196
15.4211,64.8461,21.6667,0,93,57,59,680,0,0,0,6.08938,3.93361,0,1113,58526320081
15.1922,65.8232,21.6667,0,93,57,59,680,0,0,0,6.08938,3.93361,0,1113,58626443258
15.4613,64.6776,26.7139,0,100,57,59,680,0,0,0,6.08938,3.93335,0,1344,58726572425
15.5647,64.2479,26.7139,0,100,57,59,680,0,0,0,6.08938,3.93335,0,1344,58826697894
15.3042,65.3414,26.7139,0,100,57,59,680,0,0,0,6.08938,3.93335,0,1344,58926845706
15.6261,63.9953,26.7139,0,100,57,59,680,0,0,0,6.08938,3.93335,0,1344,59026972894
15.6062,64.0773,26.7139,0,100,57,59,680,0,0,0,6.08938,3.93335,0,1344,59127083258
15.5568,64.2807,26.9231,0,100,57,59,680,0,0,0,6.08938,3.93335,0,1459,59227212737
15.0637,66.3846,26.9231,0,100,57,59,680,0,0,0,6.08938,3.93335,0,1459,59327406644
15.3296,65.2331,26.9231,0,100,57,59,680,0,0,0,6.08938,3.93335,0,1459,59427617685
15.4866,64.5719,26.9231,0,100,57,59,680,0,0,0,6.08938,3.93335,0,1459,59527753727
15.5845,64.1664,26.9231,0,100,57,59,680,0,0,0,6.08938,3.93335,0,1459,59627979508
15.5706,64.2234,26.9231,0,100,57,59,680,0,0,0,6.08938,3.93335,0,1459,59728211800
15.4691,64.6448,24.826,0,100,56,60,680,0,0,0,6.08938,3.93327,0,1171,59828428102
15.3252,65.2521,24.826,0,100,56,60,680,0,0,0,6.08938,3.93327,0,1171,59928618050
15.5444,64.3319,24.826,0,100,56,60,680,0,0,0,6.08938,3.93327,0,1171,60028796852
15.5755,64.2034,24.826,0,100,56,60,680,0,0,0,6.08938,3.93327,0,1171,60128946383
15.4529,64.713,24.826,0,100,56,60,680,0,0,0,6.08938,3.93327,0,1171,60229088987
14.8886,67.1654,26.8065,0,100,57,60,680,0,0,0,6.08938,3.93326,0,1344,60329225758
15.6312,63.9747,26.8065,0,100,57,60,680,0,0,0,6.08938,3.93326,0,1344,60429363935
15.5284,64.3981,26.8065,0,100,57,60,680,0,0,0,6.08938,3.93326,0,1344,60529487737
15.4626,64.672,26.8065,0,100,57,60,680,0,0,0,6.08938,3.93326,0,1344,60629607424
15.4048,64.9147,26.8065,0,100,57,60,680,0,0,0,6.08938,3.93326,0,1344,60729723622
15.2928,65.3902,23.4339,0,94,57,59,680,0,0,0,6.08939,3.93326,0,1536,60829861070
15.5479,64.3175,23.4339,0,94,57,59,680,0,0,0,6.08939,3.93326,0,1536,60929988674
15.4764,64.6147,23.4339,0,94,57,59,680,0,0,0,6.08939,3.93326,0,1536,61030131018
15.4083,64.9002,23.4339,0,94,57,59,680,0,0,0,6.08939,3.93326,0,1536,61130240445
15.5204,64.4314,23.4339,0,94,57,59,680,0,0,0,6.08939,3.93326,0,1536,61230360132
15.341,65.1849,24.826,0,100,56,60,680,0,0,0,6.08939,3.93314,0,1344,61330493882
15.2447,65.5966,24.826,0,100,56,60,680,0,0,0,6.08939,3.93314,0,1344,61430617789
15.3352,65.2095,24.826,0,100,56,60,680,0,0,0,6.08939,3.93314,0,1344,61530744195
14.6159,68.4186,24.826,0,100,56,60,680,0,0,0,6.08939,3.93314,0,1344,61630869455
16.0827,62.1787,24.826,0,100,56,60,680,0,0,0,6.08939,3.93314,0,1344,61731012997
15.2705,65.4856,25.7009,0,100,56,60,680,0,0,0,6.08982,3.93314,0,1056,61831140601
15.5829,64.1729,25.7009,0,100,56,60,680,0,0,0,6.08982,3.93314,0,1056,61931277684
15.3693,65.0648,25.7009,0,100,56,60,680,0,0,0,6.08982,3.93314,0,1056,62031414351
15.2982,65.3673,25.7009,0,100,56,60,680,0,0,0,6.08982,3.93314,0,1056,62131546799
15.0805,66.3108,25.7009,0,100,56,60,680,0,0,0,6.08982,3.93314,0,1056,62231671018
15.4801,64.5992,25.7009,0,100,56,60,680,0,0,0,6.08982,3.93314,0,1056,62331810080
15.231,65.6557,24.8244,0,92,57,60,680,0,0,0,6.08969,3.93314,0,1228,62431924038
15.7347,63.5538,24.8244,0,92,57,60,680,0,0,0,6.08969,3.93314,0,1228,62532039559
15.3307,65.2288,24.8244,0,92,57,60,680,0,0,0,6.08969,3.93314,0,1228,62632207059
15.9827,62.5676,24.8244,0,92,57,60,680,0,0,0,6.08969,3.93314,0,1228,62732340028
15.5591,64.2712,24.8244,0,92,57,60,680,0,0,0,6.08969,3.93314,0,1228,62832474976
15.2918,65.3945,28.2051,0,100,57,59,680,0,0,0,6.08969,3.93314,0,1344,62932592371
15.5826,64.1743,28.2051,0,100,57,59,680,0,0,0,6.08969,3.93314,0,1344,63032706851
15.7403,63.5314,28.2051,0,100,57,59,680,0,0,0,6.08969,3.93314,0,1344,63132827840
15.6047,64.0833,28.2051,0,100,57,59,680,0,0,0,6.08969,3.93314,0,1344,63232943413
15.4375,64.7771,28.2051,0,100,57,59,680,0,0,0,6.08969,3.93314,0,1344,63333072371
14.8668,67.2642,23.5849,0,100,57,60,680,0,0,0,6.08959,3.93313,0,1344,63433236850
16.6183,60.1747,23.5849,0,100,57,60,680,0,0,0,6.08959,3.93313,0,1344,63533394715
15.1631,65.9498,23.5849,0,100,57,60,680,0,0,0,6.08959,3.93313,0,1344,63633561798
15.6872,63.7464,23.5849,0,100,57,60,680,0,0,0,6.08959,3.93313,0,1344,63733720392
15.2883,65.4093,23.5849,0,100,57,60,680,0,0,0,6.08959,3.93313,0,1344,63833904350
15.3922,64.968,32.5527,0,100,57,60,680,0,0,0,6.10244,3.90334,0,1286,63934031746
15.4487,64.7304,32.5527,0,100,57,60,680,0,0,0,6.10244,3.90334,0,1286,64034161850
15.4242,64.8334,32.5527,0,100,57,60,680,0,0,0,6.10244,3.90334,0,1286,64134322163
15.3343,65.2131,32.5527,0,100,57,60,680,0,0,0,6.10244,3.90334,0,1286,64234478725
15.2217,65.6958,32.5527,0,100,57,60,680,0,0,0,6.10244,3.90334,0,1286,64334802319
15.8909,62.9289,24.4804,0,92,57,60,680,0,0,0,6.10218,3.90331,0,1401,64435065965
15.2348,65.6393,24.4804,0,92,57,60,680,0,0,0,6.10218,3.90331,0,1401,64535268308
15.4197,64.852,24.4804,0,92,57,60,680,0,0,0,6.10218,3.90331,0,1401,64635451642
15.6204,64.019,24.4804,0,92,57,60,680,0,0,0,6.10218,3.90331,0,1401,64735634871
15.5474,64.3194,24.4804,0,92,57,60,680,0,0,0,6.10218,3.90331,0,1401,64835789819
15.4037,64.9195,26.2911,0,100,57,60,680,0,0,0,6.10214,3.90331,0,1171,64936010964
15.4051,64.9136,26.2911,0,100,57,60,680,0,0,0,6.10214,3.90331,0,1171,65036125287
15.4144,64.8745,26.2911,0,100,57,60,680,0,0,0,6.10214,3.90331,0,1171,65136255964
15.1524,65.9963,26.2911,0,100,57,60,680,0,0,0,6.10214,3.90331,0,1171,65236395756
15.781,63.3675,26.2911,0,100,57,60,680,0,0,0,6.10214,3.90331,0,1171,65336544923
15.3707,65.059,26.2911,0,100,57,60,680,0,0,0,6.10214,3.90331,0,1171,65436676902
15.4514,64.7192,26.3158,0,100,57,60,680,0,0,0,6.10226,3.90321,0,1459,65536820391
15.3842,65.0016,26.3158,0,100,57,60,680,0,0,0,6.10226,3.90321,0,1459,65636993725
15.6648,63.8376,26.3158,0,100,57,60,680,0,0,0,6.10226,3.90321,0,1459,65737104037
15.3504,65.1449,26.3158,0,100,57,60,680,0,0,0,6.10226,3.90321,0,1459,65837241224
15.4074,64.904,26.3158,0,100,57,60,680,0,0,0,6.10226,3.90321,0,1459,65937359349
15.5019,64.5083,28.7059,0,100,58,60,680,0,0,0,6.10362,3.90302,0,1555,66037467839
15.1586,65.9693,28.7059,0,100,58,60,680,0,0,0,6.10362,3.90302,0,1555,66137582474
15.3147,65.2968,28.7059,0,100,58,60,680,0,0,0,6.10362,3.90302,0,1555,66237712579
15.6125,64.0512,28.7059,0,100,58,60,680,0,0,0,6.10362,3.90302,0,1555,66337830131
15.2122,65.7366,28.7059,0,100,58,60,680,0,0,0,6.10362,3.90302,0,1555,66437967735
15.1777,65.8861,25.641,0,92,58,60,680,0,0,0,6.10292,3.90295,0,1555,66538088776
15.3415,65.1829,25.641,0,92,58,60,680,0,0,0,6.10292,3.90295,0,1555,66638195964
15.3298,65.2324,25.641,0,92,58,60,680,0,0,0,6.10292,3.90295,0,1555,66738325443
15.2574,65.5421,25.641,0,92,58,60,680,0,0,0,6.10292,3.90295,0,1555,66838481641
14.9734,66.7852,25.641,0,92,58,60,680,0,0,0,6.10292,3.90295,0,1555,66938638568
15.9198,62.8149,26.5734,0,100,58,60,680,0,0,0,6.10292,3.90294,0,1555,67038860287
15.5705,64.224,26.5734,0,100,58,60,680,0,0,0,6.10292,3.90294,0,1555,67139021849
15.2015,65.783,26.5734,0,100,58,60,680,0,0,0,6.10292,3.90294,0,1555,67239216016
15.0193,66.5808,26.5734,0,100,58,60,680,0,0,0,6.10292,3.90294,0,1555,67339391901
15.4832,64.5861,26.5734,0,100,58,60,680,0,0,0,6.10292,3.90294,0,1555,67439550547
15.5127,64.4634,27.2512,0,100,58,60,680,0,0,0,6.10292,3.90292,0,1459,67539728307
15.5631,64.2547,27.2512,0,100,58,60,680,0,0,0,6.10292,3.90292,0,1459,67639887422
15.5203,64.4317,27.2512,0,100,58,60,680,0,0,0,6.10292,3.90292,0,1459,67740036172
15.2215,65.6965,27.2512,0,100,58,60,680,0,0,0,6.10292,3.90292,0,1459,67840196745
15.1373,66.062,27.2512,0,100,58,60,680,0,0,0,6.10292,3.90292,0,1459,67940352370
15.5293,64.3944,27.2512,0,100,58,60,680,0,0,0,6.10292,3.90292,0,1459,68040550390
15.3767,65.0334,29.3023,0,100,58,61,680,0,0,0,6.10292,3.90267,0,1555,68140707838
15.7904,63.3296,29.3023,0,100,58,61,680,0,0,0,6.10292,3.90267,0,1555,68240892057
15.4125,64.8822,29.3023,0,100,58,61,680,0,0,0,6.10292,3.90267,0,1555,68341043515
15.52,64.4331,29.3023,0,100,58,61,680,0,0,0,6.10292,3.90267,0,1555,68441199192
15.4212,64.8456,29.3023,0,100,58,61,680,0,0,0,6.10292,3.90267,0,1555,68541357161
15.7639,63.4359,26.2069,0,94,58,60,680,0,0,0,6.10286,3.90265,0,1555,68641512994
15.0732,66.3428,26.2069,0,94,58,60,680,0,0,0,6.10286,3.90265,0,1555,68741678255
15.5055,64.4931,26.2069,0,94,58,60,680,0,0,0,6.10286,3.90265,0,1555,68841860078
15.3153,65.2942,26.2069,0,94,58,60,680,0,0,0,6.10286,3.90265,0,1555,68942067161
15.618,64.0285,26.2069,0,94,58,60,680,0,0,0,6.10286,3.90265,0,1555,69042242994
15.4108,64.8897,23.6534,0,100,57,60,680,0,0,0,6.10283,3.90263,0,1401,69142416848
15.4287,64.8141,23.6534,0,100,57,60,680,0,0,0,6.10283,3.90263,0,1401,69242624296
15.6216,64.014,23.6534,0,100,57,60,680,0,0,0,6.10283,3.90263,0,1401,69342918827
14.8588,67.3001,23.6534,0,100,57,60,680,0,0,0,6.10283,3.90263,0,1401,69443069609
15.5651,64.2463,23.6534,0,100,57,60,680,0,0,0,6.10283,3.90263,0,1401,69543223619
15.121,66.1333,22.6328,0,100,57,60,680,0,0,0,6.10259,3.90245,0,1344,69643374452
15.6437,63.9233,22.6328,0,100,57,60,680,0,0,0,6.10259,3.90245,0,1344,69743537942
15.3484,65.1534,22.6328,0,100,57,60,680,0,0,0,6.10259,3.90245,0,1344,69843708306
15.2177,65.7131,22.6328,0,100,57,60,680,0,0,0,6.10259,3.90245,0,1344,69943869660
15.0481,66.4537,22.6328,0,100,57,60,680,0,0,0,6.10259,3.90245,0,1344,70044025390
15.5214,64.427,24.537,0,100,58,61,680,0,0,0,6.10188,3.90245,0,1459,70144195702
15.2502,65.5728,24.537,0,100,58,61,680,0,0,0,6.10188,3.90245,0,1459,70244355025
15.5976,64.1122,24.537,0,100,58,61,680,0,0,0,6.10188,3.90245,0,1459,70344547056
15.6028,64.0912,24.537,0,100,58,61,680,0,0,0,6.10188,3.90245,0,1459,70444713358
15.475,64.6202,24.537,0,100,58,61,680,0,0,0,6.10188,3.90245,0,1459,70544856066
15.4271,64.8212,26.1792,0,92,57,61,680,0,0,0,6.1021,3.90244,0,1459,70645011900
15.5417,64.3432,26.1792,0,92,57,61,680,0,0,0,6.1021,3.90244,0,1459,70745166014
15.2702,65.487,26.1792,0,92,57,61,680,0,0,0,6.1021,3.90244,0,1459,70845339348
15.3019,65.3513,26.1792,0,92,57,61,680,0,0,0,6.1021,3.90244,0,1459,70945508306
15.5839,64.1689,26.1792,0,92,57,61,680,0,0,0,6.1021,3.90244,0,1459,71045646639
15.5128,64.4629,26.1792,0,92,57,61,680,0,0,0,6.1021,3.90244,0,1459,71145788618
15.5278,64.4008,24.6479,0,100,57,60,680,0,0,0,6.10231,3.90233,0,1459,71245942420
15.5741,64.2093,24.6479,0,100,57,60,680,0,0,0,6.10231,3.90233,0,1459,71346096066
15.2317,65.6524,24.6479,0,100,57,60,680,0,0,0,6.10231,3.90233,0,1459,71446255962
15.8011,63.2866,24.6479,0,100,57,60,680,0,0,0,6.10231,3.90233,0,1459,71546458774
15.5745,64.2077,24.6479,0,100,57,60,680,0,0,0,6.10231,3.90233,0,1459,71646613670
15.5694,64.2288,28.6385,0,100,58,61,680,0,0,0,6.10228,3.90232,0,1344,71746765181
15.5473,64.3197,28.6385,0,100,58,61,680,0,0,0,6.10228,3.90232,0,1344,71846922681
16.2259,61.6297,28.6385,0,100,58,61,680,0,0,0,6.10228,3.90232,0,1344,71947111378
15.559,64.2715,28.6385,0,100,58,61,680,0,0,0,6.10228,3.90232,0,1344,72047258566
15.3899,64.9777,28.6385,0,100,58,61,680,0,0,0,6.10228,3.90232,0,1344,72147390441
15.3579,65.113,29.1169,0,92,58,61,680,0,0,0,6.10231,3.90231,0,1555,72247555128
15.4064,64.908,29.1169,0,92,58,61,680,0,0,0,6.10231,3.90231,0,1555,72347731326
15.7984,63.2977,29.1169,0,92,58,61,680,0,0,0,6.10231,3.90231,0,1555,72447978670
15.1941,65.8149,29.1169,0,92,58,61,680,0,0,0,6.10231,3.90231,0,1555,72548267003
15.5355,64.3688,29.1169,0,92,58,61,680,0,0,0,6.10231,3.90231,0,1555,72648390701
15.4906,64.5553,23.9437,0,100,59,61,680,0,0,0,6.10229,3.90231,0,1344,72748512420
15.3132,65.3031,23.9437,0,100,59,61,680,0,0,0,6.10229,3.90231,0,1344,72848641222
15.6046,64.0838,23.9437,0,100,59,61,680,0,0,0,6.10229,3.90231,0,1344,72948769034
15.2923,65.3926,23.9437,0,100,59,61,680,0,0,0,6.10229,3.90231,0,1344,73048895857
15.7094,63.6561,23.9437,0,100,59,61,680,0,0,0,6.10229,3.90231,0,1344,73149189503
15.3688,65.0667,24.9412,0,100,58,61,680,0,0,0,6.10229,3.90229,0,1555,73249328097
15.2487,65.5793,24.9412,0,100,58,61,680,0,0,0,6.10229,3.90229,0,1555,73349470336
15.3152,65.2947,24.9412,0,100,58,61,680,0,0,0,6.10229,3.90229,0,1555,73449632367
15.7223,63.6039,24.9412,0,100,58,61,680,0,0,0,6.10229,3.90229,0,1555,73549799972
15.6022,64.0935,24.9412,0,100,58,61,680,0,0,0,6.10229,3.90229,0,1555,73649954919
15.532,64.3832,25.9524,0,100,59,61,680,0,0,0,6.1025,3.90221,0,1459,73750110336
15.1908,65.8294,25.9524,0,100,59,61,680,0,0,0,6.1025,3.90221,0,1459,73850264086
15.8915,62.9267,25.9524,0,100,59,61,680,0,0,0,6.1025,3.90221,0,1459,73950423201
15.5305,64.3893,25.9524,0,100,59,61,680,0,0,0,6.1025,3.90221,0,1459,74050553878
15.2415,65.6102,25.9524,0,100,59,61,680,0,0,0,6.1025,3.90221,0,1459,74150699815
15.4259,64.8261,25.9524,0,100,59,61,680,0,0,0,6.1025,3.90221,0,1459,74250839659
15.1264,66.1096,27.0396,0,92,58,61,680,0,0,0,6.10202,3.9022,0,1459,74350966013
15.5277,64.4012,27.0396,0,92,58,61,680,0,0,0,6.10202,3.9022,0,1459,74451113148
15.5197,64.4341,27.0396,0,92,58,61,680,0,0,0,6.10202,3.9022,0,1459,74551281482
15.1514,66.0003,27.0396,0,92,58,61,680,0,0,0,6.10202,3.9022,0,1459,74651442054
15.477,64.6122,27.0396,0,92,58,61,680,0,0,0,6.10202,3.9022,0,1459,74751574086
15.5963,64.1179,25.2358,0,100,58,61,680,0,0,0,6.10201,3.9022,0,1344,74851700492
15.518,64.4411,25.2358,0,100,58,61,680,0,0,0,6.10201,3.9022,0,1344,74951832315
15.4875,64.5683,25.2358,0,100,58,61,680,0,0,0,6.10201,3.9022,0,1344,75051968408
15.4003,64.9338,25.2358,0,100,58,61,680,0,0,0,6.10201,3.9022,0,1344,75152105752
15.5176,64.443,25.2358,0,100,58,61,680,0,0,0,6.10201,3.9022,0,1344,75252240804
15.486,64.5744,24.4755,0,100,58,61,680,0,0,0,6.10223,3.90219,0,1555,75352372367
15.2728,65.4758,24.4755,0,100,58,61,680,0,0,0,6.10223,3.90219,0,1555,75452514658
15.5527,64.2976,24.4755,0,100,58,61,680,0,0,0,6.10223,3.90219,0,1555,75552653721
16.0015,62.4942,24.4755,0,100,58,61,680,0,0,0,6.10223,3.90219,0,1555,75652846273
15.4057,64.911,24.4755,0,100,58,61,680,0,0,0,6.10223,3.90219,0,1555,75752990075
15.3834,65.0053,24.228,0,100,59,61,680,0,0,0,6.10188,3.90218,0,1555,75853172627
15.7154,63.6318,24.228,0,100,59,61,680,0,0,0,6.10188,3.90218,0,1555,75953310023
15.5006,64.5136,24.228,0,100,59,61,680,0,0,0,6.10188,3.90218,0,1555,76053454710
15.8437,63.1167,24.228,0,100,59,61,680,0,0,0,6.10188,3.90218,0,1555,76153602783
15.5426,64.3391,24.228,0,100,59,61,680,0,0,0,6.10188,3.90218,0,1555,76253743408
15.3226,65.2629,26.5258,0,92,59,61,680,0,0,0,6.10072,3.90217,0,1555,76353883773
15.7924,63.3217,26.5258,0,92,59,61,680,0,0,0,6.10072,3.90217,0,1555,76454021220
15.4349,64.7883,26.5258,0,92,59,61,680,0,0,0,6.10072,3.90217,0,1555,76554180022
15.5711,64.2216,26.5258,0,92,59,61,680,0,0,0,6.10072,3.90217,0,1555,76654666325
15.9114,62.8482,26.5258,0,92,59,61,680,0,0,0,6.10072,3.90217,0,1555,76754805231
15.3481,65.1546,25.3521,0,100,59,61,680,0,0,0,6.10093,3.90198,0,1459,76854933877
15.6304,63.9779,25.3521,0,100,59,61,680,0,0,0,6.10093,3.90198,0,1459,76955082783
15.6483,63.9046,25.3521,0,100,59,61,680,0,0,0,6.10093,3.90198,0,1459,77055246324
15.3043,65.3411,25.3521,0,100,59,61,680,0,0,0,6.10093,3.90198,0,1459,77155387626
15.3047,65.3392,25.3521,0,100,59,61,680,0,0,0,6.10093,3.90198,0,1459,77255542053
15.4905,64.5558,25.3521,0,100,59,61,680,0,0,0,6.10093,3.90198,0,1459,77355710387
15.1772,65.8885,27.907,0,100,59,61,680,0,0,0,6.10093,3.90198,0,1555,77455886324
15.665,63.8364,27.907,0,100,59,61,680,0,0,0,6.10093,3.90198,0,1555,77556047053
15.3969,64.948,27.907,0,100,59,61,680,0,0,0,6.10093,3.90198,0,1555,77656200178
15.8563,63.0665,27.907,0,100,59,61,680,0,0,0,6.10093,3.90198,0,1555,77756423147
15.5046,64.497,27.907,0,100,59,61,680,0,0,0,6.10093,3.90198,0,1555,77856562366
15.4569,64.6961,27.5058,0,100,59,61,680,0,0,0,6.10092,3.90198,0,1459,77956716689
15.6134,64.0475,27.5058,0,100,59,61,680,0,0,0,6.10092,3.90198,0,1459,78056849032
15.6293,63.9822,27.5058,0,100,59,61,680,0,0,0,6.10092,3.90198,0,1459,78156983043
15.0212,66.5728,27.5058,0,100,59,61,680,0,0,0,6.10092,3.90198,0,1459,78257107730
15.3793,65.0227,27.5058,0,100,59,61,680,0,0,0,6.10092,3.90198,0,1459,78357238928
15.5027,64.5051,27.6744,0,92,58,61,680,0,0,0,6.10118,3.90177,0,1555,78457382626
15.2819,65.4369,27.6744,0,92,58,61,680,0,0,0,6.10118,3.90177,0,1555,78557523668
15.7179,63.6217,27.6744,0,92,58,61,680,0,0,0,6.10118,3.90177,0,1555,78657655126
15.6665,63.8303,27.6744,0,92,58,61,680,0,0,0,6.10118,3.90177,0,1555,78757801115
15.3695,65.0639,27.6744,0,92,58,61,680,0,0,0,6.10118,3.90177,0,1555,78857947209
15.1513,66.0008,25.9861,0,100,59,61,680,0,0,0,6.10139,3.90176,0,1555,78958100230
15.4266,64.823,25.9861,0,100,59,61,680,0,0,0,6.10139,3.90176,0,1555,79058254657
15.5715,64.2198,25.9861,0,100,59,61,680,0,0,0,6.10139,3.90176,0,1555,79158399084
15.8023,63.2819,25.9861,0,100,59,61,680,0,0,0,6.10139,3.90176,0,1555,79258549032
15.3811,65.0149,25.9861,0,100,59,61,680,0,0,0,6.10139,3.90176,0,1555,79358675126
15.2732,65.4741,25.1185,0,100,58,61,680,0,0,0,6.10139,3.90165,0,1344,79458837261
15.045,66.4672,25.1185,0,100,58,61,680,0,0,0,6.10139,3.90165,0,1344,79558969448
15.5539,64.2924,25.1185,0,100,58,61,680,0,0,0,6.10139,3.90165,0,1344,79659112834
15.5618,64.26,25.1185,0,100,58,61,680,0,0,0,6.10139,3.90165,0,1344,79759249709
15.3482,65.1544,25.1185,0,100,58,61,680,0,0,0,6.10139,3.90165,0,1344,79859391323
15.2271,65.6725,25.1185,0,100,58,61,680,0,0,0,6.10139,3.90165,0,1344,79959534761
15.4913,64.5523,23.9437,0,100,59,61,680,0,0,0,6.10118,3.90164,0,1344,80059659240
15.4292,64.8121,23.9437,0,100,59,61,680,0,0,0,6.10118,3.90164,0,1344,80159788823
15.1498,66.0074,23.9437,0,100,59,61,680,0,0,0,6.10118,3.90164,0,1344,80259915386
15.5501,64.3082,23.9437,0,100,59,61,680,0,0,0,6.10118,3.90164,0,1344,80360034344
15.4362,64.7827,23.9437,0,100,59,61,680,0,0,0,6.10118,3.90164,0,1344,80460154448
15.41,64.8929,24.1299,0,91,58,61,680,0,0,0,6.10258,3.90155,0,1228,80560281323
15.5413,64.3445,24.1299,0,91,58,61,680,0,0,0,6.10258,3.90155,0,1228,80660413406
15.6095,64.0635,24.1299,0,91,58,61,680,0,0,0,6.10258,3.90155,0,1228,80760560802
15.5395,64.352,24.1299,0,91,58,61,680,0,0,0,6.10258,3.90155,0,1228,80860700229
15.5646,64.2485,24.1299,0,91,58,61,680,0,0,0,6.10258,3.90155,0,1228,80960830125
15.2601,65.5303,24.3619,0,100,58,61,680,0,0,0,6.10258,3.90155,0,1401,81061001740
15.3991,64.9389,24.3619,0,100,58,61,680,0,0,0,6.10258,3.90155,0,1401,81161145437
15.2308,65.6563,24.3619,0,100,58,61,680,0,0,0,6.10258,3.90155,0,1401,81261396531
15.1753,65.8964,24.3619,0,100,58,61,680,0,0,0,6.10258,3.90155,0,1401,81361515750
15.2439,65.5998,24.3619,0,100,58,61,680,0,0,0,6.10258,3.90155,0,1401,81461684864
15.8756,62.9896,23.4192,0,100,59,61,680,0,0,0,6.10258,3.90155,0,1459,81561816427
15.5541,64.2917,23.4192,0,100,59,61,680,0,0,0,6.10258,3.90155,0,1459,81661948406
15.3021,65.3506,23.4192,0,100,59,61,680,0,0,0,6.10258,3.90155,0,1459,81762085281
15.4766,64.6136,23.4192,0,100,59,61,680,0,0,0,6.10258,3.90155,0,1459,81862223510
15.3428,65.1772,23.4192,0,100,59,61,680,0,0,0,6.10258,3.90155,0,1459,81962354760
15.4639,64.6668,24.1299,0,100,58,61,680,0,0,0,6.10236,3.90152,0,1555,82062503250
15.2881,65.4103,24.1299,0,100,58,61,680,0,0,0,6.10236,3.90152,0,1555,82162651322
15.5359,64.3669,24.1299,0,100,58,61,680,0,0,0,6.10236,3.90152,0,1555,82262820854
15.4457,64.7429,24.1299,0,100,58,61,680,0,0,0,6.10236,3.90152,0,1555,82362960593
15.4884,64.5645,24.1299,0,100,58,61,680,0,0,0,6.10236,3.90152,0,1555,82463128458
15.8625,63.0417,23.3491,0,92,58,61,680,0,0,0,6.10016,3.90152,0,1228,82563299499
15.4192,64.8543,23.3491,0,92,58,61,680,0,0,0,6.10016,3.90152,0,1228,82663464499
15.58,64.1848,23.3491,0,92,58,61,680,0,0,0,6.10016,3.90152,0,1228,82763662833
15.3302,65.2305,23.3491,0,92,58,61,680,0,0,0,6.10016,3.90152,0,1228,82863796374
15.2395,65.6188,23.3491,0,92,58,61,680,0,0,0,6.10016,3.90152,0,1228,82963942885
15.4366,64.781,23.3491,0,92,58,61,680,0,0,0,6.10016,3.90152,0,1228,83064074291
15.4339,64.7926,23.2558,0,100,59,61,680,0,0,0,6.10016,3.90152,0,1344,83164216791
15.2826,65.4338,23.2558,0,100,59,61,680,0,0,0,6.10016,3.90152,0,1344,83264386791
15.3968,64.9488,23.2558,0,100,59,61,680,0,0,0,6.10016,3.90152,0,1344,83364547155
15.1496,66.0084,23.2558,0,100,59,61,680,0,0,0,6.10016,3.90152,0,1344,83464714707
15.1504,66.0047,23.2558,0,100,59,61,680,0,0,0,6.10016,3.90152,0,1344,83564896374
15.4522,64.7155,26.1574,0,100,59,61,680,0,0,0,6.10038,3.9015,0,1056,83665078249
15.1359,66.0682,26.1574,0,100,59,61,680,0,0,0,6.10038,3.9015,0,1056,83765220593
15.6527,63.8868,26.1574,0,100,59,61,680,0,0,0,6.10038,3.9015,0,1056,83865417155
15.4828,64.5879,26.1574,0,100,59,61,680,0,0,0,6.10038,3.9015,0,1056,83965577988
15.3194,65.2765,26.1574,0,100,59,61,680,0,0,0,6.10038,3.9015,0,1056,84065712415
15.448,64.7334,23.4597,0,99,58,61,680,0,0,0,6.09962,3.9015,0,1344,84165844915
15.1355,66.0698,23.4597,0,99,58,61,680,0,0,0,6.09962,3.9015,0,1344,84265982311
15.2778,65.4546,23.4597,0,99,58,61,680,0,0,0,6.09962,3.9015,0,1344,84366154395
15.5028,64.5045,23.4597,0,99,58,61,680,0,0,0,6.09962,3.9015,0,1344,84466311009
15.4728,64.6295,23.4597,0,99,58,61,680,0,0,0,6.09962,3.9015,0,1344,84566458249
15.3953,64.9548,26.1574,0,93,59,61,680,0,0,0,6.10003,3.9015,0,1113,84666604603
15.2651,65.509,26.1574,0,93,59,61,680,0,0,0,6.10003,3.9015,0,1113,84767169551
15.0868,66.283,26.1574,0,93,59,61,680,0,0,0,6.10003,3.9015,0,1113,84867347780
15.2115,65.7399,26.1574,0,93,59,61,680,0,0,0,6.10003,3.9015,0,1113,84967526165
15.5771,64.1968,26.1574,0,93,59,61,680,0,0,0,6.10003,3.9015,0,1113,85067686686
15.3198,65.275,26.8065,0,100,59,61,680,0,0,0,6.10003,3.90147,0,1555,85167829446
15.4614,64.6771,26.8065,0,100,59,61,680,0,0,0,6.10003,3.90147,0,1555,85267940957
15.2514,65.5679,26.8065,0,100,59,61,680,0,0,0,6.10003,3.90147,0,1555,85368056217
15.623,64.008,26.8065,0,100,59,61,680,0,0,0,6.10003,3.90147,0,1555,85468168665
15.757,63.4638,26.8065,0,100,59,61,680,0,0,0,6.10003,3.90147,0,1555,85568293717
15.0886,66.2754,26.8065,0,100,59,61,680,0,0,0,6.10003,3.90147,0,1555,85668416946
15.779,63.3756,26.6821,0,100,59,61,680,0,0,0,6.10048,3.90144,0,1555,85768550852
15.5397,64.3512,26.6821,0,100,59,61,680,0,0,0,6.10048,3.90144,0,1555,85868715227
15.4906,64.5553,26.6821,0,100,59,61,680,0,0,0,6.10048,3.90144,0,1555,85968871894
15.6481,63.9054,26.6821,0,100,59,61,680,0,0,0,6.10048,3.90144,0,1555,86069064186
15.4697,64.6427,26.6821,0,100,59,61,680,0,0,0,6.10048,3.90144,0,1555,86169227363
15.4215,64.8447,27.1028,0,100,58,62,680,0,0,0,6.1005,3.90144,0,1171,86269388508
15.2988,65.3644,27.1028,0,100,58,62,680,0,0,0,6.1005,3.90144,0,1171,86369515175
15.2531,65.5603,27.1028,0,100,58,62,680,0,0,0,6.1005,3.90144,0,1171,86469642519
15.5455,64.3274,27.1028,0,100,58,62,680,0,0,0,6.1005,3.90144,0,1171,86569756008
15.2544,65.5549,27.1028,0,100,58,62,680,0,0,0,6.1005,3.90144,0,1171,86669858300
15.5033,64.5025,20.0477,0,91,59,61,680,0,0,0,6.10046,3.90144,0,1344,86770039133
15.8168,63.2239,20.0477,0,91,59,61,680,0,0,0,6.10046,3.90144,0,1344,86870224914
15.3658,65.0797,20.0477,0,91,59,61,680,0,0,0,6.10046,3.90144,0,1344,86970398144
15.4245,64.8318,20.0477,0,91,59,61,680,0,0,0,6.10046,3.90144,0,1344,87070548039
15.7321,63.5643,20.0477,0,91,59,61,680,0,0,0,6.10046,3.90144,0,1344,87170729133
15.4929,64.5458,23.8208,0,100,59,61,680,0,0,0,6.10046,3.90144,0,1344,87270940956
15.5793,64.1879,23.8208,0,100,59,61,680,0,0,0,6.10046,3.90144,0,1344,87371120643
15.0247,66.5573,23.8208,0,100,59,61,680,0,0,0,6.10046,3.90144,0,1344,87471262935
15.4519,64.7171,23.8208,0,100,59,61,680,0,0,0,6.10046,3.90144,0,1344,87571398247
15.5522,64.2994,23.8208,0,100,59,61,680,0,0,0,6.10046,3.90144,0,1344,87671564445
15.5001,64.5158,24.8244,0,100,59,61,680,0,0,0,6.10024,3.90144,0,1555,87771728716
15.5947,64.1243,24.8244,0,100,59,61,680,0,0,0,6.10024,3.90144,0,1555,87871969758
15.4572,64.6947,24.8244,0,100,59,61,680,0,0,0,6.10024,3.90144,0,1555,87972212206
15.1983,65.7967,24.8244,0,100,59,61,680,0,0,0,6.10024,3.90144,0,1555,88072363560
15.7618,63.4444,24.8244,0,100,59,61,680,0,0,0,6.10024,3.90144,0,1555,88172522726
15.7614,63.446,23.5849,0,99,59,63,680,0,0,0,6.10023,3.90144,0,1555,88272706633
15.8015,63.2853,23.5849,0,99,59,63,680,0,0,0,6.10023,3.90144,0,1555,88372860643
15.2488,65.579,23.5849,0,99,59,63,680,0,0,0,6.10023,3.90144,0,1555,88473026216
15.6512,63.8929,23.5849,0,99,59,63,680,0,0,0,6.10023,3.90144,0,1555,88573213612
15.5443,64.3323,23.5849,0,99,59,63,680,0,0,0,6.10023,3.90144,0,1555,88673372049
15.5927,64.1324,23.5849,0,99,59,63,680,0,0,0,6.10023,3.90144,0,1555,88773525018
15.1598,65.9639,23.0404,0,92,58,62,680,0,0,0,6.10066,3.90128,0,1056,88873667987
15.5986,64.1085,23.0404,0,92,58,62,680,0,0,0,6.10066,3.90128,0,1056,88973828039
15.6195,64.0227,23.0404,0,92,58,62,680,0,0,0,6.10066,3.90128,0,1056,89074489757
15.5267,64.4053,23.0404,0,92,58,62,680,0,0,0,6.10066,3.90128,0,1056,89174629861
15.3334,65.2171,23.0404,0,92,58,62,680,0,0,0,6.10066,3.90128,0,1056,89274752570
15.3931,64.9642,31.5294,0,98,60,62,680,0,0,0,6.10668,3.89,0,1555,89374888455
15.6212,64.0157,31.5294,0,98,60,62,680,0,0,0,6.10668,3.89,0,1555,89475048299
15.2459,65.5913,31.5294,0,98,60,62,680,0,0,0,6.10668,3.89,0,1555,89575187518
15.5666,64.2403,31.5294,0,98,60,62,680,0,0,0,6.10668,3.89,0,1555,89675350278
15.535,64.3707,31.5294,0,98,60,62,680,0,0,0,6.10668,3.89,0,1555,89775497570
14.9307,66.9759,27.0023,0,100,59,62,680,0,0,0,6.10672,3.88994,0,1286,89875624653
15.0956,66.2445,27.0023,0,100,59,62,680,0,0,0,6.10672,3.88994,0,1286,89975743663
15.7376,63.5421,27.0023,0,100,59,62,680,0,0,0,6.10672,3.88994,0,1286,90075865278
15.2763,65.4607,27.0023,0,100,59,62,680,0,0,0,6.10672,3.88994,0,1286,90176000799
15.2445,65.5973,27.0023,0,100,59,62,680,0,0,0,6.10672,3.88994,0,1286,90276132101
15.4159,64.8683,24.4706,0,100,59,61,680,0,0,0,6.10719,3.88993,0,1228,90376319080
15.1439,66.0333,24.4706,0,100,59,61,680,0,0,0,6.10719,3.88993,0,1228,90476465851
15.6485,63.9037,24.4706,0,100,59,61,680,0,0,0,6.10719,3.88993,0,1228,90576627569
15.2691,65.4918,24.4706,0,100,59,61,680,0,0,0,6.10719,3.88993,0,1228,90676787621
15.5243,64.4152,24.4706,0,100,59,61,680,0,0,0,6.10719,3.88993,0,1228,90776932777
15.3151,65.2949,23.9905,0,100,59,62,680,0,0,0,6.10719,3.88993,0,1459,90877077725
15.6847,63.7564,23.9905,0,100,59,62,680,0,0,0,6.10719,3.88993,0,1459,90977223246
15.3903,64.9761,23.9905,0,100,59,62,680,0,0,0,6.10719,3.88993,0,1459,91077364132
15.5629,64.2555,23.9905,0,100,59,62,680,0,0,0,6.10719,3.88993,0,1459,91177516371
15.3206,65.2715,23.9905,0,100,59,62,680,0,0,0,6.10719,3.88993,0,1459,91277658142
15.4791,64.6033,23.6659,0,99,59,63,680,0,0,0,6.1074,3.88993,0,1344,91377809548
15.3347,65.2115,23.6659,0,99,59,63,680,0,0,0,6.1074,3.88993,0,1344,91477973246
15.3958,64.9529,23.6659,0,99,59,63,680,0,0,0,6.1074,3.88993,0,1344,91578129600
15.5536,64.2938,23.6659,0,99,59,63,680,0,0,0,6.1074,3.88993,0,1344,91678285590
15.4065,64.9078,23.6659,0,99,59,63,680,0,0,0,6.1074,3.88993,0,1344,91778452881
15.652,63.8895,23.6659,0,99,59,63,680,0,0,0,6.1074,3.88993,0,1344,91878595694
16.0838,62.1744,27.3148,0,93,61,61,680,0,0,0,6.11101,3.88993,0,1555,91978741319
15.5468,64.3218,27.3148,0,93,61,61,680,0,0,0,6.11101,3.88993,0,1555,92078881162
15.3665,65.0765,27.3148,0,93,61,61,680,0,0,0,6.11101,3.88993,0,1555,92179026787
15.4243,64.833,27.3148,0,93,61,61,680,0,0,0,6.11101,3.88993,0,1555,92279225850
15.7386,63.538,27.3148,0,93,61,61,680,0,0,0,6.11101,3.88993,0,1555,92379421787
15.3608,65.1008,25.0597,0,100,59,62,680,0,0,0,6.11103,3.88992,0,1555,92479597568
15.4627,64.6719,25.0597,0,100,59,62,680,0,0,0,6.11103,3.88992,0,1555,92579768662
15.3694,65.0642,25.0597,0,100,59,62,680,0,0,0,6.11103,3.88992,0,1555,92679931214
15.2522,65.5643,25.0597,0,100,59,62,680,0,0,0,6.11103,3.88992,0,1555,92780134495
15.3881,64.9853,25.0597,0,100,59,62,680,0,0,0,6.11103,3.88992,0,1555,92880289860
15.6299,63.9797,29.274,0,100,59,61,680,0,0,0,6.11103,3.88992,0,1459,92980448922
15.4227,64.8395,29.274,0,100,59,61,680,0,0,0,6.11103,3.88992,0,1459,93080676162
15.6967,63.7077,29.274,0,100,59,61,680,0,0,0,6.11103,3.88992,0,1459,93180880068
15.1605,65.9611,29.274,0,100,59,61,680,0,0,0,6.11103,3.88992,0,1459,93281094756
15.6948,63.7156,29.274,0,100,59,61,680,0,0,0,6.11103,3.88992,0,1459,93381801995
15.5361,64.3663,23.5154,0,100,59,62,680,0,0,0,6.11103,3.88992,0,1344,93481966318
15.212,65.7378,23.5154,0,100,59,62,680,0,0,0,6.11103,3.88992,0,1344,93582123922
15.425,64.8299,23.5154,0,100,59,62,680,0,0,0,6.11103,3.88992,0,1344,93682303662
15.0205,66.5757,23.5154,0,100,59,62,680,0,0,0,6.11103,3.88992,0,1344,93782493453
15.7604,63.4504,23.5154,0,100,59,62,680,0,0,0,6.11103,3.88992,0,1344,93882621162
15.7064,63.6682,22.4586,0,92,58,62,680,0,0,0,6.11103,3.88992,0,1171,93982748714
15.5943,64.126,22.4586,0,92,58,62,680,0,0,0,6.11103,3.88992,0,1171,94082877307
15.4454,64.7443,22.4586,0,92,58,62,680,0,0,0,6.11103,3.88992,0,1171,94183063610
15.6644,63.8389,22.4586,0,92,58,62,680,0,0,0,6.11103,3.88992,0,1171,94283241474
15.2236,65.6876,22.4586,0,92,58,62,680,0,0,0,6.11103,3.88992,0,1171,94383361943
15.4527,64.7136,24.5863,0,100,59,62,680,0,0,0,6.1109,3.88992,0,1056,94483493661
15.6523,63.8882,24.5863,0,100,59,62,680,0,0,0,6.1109,3.88992,0,1056,94583623401
15.4122,64.8837,24.5863,0,100,59,62,680,0,0,0,6.1109,3.88992,0,1056,94683748088
15.5938,64.1281,24.5863,0,100,59,62,680,0,0,0,6.1109,3.88992,0,1056,94783875380
15.7497,63.4931,24.5863,0,100,59,62,680,0,0,0,6.1109,3.88992,0,1056,94884021370
15.5943,64.1259,24.5863,0,100,59,62,680,0,0,0,6.1109,3.88992,0,1056,94984198818
15.4475,64.7353,25.1781,0,100,59,62,680,0,0,0,6.1109,3.88992,0,1113,95084360849
15.3793,65.0224,25.1781,0,100,59,62,680,0,0,0,6.1109,3.88992,0,1113,95184632359
15.5025,64.5058,25.1781,0,100,59,62,680,0,0,0,6.1109,3.88992,0,1113,95284746057
15.4802,64.5985,25.1781,0,100,59,62,680,0,0,0,6.1109,3.88992,0,1113,95384944234
15.4382,64.7746,25.1781,0,100,59,62,680,0,0,0,6.1109,3.88992,0,1113,95485071005
15.5787,64.1902,23.4884,0,100,59,62,680,0,0,0,6.11102,3.88976,0,1286,95585186734
15.4706,64.6389,23.4884,0,100,59,62,680,0,0,0,6.11102,3.88976,0,1286,95685303557
15.3738,65.0456,23.4884,0,100,59,62,680,0,0,0,6.11102,3.88976,0,1286,95785432567
15.3203,65.2731,23.4884,0,100,59,62,680,0,0,0,6.11102,3.88976,0,1286,95885553401
15.4577,64.6927,23.4884,0,100,59,62,680,0,0,0,6.11102,3.88976,0,1286,95985681265
15.4992,64.5194,24.7113,0,99,59,63,680,0,0,0,6.11102,3.88975,0,1555,96085809390
15.3124,65.3066,24.7113,0,99,59,63,680,0,0,0,6.11102,3.88975,0,1555,96185940692
15.6477,63.907,24.7113,0,99,59,63,680,0,0,0,6.11102,3.88975,0,1555,96286093088
15.7015,63.6884,24.7113,0,99,59,63,680,0,0,0,6.11102,3.88975,0,1555,96386213921
15.5887,64.1492,24.7113,0,99,59,63,680,0,0,0,6.11102,3.88975,0,1555,96486342723
15.6277,63.9888,28.1324,0,93,61,62,680,0,0,0,6.11697,3.87689,0,1651,96586459702
15.5874,64.1545,28.1324,0,93,61,62,680,0,0,0,6.11697,3.87689,0,1651,96686575119
15.3362,65.2054,28.1324,0,93,61,62,680,0,0,0,6.11697,3.87689,0,1651,96786691942
15.2356,65.6356,28.1324,0,93,61,62,680,0,0,0,6.11697,3.87689,0,1651,96886814494
15.6552,63.8767,28.1324,0,93,61,62,680,0,0,0,6.11697,3.87689,0,1651,96986942411
15.6393,63.9416,24.714,0,100,59,63,680,0,0,0,6.12236,3.8721,0,1401,97087079077
15.575,64.2055,24.714,0,100,59,63,680,0,0,0,6.12236,3.8721,0,1401,97187198348
15.491,64.5535,24.714,0,100,59,63,680,0,0,0,6.12236,3.8721,0,1401,97287313608
15.1218,66.1296,24.714,0,100,59,63,680,0,0,0,6.12236,3.8721,0,1401,97387445535
15.4952,64.536,24.714,0,100,59,63,680,0,0,0,6.12236,3.8721,0,1401,97487582983
15.5633,64.2539,24.0654,0,100,59,63,680,0,0,0,6.12224,3.8721,0,1401,97587699754
15.4205,64.8488,24.0654,0,100,59,63,680,0,0,0,6.12224,3.8721,0,1401,97687824546
15.6277,63.9888,24.0654,0,100,59,63,680,0,0,0,6.12224,3.8721,0,1401,97787945796
15.5177,64.4426,24.0654,0,100,59,63,680,0,0,0,6.12224,3.8721,0,1401,97888062202
15.2692,65.4912,24.0654,0,100,59,63,680,0,0,0,6.12224,3.8721,0,1401,97988185483
15.5919,64.136,24.0654,0,100,59,63,680,0,0,0,6.12224,3.8721,0,1401,98088307462
15.4213,64.8454,25.1716,0,100,60,62,680,0,0,0,6.12246,3.87209,0,1344,98188435587
15.5947,64.1245,25.1716,0,100,60,62,680,0,0,0,6.12246,3.87209,0,1344,98288572618
15.5293,64.3942,25.1716,0,100,60,62,680,0,0,0,6.12246,3.87209,0,1344,98388704181
15.3822,65.0101,25.1716,0,100,60,62,680,0,0,0,6.12246,3.87209,0,1344,98488831941
15.6422,63.9296,25.1716,0,100,60,62,680,0,0,0,6.12246,3.87209,0,1344,98588960066
15.5146,64.4555,24.537,0,91,60,62,680,0,0,0,6.12247,3.87209,0,1344,98689123452
15.3887,64.9827,24.537,0,91,60,62,680,0,0,0,6.12247,3.87209,0,1344,98789256264
15.1061,66.1982,24.537,0,91,60,62,680,0,0,0,6.12247,3.87209,0,1344,98889379806
15.5043,64.4984,24.537,0,91,60,62,680,0,0,0,6.12247,3.87209,0,1344,98989878556
15.4398,64.7676,24.537,0,91,60,62,680,0,0,0,6.12247,3.87209,0,1344,99089998556
15.5203,64.4317,23.8771,0,100,60,62,680,0,0,0,6.12225,3.87208,0,1344,99190122931
15.3432,65.1756,23.8771,0,100,60,62,680,0,0,0,6.12225,3.87208,0,1344,99290254233
15.3696,65.0634,23.8771,0,100,60,62,680,0,0,0,6.12225,3.87208,0,1344,99390392826
15.3516,65.1396,23.8771,0,100,60,62,680,0,0,0,6.12225,3.87208,0,1344,99490513920
15.3446,65.1697,23.8771,0,100,60,62,680,0,0,0,6.12225,3.87208,0,1344,99590635795
15.362,65.0956,26.2791,0,98,59,62,680,0,0,0,6.12271,3.87208,0,1401,99690757514
15.5891,64.1473,26.2791,0,98,59,62,680,0,0,0,6.12271,3.87208,0,1401,99790872982
15.7134,63.64,26.2791,0,98,59,62,680,0,0,0,6.12271,3.87208,0,1401,99891423399
15.3496,65.1483,26.2791,0,98,59,62,680,0,0,0,6.12271,3.87208,0,1401,99991572826
15.2094,65.7487,26.2791,0,98,59,62,680,0,0,0,6.12271,3.87208,0,1401,100091737982
15.3,65.3597,23.7209,0,100,59,62,680,0,0,0,6.12271,3.87208,0,1228,100191871993
15.3764,65.0347,23.7209,0,100,59,62,680,0,0,0,6.12271,3.87208,0,1228,100292005847
15.5703,64.2246,23.7209,0,100,59,62,680,0,0,0,6.12271,3.87208,0,1228,100392172618
15.2716,65.4809,23.7209,0,100,59,62,680,0,0,0,6.12271,3.87208,0,1228,100492311472
15.522,64.4246,23.7209,0,100,59,62,680,0,0,0,6.12271,3.87208,0,1228,100592446784
15.3991,64.939,25.2955,0,100,60,63,680,0,0,0,6.12313,3.87208,0,1344,100692597201
15.099,66.2296,25.2955,0,100,60,63,680,0,0,0,6.12313,3.87208,0,1344,100792748034
15.5773,64.1961,25.2955,0,100,60,63,680,0,0,0,6.12313,3.87208,0,1344,100892904857
15.45,64.7251,25.2955,0,100,60,63,680,0,0,0,6.12313,3.87208,0,1344,100993035013
15.5383,64.3572,25.2955,0,100,60,63,680,0,0,0,6.12313,3.87208,0,1344,101093176367
15.2299,65.6601,25.7009,0,100,60,63,680,0,0,0,6.12318,3.87206,0,1459,101193340273
15.6534,63.884,25.7009,0,100,60,63,680,0,0,0,6.12318,3.87206,0,1459,101293443034
15.5646,64.2484,25.7009,0,100,60,63,680,0,0,0,6.12318,3.87206,0,1459,101393565742
15.5363,64.3654,25.7009,0,100,60,63,680,0,0,0,6.12318,3.87206,0,1459,101493681784
15.3388,65.1942,25.7009,0,100,60,63,680,0,0,0,6.12318,3.87206,0,1459,101593790117
15.4443,64.749,25.7009,0,100,60,63,680,0,0,0,6.12318,3.87206,0,1459,101693906888
15.3865,64.9919,24.6479,0,99,59,63,680,0,0,0,6.1232,3.87206,0,1017,101794045534
15.5884,64.1505,24.6479,0,99,59,63,680,0,0,0,6.1232,3.87206,0,1017,101894192877
15.5974,64.1131,24.6479,0,99,59,63,680,0,0,0,6.1232,3.87206,0,1017,101994355065
15.6918,63.7277,24.6479,0,99,59,63,680,0,0,0,6.1232,3.87206,0,1017,102094527044
15.4312,64.8036,24.6479,0,99,59,63,680,0,0,0,6.1232,3.87206,0,1017,102194709023
15.2492,65.5774,28.2353,0,93,60,63,680,0,0,0,6.12342,3.87205,0,1344,102294840846
15.6122,64.0524,28.2353,0,93,60,63,680,0,0,0,6.12342,3.87205,0,1344,102394974283
15.5563,64.2824,28.2353,0,93,60,63,680,0,0,0,6.12342,3.87205,0,1344,102495171002
15.6008,64.0993,28.2353,0,93,60,63,680,0,0,0,6.12342,3.87205,0,1344,102595290846
15.735,63.5525,28.2353,0,93,60,63,680,0,0,0,6.12342,3.87205,0,1344,102695412721
15.4749,64.6206,26.6355,0,100,60,62,680,0,0,0,6.12341,3.87205,0,1344,102795482252
15.802,63.2831,26.6355,0,100,60,62,680,0,0,0,6.12341,3.87205,0,1344,102895628919
15.4561,64.6995,26.6355,0,100,60,62,680,0,0,0,6.12341,3.87205,0,1344,102995738867
15.5591,64.2712,26.6355,0,100,60,62,680,0,0,0,6.12341,3.87205,0,1344,103095875585
15.321,65.2701,26.6355,0,100,60,62,680,0,0,0,6.12341,3.87205,0,1344,103195963971
15.5223,64.4235,26.5589,0,100,60,62,680,0,0,0,6.12319,3.87205,0,1459,103296120533
15.7429,63.5206,26.5589,0,100,60,62,680,0,0,0,6.12319,3.87205,0,1459,103396273971
15.2538,65.5576,26.5589,0,100,60,62,680,0,0,0,6.12319,3.87205,0,1459,103496447877
15.4919,64.5498,26.5589,0,100,60,62,680,0,0,0,6.12319,3.87205,0,1459,103596610637
15.2867,65.4162,26.5589,0,100,60,62,680,0,0,0,6.12319,3.87205,0,1459,103696748658
15.1646,65.9429,31.2354,0,99,61,63,680,0,0,0,6.12035,3.87205,0,1459,103796939127
15.614,64.0451,31.2354,0,99,61,63,680,0,0,0,6.12035,3.87205,0,1459,103897088970
15.2681,65.496,31.2354,0,99,61,63,680,0,0,0,6.12035,3.87205,0,1459,103997264543
15.6157,64.038,31.2354,0,99,61,63,680,0,0,0,6.12035,3.87205,0,1459,104097461262
15.5307,64.3886,31.2354,0,99,61,63,680,0,0,0,6.12035,3.87205,0,1459,104197628554
15.1622,65.9537,29.3427,0,93,61,63,680,0,0,0,6.11819,3.87205,0,1555,104297831835
15.7047,63.6752,29.3427,0,93,61,63,680,0,0,0,6.11819,3.87205,0,1555,104398001991
15.5666,64.2403,29.3427,0,93,61,63,680,0,0,0,6.11819,3.87205,0,1555,104498167616
15.5722,64.217,29.3427,0,93,61,63,680,0,0,0,6.11819,3.87205,0,1555,104598331470
15.2566,65.5456,29.3427,0,93,61,63,680,0,0,0,6.11819,3.87205,0,1555,104698494699
15.3949,64.9567,29.3427,0,93,61,63,680,0,0,0,6.11819,3.87205,0,1555,104798657564
15.6426,63.9279,30.445,0,100,60,63,680,0,0,0,6.12843,3.87197,0,1920,104898834126
15.467,64.654,30.445,0,100,60,63,680,0,0,0,6.12843,3.87197,0,1920,104998987251
15.5915,64.1377,30.445,0,100,60,63,680,0,0,0,6.12843,3.87197,0,1920,105099197199
15.3719,65.0538,30.445,0,100,60,63,680,0,0,0,6.12843,3.87197,0,1920,105199374751
15.5364,64.3651,30.445,0,100,60,63,680,0,0,0,6.12843,3.87197,0,1920,105299494543
15.1868,65.8465,24.1218,0,100,60,63,680,0,0,0,6.12856,3.87194,0,1555,105399655584
15.6022,64.0937,24.1218,0,100,60,63,680,0,0,0,6.12856,3.87194,0,1555,105499775793
15.7329,63.5611,24.1218,0,100,60,63,680,0,0,0,6.12856,3.87194,0,1555,105599911678
15.4653,64.6611,24.1218,0,100,60,63,680,0,0,0,6.12856,3.87194,0,1555,105700037303
15.2128,65.734,24.1218,0,100,60,63,680,0,0,0,6.12856,3.87194,0,1555,105800171105
15.3727,65.0503,25.9861,0,99,60,64,680,0,0,0,6.12842,3.87194,0,1555,105900311365
15.1876,65.8433,25.9861,0,99,60,64,680,0,0,0,6.12842,3.87194,0,1555,106000453865
15.5486,64.3145,25.9861,0,99,60,64,680,0,0,0,6.12842,3.87194,0,1555,106100575324
16.138,61.9655,25.9861,0,99,60,64,680,0,0,0,6.12842,3.87194,0,1555,106200730167
15.1811,65.8712,25.9861,0,99,60,64,680,0,0,0,6.12842,3.87194,0,1555,106300854282
15.4258,64.8265,25.0591,0,93,60,63,680,0,0,0,6.12833,3.87194,0,1459,106400999542
15.6109,64.0578,25.0591,0,93,60,63,680,0,0,0,6.12833,3.87194,0,1459,106501129855
15.0354,66.5095,25.0591,0,93,60,63,680,0,0,0,6.12833,3.87194,0,1459,106601250584
15.4365,64.7815,25.0591,0,93,60,63,680,0,0,0,6.12833,3.87194,0,1459,106701357251
15.2067,65.7604,25.0591,0,93,60,63,680,0,0,0,6.12833,3.87194,0,1459,106801482094
15.8104,63.2493,25.5869,0,100,61,63,680,0,0,0,6.12881,3.8692,0,1555,106901605896
15.3864,64.9927,25.5869,0,100,61,63,680,0,0,0,6.12881,3.8692,0,1555,107001727615
15.4496,64.7267,25.5869,0,100,61,63,680,0,0,0,6.12881,3.8692,0,1555,107101845636
15.4459,64.7422,25.5869,0,100,61,63,680,0,0,0,6.12881,3.8692,0,1555,107201976677
15.742,63.5243,25.5869,0,100,61,63,680,0,0,0,6.12881,3.8692,0,1555,107302102563
15.5048,64.4964,25.5869,0,100,61,63,680,0,0,0,6.12881,3.8692,0,1555,107402231209
15.2162,65.7193,26.1072,0,99,61,63,680,0,0,0,6.12799,3.8692,0,1555,107502328448
15.5176,64.4428,26.1072,0,99,61,63,680,0,0,0,6.12799,3.8692,0,1555,107602460479
15.0892,66.2727,26.1072,0,99,61,63,680,0,0,0,6.12799,3.8692,0,1555,107702581052
15.1611,65.9583,26.1072,0,99,61,63,680,0,0,0,6.12799,3.8692,0,1555,107802710583
15.5315,64.3851,26.1072,0,99,61,63,680,0,0,0,6.12799,3.8692,0,1555,107902872719
15.6316,63.9731,24.5327,0,93,60,63,680,0,0,0,6.12753,3.8692,0,1344,108003033813
15.5738,64.2104,24.5327,0,93,60,63,680,0,0,0,6.12753,3.8692,0,1344,108103205219
15.2104,65.7444,24.5327,0,93,60,63,680,0,0,0,6.12753,3.8692,0,1344,108203400375
15.1837,65.8603,24.5327,0,93,60,63,680,0,0,0,6.12753,3.8692,0,1344,108303591260
15.2534,65.559,24.5327,0,93,60,63,680,0,0,0,6.12753,3.8692,0,1344,108403817719
15.4207,64.848,23.2227,0,100,60,63,680,0,0,0,6.1282,3.86919,0,1344,108503992042
15.4959,64.5333,23.2227,0,100,60,63,680,0,0,0,6.1282,3.86919,0,1344,108604152771
15.6612,63.8522,23.2227,0,100,60,63,680,0,0,0,6.1282,3.86919,0,1344,108704266625
15.4937,64.5422,23.2227,0,100,60,63,680,0,0,0,6.1282,3.86919,0,1344,108804369646
15.5799,64.1853,23.2227,0,100,60,63,680,0,0,0,6.1282,3.86919,0,1344,108904489229
15.3761,65.0361,25.3521,0,100,61,63,680,0,0,0,6.1282,3.86919,0,1555,109004673552
15.2986,65.3654,25.3521,0,100,61,63,680,0,0,0,6.1282,3.86919,0,1555,109104844073
15.3976,64.9451,25.3521,0,100,61,63,680,0,0,0,6.1282,3.86919,0,1555,109204971416
15.6177,64.03,25.3521,0,100,61,63,680,0,0,0,6.1282,3.86919,0,1555,109305096572
15.5274,64.4022,25.3521,0,100,61,63,680,0,0,0,6.1282,3.86919,0,1555,109405215427
15.3009,65.3555,26.4019,0,99,61,63,680,0,0,0,6.13031,3.86702,0,1228,109505375947
15.4333,64.7948,26.4019,0,99,61,63,680,0,0,0,6.13031,3.86702,0,1228,109605493291
16.3451,61.1803,26.4019,0,99,61,63,680,0,0,0,6.13031,3.86702,0,1228,109705621989
15.571,64.2218,26.4019,0,99,61,63,680,0,0,0,6.13031,3.86702,0,1228,109806185739
15.5593,64.2701,26.4019,0,99,61,63,680,0,0,0,6.13031,3.86702,0,1228,109906296781
15.385,64.9983,26.8065,0,91,61,63,680,0,0,0,6.13141,3.86572,0,1555,110006415426
15.6518,63.8905,26.8065,0,91,61,63,680,0,0,0,6.13141,3.86572,0,1555,110106522041
15.8312,63.1663,26.8065,0,91,61,63,680,0,0,0,6.13141,3.86572,0,1555,110206636051
15.5282,64.3992,26.8065,0,91,61,63,680,0,0,0,6.13141,3.86572,0,1555,110306757666
15.8123,63.2417,26.8065,0,91,61,63,680,0,0,0,6.13141,3.86572,0,1555,110406924593
15.5506,64.3063,26.8065,0,91,61,63,680,0,0,0,6.13141,3.86572,0,1555,110507096416
15.3685,65.0681,26.8692,0,100,61,63,680,0,0,0,6.13365,3.85988,0,1555,110607286259
15.7994,63.2936,26.8692,0,100,61,63,680,0,0,0,6.13365,3.85988,0,1555,110707460634
15.531,64.3876,26.8692,0,100,61,63,680,0,0,0,6.13365,3.85988,0,1555,110807582770
15.6159,64.0374,26.8692,0,100,61,63,680,0,0,0,6.13365,3.85988,0,1555,110907756728
15.4429,64.7547,26.8692,0,100,61,63,680,0,0,0,6.13365,3.85988,0,1555,111007982457
15.1629,65.9503,26.2411,0,100,60,63,680,0,0,0,6.13391,3.85848,0,1344,111108149384
16.1484,61.9255,26.2411,0,100,60,63,680,0,0,0,6.13391,3.85848,0,1344,111208287249
15.2993,65.3624,26.2411,0,100,60,63,680,0,0,0,6.13391,3.85848,0,1344,111308472926
15.6026,64.0918,26.2411,0,100,60,63,680,0,0,0,6.13391,3.85848,0,1344,111408687353
15.6523,63.8883,26.2411,0,100,60,63,680,0,0,0,6.13391,3.85848,0,1344,111508821311
15.6005,64.1006,23.2779,0,100,61,63,680,0,0,0,6.13646,3.85627,0,2054,111608964436
15.5206,64.4307,23.2779,0,100,61,63,680,0,0,0,6.13646,3.85627,0,2054,111709139749
15.7446,63.5138,23.2779,0,100,61,63,680,0,0,0,6.13646,3.85627,0,2054,111809262249
15.5153,64.4527,23.2779,0,100,61,63,680,0,0,0,6.13646,3.85627,0,2054,111909377561
15.5533,64.295,23.2779,0,100,61,63,680,0,0,0,6.13646,3.85627,0,2054,112009499488
15.3989,64.9397,22.5882,0,99,61,64,680,0,0,0,6.13692,3.85602,0,1651,112109615426
15.2723,65.4779,22.5882,0,99,61,64,680,0,0,0,6.13692,3.85602,0,1651,112209744071
15.8506,63.0893,22.5882,0,99,61,64,680,0,0,0,6.13692,3.85602,0,1651,112309870373
15.3437,65.1734,22.5882,0,99,61,64,680,0,0,0,6.13692,3.85602,0,1651,112409988655
15.4008,64.9318,22.5882,0,99,61,64,680,0,0,0,6.13692,3.85602,0,1651,112510169436
15.3826,65.0085,20.9302,0,93,61,63,680,0,0,0,6.13702,3.85579,0,1651,112610276519
15.2761,65.4617,20.9302,0,93,61,63,680,0,0,0,6.13702,3.85579,0,1651,112710420738
15.6872,63.7462,20.9302,0,93,61,63,680,0,0,0,6.13702,3.85579,0,1651,112810568394
15.4058,64.9105,20.9302,0,93,61,63,680,0,0,0,6.13702,3.85579,0,1651,112910722873
15.4115,64.8868,20.9302,0,93,61,63,680,0,0,0,6.13702,3.85579,0,1651,113010837196
15.5553,64.2867,20.9302,0,100,60,63,680,0,0,0,6.13702,3.85579,0,1286,113110952717
15.3072,65.3288,20.9302,0,100,60,63,680,0,0,0,6.13702,3.85579,0,1286,113211066050
15.6487,63.9032,20.9302,0,100,60,63,680,0,0,0,6.13702,3.85579,0,1286,113311192404
15.4207,64.8481,20.9302,0,100,60,63,680,0,0,0,6.13702,3.85579,0,1286,113411312456
15.4146,64.8737,20.9302,0,100,60,63,680,0,0,0,6.13702,3.85579,0,1286,113511437769
15.5512,64.3036,22.0141,0,100,61,63,680,0,0,0,6.13702,3.85579,0,1459,113611788290
15.2869,65.4156,22.0141,0,100,61,63,680,0,0,0,6.13702,3.85579,0,1459,113711909696
15.2968,65.373,22.0141,0,100,61,63,680,0,0,0,6.13702,3.85579,0,1459,113812033290
15.6423,63.9291,22.0141,0,100,61,63,680,0,0,0,6.13702,3.85579,0,1459,113912202612
15.3545,65.1277,22.0141,0,100,61,63,680,0,0,0,6.13702,3.85579,0,1459,114012372039
15.5047,64.4966,22.0141,0,100,61,63,680,0,0,0,6.13702,3.85579,0,1459,114112543185
15.2872,65.4143,23.4339,0,99,60,64,680,0,0,0,6.13724,3.85579,0,1344,114212716779
15.4861,64.5739,23.4339,0,99,60,64,680,0,0,0,6.13724,3.85579,0,1344,114312890581
15.6866,63.7485,23.4339,0,99,60,64,680,0,0,0,6.13724,3.85579,0,1344,114413063602
15.5711,64.2216,23.4339,0,99,60,64,680,0,0,0,6.13724,3.85579,0,1344,114513241883
15.4024,64.9248,23.4339,0,99,60,64,680,0,0,0,6.13724,3.85579,0,1344,114613368706
15.4837,64.5842,21.729,0,93,60,63,680,0,0,0,6.13713,3.85503,0,1401,114713571518
15.1382,66.0581,21.729,0,93,60,63,680,0,0,0,6.13713,3.85503,0,1401,114813785216
15.8485,63.0975,21.729,0,93,60,63,680,0,0,0,6.13713,3.85503,0,1401,114914001466
14.5967,68.5088,21.729,0,93,60,63,680,0,0,0,6.13713,3.85503,0,1401,115014136570
15.295,65.3808,21.729,0,93,60,63,680,0,0,0,6.13713,3.85503,0,1401,115114293133
15.8578,63.0605,26.2295,0,100,60,63,680,0,0,0,6.13712,3.85503,0,1459,115214457664
15.7476,63.5018,26.2295,0,100,60,63,680,0,0,0,6.13712,3.85503,0,1459,115314617768
15.3745,65.0429,26.2295,0,100,60,63,680,0,0,0,6.13712,3.85503,0,1459,115414762976
15.4226,64.8397,26.2295,0,100,60,63,680,0,0,0,6.13712,3.85503,0,1459,115514930945
15.3794,65.0219,26.2295,0,100,60,63,680,0,0,0,6.13712,3.85503,0,1459,115615051153
15.6422,63.9298,24.1299,0,100,61,63,680,0,0,0,6.13712,3.85503,0,1344,115715175737
15.3646,65.0845,24.1299,0,100,61,63,680,0,0,0,6.13712,3.85503,0,1344,115815319539
15.2415,65.6104,24.1299,0,100,61,63,680,0,0,0,6.13712,3.85503,0,1344,115915466205
15.3713,65.0561,24.1299,0,100,61,63,680,0,0,0,6.13712,3.85503,0,1344,116015623132
15.6482,63.9051,24.1299,0,100,61,63,680,0,0,0,6.13712,3.85503,0,1344,116115778966
15.3803,65.0184,25.6471,0,100,61,63,680,0,0,0,6.14127,3.85503,0,1555,116215922612
15.7211,63.6089,25.6471,0,100,61,63,680,0,0,0,6.14127,3.85503,0,1555,116316061101
15.8433,63.1181,25.6471,0,100,61,63,680,0,0,0,6.14127,3.85503,0,1555,116416208184
15.9741,62.6012,25.6471,0,100,61,63,680,0,0,0,6.14127,3.85503,0,1555,116516352716
15.7106,63.6511,25.6471,0,100,61,63,680,0,0,0,6.14127,3.85503,0,1555,116616485788
15.5892,64.1469,23.9337,0,91,61,63,680,0,0,0,6.14151,3.85503,0,1344,116716620424
15.3557,65.1226,23.9337,0,91,61,63,680,0,0,0,6.14151,3.85503,0,1344,116816739382
15.3219,65.2662,23.9337,0,91,61,63,680,0,0,0,6.14151,3.85503,0,1344,116916857768
15.4503,64.7235,23.9337,0,91,61,63,680,0,0,0,6.14151,3.85503,0,1344,117016965476
15.4523,64.7153,23.9337,0,91,61,63,680,0,0,0,6.14151,3.85503,0,1344,117117091934
15.0729,66.3441,23.9337,0,91,61,63,680,0,0,0,6.14151,3.85503,0,1344,117217219538
15.6109,64.0578,21.6152,0,100,61,63,680,0,0,0,6.14151,3.85503,0,1344,117317342142
15.4386,64.7727,21.6152,0,100,61,63,680,0,0,0,6.14151,3.85503,0,1344,117417460580
15.4022,64.9259,21.6152,0,100,61,63,680,0,0,0,6.14151,3.85503,0,1344,117517593080
15.3296,65.2334,21.6152,0,100,61,63,680,0,0,0,6.14151,3.85503,0,1344,117617715736
15.3716,65.0549,21.6152,0,100,61,63,680,0,0,0,6.14151,3.85503,0,1344,117717854538
15.4596,64.6845,25.6944,0,100,60,63,680,0,0,0,6.14172,3.85503,0,902,117817990267
15.565,64.2466,25.6944,0,100,60,63,680,0,0,0,6.14172,3.85503,0,902,117918129173
15.3802,65.0186,25.6944,0,100,60,63,680,0,0,0,6.14172,3.85503,0,902,118018263600
15.5395,64.3523,25.6944,0,100,60,63,680,0,0,0,6.14172,3.85503,0,902,118118481361
15.8283,63.1781,25.6944,0,100,60,63,680,0,0,0,6.14172,3.85503,0,902,118218671725
15.1809,65.872,25.6471,0,100,60,64,680,0,0,0,6.14923,3.855,0,1286,118318902767
15.5334,64.3774,25.6471,0,100,60,64,680,0,0,0,6.14923,3.855,0,1286,118419119902
15.4537,64.7094,25.6471,0,100,60,64,680,0,0,0,6.14923,3.855,0,1286,118519235006
15.3369,65.202,25.6471,0,100,60,64,680,0,0,0,6.14923,3.855,0,1286,118619358861
15.3535,65.1317,25.6471,0,100,60,64,680,0,0,0,6.14923,3.855,0,1286,118719475111
15.6887,63.7403,26.2295,0,100,60,63,680,0,0,0,6.14923,3.855,0,1344,118819594486
15.5654,64.2451,26.2295,0,100,60,63,680,0,0,0,6.14923,3.855,0,1344,118919728756
15.2676,65.4982,26.2295,0,100,60,63,680,0,0,0,6.14923,3.855,0,1344,119019886048
15.5489,64.3134,26.2295,0,100,60,63,680,0,0,0,6.14923,3.855,0,1344,119120020787
15.3088,65.322,26.2295,0,100,60,63,680,0,0,0,6.14923,3.855,0,1344,119220256360
15.3408,65.1855,25.8741,0,93,61,64,680,0,0,0,6.14923,3.85474,0,1555,119320386829
15.2837,65.4291,25.8741,0,93,61,64,680,0,0,0,6.14923,3.85474,0,1555,119420528600
15.4098,64.8939,25.8741,0,93,61,64,680,0,0,0,6.14923,3.85474,0,1555,119520659485
15.3993,64.938,25.8741,0,93,61,64,680,0,0,0,6.14923,3.85474,0,1555,119620789329
15.3675,65.0724,25.8741,0,93,61,64,680,0,0,0,6.14923,3.85474,0,1555,119720968183
15.3052,65.3373,28.2407,0,100,61,63,680,0,0,0,6.14923,3.85473,0,1555,119823504225
15.3716,65.0551,28.2407,0,100,61,63,680,0,0,0,6.14923,3.85473,0,1555,119923715943
15.6741,63.7993,28.2407,0,100,61,63,680,0,0,0,6.14923,3.85473,0,1555,120023843235
15.669,63.8202,28.2407,0,100,61,63,680,0,0,0,6.14923,3.85473,0,1555,120123983183
15.8054,63.2695,28.2407,0,100,61,63,680,0,0,0,6.14923,3.85473,0,1555,120224143495
15.2778,65.4545,28.2407,0,100,61,63,680,0,0,0,6.14923,3.85473,0,1555,120324264537
15.5008,64.5127,24.3499,0,100,61,63,680,0,0,0,6.14923,3.85473,0,1459,120424407558
15.4941,64.5407,24.3499,0,100,61,63,680,0,0,0,6.14923,3.85473,0,1459,120524571152
14.9845,66.7358,24.3499,0,100,61,63,680,0,0,0,6.14923,3.85473,0,1459,120624744641
15.5659,64.243,24.3499,0,100,61,63,680,0,0,0,6.14923,3.85473,0,1459,120724918808
15.5031,64.5032,24.3499,0,100,61,63,680,0,0,0,6.14923,3.85473,0,1459,120825084016
15.2818,65.4372,26.2791,0,100,61,64,680,0,0,0,6.14923,3.85473,0,1228,120925273547
15.6742,63.799,26.2791,0,100,61,64,680,0,0,0,6.14923,3.85473,0,1228,121025455370
15.0835,66.2975,26.2791,0,100,61,64,680,0,0,0,6.14923,3.85473,0,1228,121125713651
15.4948,64.5378,26.2791,0,100,61,64,680,0,0,0,6.14923,3.85473,0,1228,121225875058
15.5553,64.2866,26.2791,0,100,61,64,680,0,0,0,6.14923,3.85473,0,1228,121326037766
15.274,65.4706,20.9412,0,91,61,63,680,0,0,0,6.14944,3.85464,0,1344,121426196932
15.3358,65.2069,20.9412,0,91,61,63,680,0,0,0,6.14944,3.85464,0,1344,121526468287
15.5593,64.2702,20.9412,0,91,61,63,680,0,0,0,6.14944,3.85464,0,1344,121626623078
15.6598,63.8577,20.9412,0,91,61,63,680,0,0,0,6.14944,3.85464,0,1344,121726754693
15.7172,63.6244,20.9412,0,91,61,63,680,0,0,0,6.14944,3.85464,0,1344,121826908651
15.3714,65.056,25.1163,0,100,61,63,680,0,0,0,6.14944,3.85464,0,1555,121927057453
15.4088,64.8982,25.1163,0,100,61,63,680,0,0,0,6.14944,3.85464,0,1555,122027196307
15.6058,64.0789,25.1163,0,100,61,63,680,0,0,0,6.14944,3.85464,0,1555,122127341203
15.5697,64.2274,25.1163,0,100,61,63,680,0,0,0,6.14944,3.85464,0,1555,122227491099
15.3155,65.2933,25.1163,0,100,61,63,680,0,0,0,6.14944,3.85464,0,1555,122327673026
15.3979,64.9441,25.2358,0,100,61,64,680,0,0,0,6.14944,3.85463,0,1344,122427848547
15.4871,64.5699,25.2358,0,100,61,64,680,0,0,0,6.14944,3.85463,0,1344,122528011984
15.3393,65.1918,25.2358,0,100,61,64,680,0,0,0,6.14944,3.85463,0,1344,122628149797
15.509,64.4785,25.2358,0,100,61,64,680,0,0,0,6.14944,3.85463,0,1344,122728274588
15.7325,63.5628,25.2358,0,100,61,64,680,0,0,0,6.14944,3.85463,0,1344,122828433599
15.6196,64.0222,23.3645,0,100,61,64,680,0,0,0,6.14944,3.85458,0,1555,122928586880
15.6994,63.6969,23.3645,0,100,61,64,680,0,0,0,6.14944,3.85458,0,1555,123028739015
15.6005,64.1005,23.3645,0,100,61,64,680,0,0,0,6.14944,3.85458,0,1555,123128869692
15.2026,65.7784,23.3645,0,100,61,64,680,0,0,0,6.14944,3.85458,0,1555,123228991098
15.3398,65.1898,23.3645,0,100,61,64,680,0,0,0,6.14944,3.85458,0,1555,123329122557
15.7665,63.4258,23.3645,0,100,61,64,680,0,0,0,6.14944,3.85458,0,1555,123429246671
14.716,67.9533,23.5023,0,100,61,64,680,0,0,0,6.14968,3.85458,0,1555,123529363494
15.5302,64.3907,23.5023,0,100,61,64,680,0,0,0,6.14968,3.85458,0,1555,123629484275
15.3988,64.9403,23.5023,0,100,61,64,680,0,0,0,6.14968,3.85458,0,1555,123729636254
15.7429,63.5207,23.5023,0,100,61,64,680,0,0,0,6.14968,3.85458,0,1555,123829817452
15.3805,65.0172,23.5023,0,100,61,64,680,0,0,0,6.14968,3.85458,0,1555,123929930213
15.653,63.8854,29.1667,0,91,61,64,680,0,0,0,6.14963,3.85458,0,1459,124030053546
15.7016,63.688,29.1667,0,91,61,64,680,0,0,0,6.14963,3.85458,0,1459,124130192921
15.4315,64.8027,29.1667,0,91,61,64,680,0,0,0,6.14963,3.85458,0,1459,124230332400
15.402,64.9267,29.1667,0,91,61,64,680,0,0,0,6.14963,3.85458,0,1459,124330458338
15.7882,63.3385,29.1667,0,91,61,64,680,0,0,0,6.14963,3.85458,0,1459,124430988910
15.527,64.4039,21.3429,0,100,61,63,680,0,0,0,6.14963,3.85458,0,1286,124531163285
15.6572,63.8684,21.3429,0,100,61,63,680,0,0,0,6.14963,3.85458,0,1286,124631294952
15.7204,63.6118,21.3429,0,100,61,63,680,0,0,0,6.14963,3.85458,0,1286,124731429744
15.3446,65.1694,21.3429,0,100,61,63,680,0,0,0,6.14963,3.85458,0,1286,124831581150
15.6757,63.793,21.3429,0,100,61,63,680,0,0,0,6.14963,3.85458,0,1286,124931742869
15.4784,64.6061,25.537,0,100,62,64,680,0,0,0,6.14963,3.85458,0,1459,125031912087
15.8974,62.9033,25.537,0,100,62,64,680,0,0,0,6.14963,3.85458,0,1459,125132071671
15.7325,63.5626,25.537,0,100,62,64,680,0,0,0,6.14963,3.85458,0,1459,125232318910
15.7692,63.4148,25.537,0,100,62,64,680,0,0,0,6.14963,3.85458,0,1459,125332474691
15.7084,63.6602,25.537,0,100,62,64,680,0,0,0,6.14963,3.85458,0,1459,125432621879
15.6712,63.8114,25.7757,0,100,61,63,680,0,0,0,6.14957,3.85458,0,1459,125532786983
16.0751,62.208,25.7757,0,100,61,63,680,0,0,0,6.14957,3.85458,0,1459,125632950056
15.3949,64.9567,25.7757,0,100,61,63,680,0,0,0,6.14957,3.85458,0,1459,125733090264
15.5476,64.3184,25.7757,0,100,61,63,680,0,0,0,6.14957,3.85458,0,1459,125833253285
15.8076,63.2607,25.7757,0,100,61,63,680,0,0,0,6.14957,3.85458,0,1459,125933381774
15.5068,64.4879,25.2381,0,100,61,64,680,0,0,0,6.14957,3.85457,0,1344,126033525889
15.7813,63.3663,25.2381,0,100,61,64,680,0,0,0,6.14957,3.85457,0,1344,126133684170
15.5566,64.2812,25.2381,0,100,61,64,680,0,0,0,6.14957,3.85457,0,1344,126233841774
15.7634,63.4382,25.2381,0,100,61,64,680,0,0,0,6.14957,3.85457,0,1344,126333949222
15.7255,63.5909,25.2381,0,100,61,64,680,0,0,0,6.14957,3.85457,0,1344,126434115941
15.7584,63.4582,28.4689,0,100,61,65,680,0,0,0,6.14978,3.85457,0,1555,126534277087
15.7364,63.5471,28.4689,0,100,61,65,680,0,0,0,6.14978,3.85457,0,1555,126634430055
15.6777,63.7848,28.4689,0,100,61,65,680,0,0,0,6.14978,3.85457,0,1555,126734557139
15.8056,63.2687,28.4689,0,100,61,65,680,0,0,0,6.14978,3.85457,0,1555,126834707816
15.4999,64.5166,28.4689,0,100,61,65,680,0,0,0,6.14978,3.85457,0,1555,126934879274
15.4932,64.5443,24.7642,0,92,61,64,680,0,0,0,6.14978,3.85457,0,1459,127035021566
15.8492,63.0946,24.7642,0,92,61,64,680,0,0,0,6.14978,3.85457,0,1459,127135167764
15.4696,64.6428,24.7642,0,92,61,64,680,0,0,0,6.14978,3.85457,0,1459,127235315941
15.6467,63.9114,24.7642,0,92,61,64,680,0,0,0,6.14978,3.85457,0,1459,127335463753
15.4684,64.6478,24.7642,0,92,61,64,680,0,0,0,6.14978,3.85457,0,1459,127435600107
15.7121,63.6453,25.0585,0,100,61,64,680,0,0,0,6.14978,3.85457,0,1555,127535750784
15.5488,64.3137,25.0585,0,100,61,64,680,0,0,0,6.14978,3.85457,0,1555,127635880732
16.1103,62.072,25.0585,0,100,61,64,680,0,0,0,6.14978,3.85457,0,1555,127736031513
15.5637,64.2521,25.0585,0,100,61,64,680,0,0,0,6.14978,3.85457,0,1555,127836198857
15.7567,63.4649,25.0585,0,100,61,64,680,0,0,0,6.14978,3.85457,0,1555,127936302503
15.7607,63.449,25.0585,0,100,61,64,680,0,0,0,6.14978,3.85457,0,1555,128036454274
15.6293,63.9824,24.8815,0,100,61,63,680,0,0,0,6.14978,3.85457,0,1228,128136619847
15.7853,63.3501,24.8815,0,100,61,63,680,0,0,0,6.14978,3.85457,0,1228,128236806722
15.5193,64.4357,24.8815,0,100,61,63,680,0,0,0,6.14978,3.85457,0,1228,128337352763
16.0269,62.3951,24.8815,0,100,61,63,680,0,0,0,6.14978,3.85457,0,1228,128437528024
15.5302,64.3906,24.8815,0,100,61,63,680,0,0,0,6.14978,3.85457,0,1228,128537654221
15.6368,63.9516,26.0047,0,100,61,64,680,0,0,0,6.14978,3.85457,0,1344,128637804794
15.5361,64.3664,26.0047,0,100,61,64,680,0,0,0,6.14978,3.85457,0,1344,128737943596
15.6391,63.9422,26.0047,0,100,61,64,680,0,0,0,6.14978,3.85457,0,1344,128838075732
15.2863,65.4181,26.0047,0,100,61,64,680,0,0,0,6.14978,3.85457,0,1344,128938234898
15.7752,63.3906,26.0047,0,100,61,64,680,0,0,0,6.14978,3.85457,0,1344,129038426513
15.6018,64.0953,22.1957,0,100,60,64,680,0,0,0,6.14978,3.85456,0,1056,129138613075
15.6301,63.9792,22.1957,0,100,60,64,680,0,0,0,6.14978,3.85456,0,1056,129238786825
15.5636,64.2526,22.1957,0,100,60,64,680,0,0,0,6.14978,3.85456,0,1056,129338935523
15.1455,66.0262,22.1957,0,100,60,64,680,0,0,0,6.14978,3.85456,0,1056,129439102450
15.7194,63.6156,22.1957,0,100,60,64,680,0,0,0,6.14978,3.85456,0,1056,129539268284
15.7846,63.3528,31.1164,0,100,63,64,680,0,0,0,6.14978,3.85456,0,1555,129639428492
15.6109,64.0576,31.1164,0,100,63,64,680,0,0,0,6.14978,3.85456,0,1555,129739563544
15.6137,64.0461,31.1164,0,100,63,64,680,0,0,0,6.14978,3.85456,0,1555,129839703596
15.7953,63.3101,31.1164,0,100,63,64,680,0,0,0,6.14978,3.85456,0,1555,129939848856
16.001,62.496,31.1164,0,100,63,64,680,0,0,0,6.14978,3.85456,0,1555,130039989117
15.7104,63.6521,26.555,0,99,61,64,680,0,0,0,6.14978,3.85456,0,1228,130140118387
15.441,64.7628,26.555,0,99,61,64,680,0,0,0,6.14978,3.85456,0,1228,130240262762
15.8327,63.1606,26.555,0,99,61,64,680,0,0,0,6.14978,3.85456,0,1228,130340391929
15.7521,63.4836,26.555,0,99,61,64,680,0,0,0,6.14978,3.85456,0,1228,130440519481
15.6601,63.8567,26.555,0,99,61,64,680,0,0,0,6.14978,3.85456,0,1228,130540654794
15.7747,63.3928,24.6377,0,100,61,65,680,0,0,0,6.15047,3.85447,0,1228,130640781252
15.3596,65.1059,24.6377,0,100,61,65,680,0,0,0,6.15047,3.85447,0,1228,130740905835
15.147,66.0198,24.6377,0,100,61,65,680,0,0,0,6.15047,3.85447,0,1228,130841058491
15.6592,63.8603,24.6377,0,100,61,65,680,0,0,0,6.15047,3.85447,0,1228,130941194741
15.6361,63.9546,24.6377,0,100,61,65,680,0,0,0,6.15047,3.85447,0,1228,131041310991
15.5296,64.3933,30.8789,0,92,62,64,680,0,0,0,6.17009,3.85397,0,1555,131141424950
15.7687,63.4168,30.8789,0,92,62,64,680,0,0,0,6.17009,3.85397,0,1555,131241553908
15.6592,63.8601,30.8789,0,92,62,64,680,0,0,0,6.17009,3.85397,0,1555,131341709585
15.5058,64.4919,30.8789,0,92,62,64,680,0,0,0,6.17009,3.85397,0,1555,131441896564
15.4819,64.5915,30.8789,0,92,62,64,680,0,0,0,6.17009,3.85397,0,1555,131542065574
15.939,62.739,25.1799,0,100,61,64,680,0,0,0,6.17046,3.85396,0,1555,131642209064
15.6086,64.0673,25.1799,0,100,61,64,680,0,0,0,6.17046,3.85396,0,1555,131742383595
15.4627,64.6717,25.1799,0,100,61,64,680,0,0,0,6.17046,3.85396,0,1555,131842520522
15.7333,63.5593,25.1799,0,100,61,64,680,0,0,0,6.17046,3.85396,0,1555,131942656564
15.8043,63.2741,25.1799,0,100,61,64,680,0,0,0,6.17046,3.85396,0,1555,132042824428
15.9675,62.6271,29.5943,0,100,62,64,680,0,0,0,6.17046,3.85396,0,1555,132142959376
15.7571,63.4633,29.5943,0,100,62,64,680,0,0,0,6.17046,3.85396,0,1555,132243165262
15.9703,62.6162,29.5943,0,100,62,64,680,0,0,0,6.17046,3.85396,0,1555,132343323543
15.5005,64.5139,29.5943,0,100,62,64,680,0,0,0,6.17046,3.85396,0,1555,132443480105
15.7418,63.5252,29.5943,0,100,62,64,680,0,0,0,6.17046,3.85396,0,1555,132543611564
15.2423,65.6069,25.3554,0,100,61,64,680,0,0,0,6.17091,3.85396,0,1171,132643778126
16.3532,61.1502,25.3554,0,100,61,64,680,0,0,0,6.17091,3.85396,0,1171,132743889064
15.7768,63.3843,25.3554,0,100,61,64,680,0,0,0,6.17091,3.85396,0,1171,132844046251
15.4257,64.8268,25.3554,0,100,61,64,680,0,0,0,6.17091,3.85396,0,1171,132944238959
15.4985,64.5223,25.3554,0,100,61,64,680,0,0,0,6.17091,3.85396,0,1171,133044435574
15.598,64.1108,25.3554,0,100,61,64,680,0,0,0,6.17091,3.85396,0,1171,133144696095
15.744,63.5161,24.0476,0,100,61,64,680,0,0,0,6.17091,3.85396,0,1056,133244884063
15.8347,63.1526,24.0476,0,100,61,64,680,0,0,0,6.17091,3.85396,0,1056,133345073647
15.5947,64.1243,24.0476,0,100,61,64,680,0,0,0,6.17091,3.85396,0,1056,133445252865
15.8878,62.9414,24.0476,0,100,61,64,680,0,0,0,6.17091,3.85396,0,1056,133545435157
15.8356,63.149,24.0476,0,100,61,64,680,0,0,0,6.17091,3.85396,0,1056,133645671876
15.6732,63.8033,22.5653,0,100,62,64,680,0,0,0,6.17091,3.85396,0,1401,133745880261
16.2116,61.6841,22.5653,0,100,62,64,680,0,0,0,6.17091,3.85396,0,1401,133846057865
15.7204,63.6115,22.5653,0,100,62,64,680,0,0,0,6.17091,3.85396,0,1401,133946186303
15.4919,64.5499,22.5653,0,100,62,64,680,0,0,0,6.17091,3.85396,0,1401,134046362084
15.889,62.9365,22.5653,0,100,62,64,680,0,0,0,6.17091,3.85396,0,1401,134146569063
15.9415,62.7295,22.4344,0,99,61,64,680,0,0,0,6.16798,3.85396,0,1017,134246777188
15.7051,63.6736,22.4344,0,99,61,64,680,0,0,0,6.16798,3.85396,0,1017,134346928021
15.6318,63.972,22.4344,0,99,61,64,680,0,0,0,6.16798,3.85396,0,1017,134447063698
15.51,64.4744,22.4344,0,99,61,64,680,0,0,0,6.16798,3.85396,0,1017,134547187865
15.712,63.6457,22.4344,0,99,61,64,680,0,0,0,6.16798,3.85396,0,1017,134647313282
15.3771,65.0319,26.8116,0,99,62,65,680,0,0,0,6.16814,3.85389,0,1344,134747448438
15.8523,63.0825,26.8116,0,99,62,65,680,0,0,0,6.16814,3.85389,0,1344,134847564948
15.6431,63.926,26.8116,0,99,62,65,680,0,0,0,6.16814,3.85389,0,1344,134947682500
15.4805,64.5975,26.8116,0,99,62,65,680,0,0,0,6.16814,3.85389,0,1344,135047803802
15.7297,63.5741,26.8116,0,99,62,65,680,0,0,0,6.16814,3.85389,0,1344,135147919583
15.9101,62.8532,22.2749,0,92,61,64,680,0,0,0,6.16814,3.85389,0,1228,135248039115
15.4791,64.6031,22.2749,0,92,61,64,680,0,0,0,6.16814,3.85389,0,1228,135348152813
15.9255,62.7925,22.2749,0,92,61,64,680,0,0,0,6.16814,3.85389,0,1228,135448218385
15.5945,64.1251,22.2749,0,92,61,64,680,0,0,0,6.16814,3.85389,0,1228,135548335781
16.0366,62.3576,22.2749,0,92,61,64,680,0,0,0,6.16814,3.85389,0,1228,135648454844
15.7578,63.4606,21.6152,0,100,62,64,680,0,0,0,6.16814,3.85389,0,1651,135748564635
15.6024,64.0928,21.6152,0,100,62,64,680,0,0,0,6.16814,3.85389,0,1651,135848678750
15.7161,63.6291,21.6152,0,100,62,64,680,0,0,0,6.16814,3.85389,0,1651,135948792135
15.6514,63.892,21.6152,0,100,62,64,680,0,0,0,6.16814,3.85389,0,1651,136048923073
15.8558,63.0684,21.6152,0,100,62,64,680,0,0,0,6.16814,3.85389,0,1651,136149077552
15.5945,64.1251,19.6172,0,100,61,65,680,0,0,0,6.16814,3.85389,0,1401,136249192343
15.4795,64.6015,19.6172,0,100,61,65,680,0,0,0,6.16814,3.85389,0,1401,136349325208
15.5589,64.2721,19.6172,0,100,61,65,680,0,0,0,6.16814,3.85389,0,1401,136449464114
15.747,63.5042,19.6172,0,100,61,65,680,0,0,0,6.16814,3.85389,0,1401,136549602812
15.587,64.1562,19.6172,0,100,61,65,680,0,0,0,6.16814,3.85389,0,1401,136649753072
15.891,62.9285,24.0964,0,100,61,64,680,0,0,0,6.1681,3.85388,0,1017,136749906510
15.5267,64.4051,24.0964,0,100,61,64,680,0,0,0,6.1681,3.85388,0,1017,136850048177
15.8714,63.0063,24.0964,0,100,61,64,680,0,0,0,6.1681,3.85388,0,1017,136950184739
15.14,66.0504,24.0964,0,100,61,64,680,0,0,0,6.1681,3.85388,0,1017,137050322656
16.5539,60.4088,24.0964,0,100,61,64,680,0,0,0,6.1681,3.85388,0,1017,137150483437
15.685,63.7553,24.9417,0,100,61,64,680,0,0,0,6.1681,3.85388,0,1228,137250636562
15.4204,64.8491,24.9417,0,100,61,64,680,0,0,0,6.1681,3.85388,0,1228,137350778645
15.5822,64.1758,24.9417,0,100,61,64,680,0,0,0,6.1681,3.85388,0,1228,137450942031
15.3753,65.0395,24.9417,0,100,61,64,680,0,0,0,6.1681,3.85388,0,1228,137551159010
15.5055,64.4933,24.9417,0,100,61,64,680,0,0,0,6.1681,3.85388,0,1228,137651309739
15.8401,63.1311,27.619,0,99,62,64,680,0,0,0,6.1681,3.85388,0,1459,137751478332
15.4253,64.8285,27.619,0,99,62,64,680,0,0,0,6.1681,3.85388,0,1459,137851639895
15.5731,64.2134,27.619,0,99,62,64,680,0,0,0,6.1681,3.85388,0,1459,137951814426
15.7814,63.3657,27.619,0,99,62,64,680,0,0,0,6.1681,3.85388,0,1459,138051977082
15.8557,63.0688,27.619,0,99,62,64,680,0,0,0,6.1681,3.85388,0,1459,138152093957
15.6168,64.0338,24.2925,0,100,61,65,680,0,0,0,6.1681,3.85388,0,1113,138252219478
15.892,62.9247,24.2925,0,100,61,65,680,0,0,0,6.1681,3.85388,0,1113,138352327603
15.6751,63.7955,24.2925,0,100,61,65,680,0,0,0,6.1681,3.85388,0,1113,138452443593
15.6824,63.7657,24.2925,0,100,61,65,680,0,0,0,6.1681,3.85388,0,1113,138552573436
15.8685,63.0178,24.2925,0,100,61,65,680,0,0,0,6.1681,3.85388,0,1113,138652725155
16.0657,62.2444,24.2925,0,100,61,65,680,0,0,0,6.1681,3.85388,0,1113,138752854165
15.5648,64.2476,27.6442,0,99,62,65,680,0,0,0,6.16823,3.85388,0,1459,138852996613
15.6899,63.7355,27.6442,0,99,62,65,680,0,0,0,6.16823,3.85388,0,1459,138953156249
15.6305,63.9774,27.6442,0,99,62,65,680,0,0,0,6.16823,3.85388,0,1459,139053280363
17.0209,58.7514,27.6442,0,99,62,65,680,0,0,0,6.16823,3.85388,0,1459,139153402655
15.6902,63.7342,27.6442,0,99,62,65,680,0,0,0,6.16823,3.85388,0,1459,139253554738
15.6939,63.7189,27.2727,0,91,62,64,680,0,0,0,6.16823,3.85388,0,1555,139353698696
15.5985,64.1089,27.2727,0,91,62,64,680,0,0,0,6.16823,3.85388,0,1555,139453850415
15.8149,63.2317,27.2727,0,91,62,64,680,0,0,0,6.16823,3.85388,0,1555,139553970467
15.7777,63.3808,27.2727,0,91,62,64,680,0,0,0,6.16823,3.85388,0,1555,139654121457
15.762,63.4439,27.2727,0,91,62,64,680,0,0,0,6.16823,3.85388,0,1555,139754283592
15.9267,62.7877,26.0143,0,100,62,65,680,0,0,0,6.16823,3.85388,0,1459,139854434269
15.7675,63.4216,26.0143,0,100,62,65,680,0,0,0,6.16823,3.85388,0,1459,139954595988
15.6941,63.718,26.0143,0,100,62,65,680,0,0,0,6.16823,3.85388,0,1459,140054724269
15.3968,64.9484,26.0143,0,100,62,65,680,0,0,0,6.16823,3.85388,0,1459,140154858436
15.8155,63.229,26.0143,0,100,62,65,680,0,0,0,6.16823,3.85388,0,1459,140254984113
15.6754,63.7941,21.6867,0,99,61,65,680,0,0,0,6.16823,3.85388,0,1171,140355128331
15.4262,64.8247,21.6867,0,99,61,65,680,0,0,0,6.16823,3.85388,0,1171,140455232394
15.7077,63.6632,21.6867,0,99,61,65,680,0,0,0,6.16823,3.85388,0,1171,140555725727
15.6334,63.9656,21.6867,0,99,61,65,680,0,0,0,6.16823,3.85388,0,1171,140655857967
15.7617,63.4448,21.6867,0,99,61,65,680,0,0,0,6.16823,3.85388,0,1171,140755973644
15.8957,62.9101,26.4563,0,100,63,65,680,0,0,0,6.16814,3.85387,0,1555,140856150727
15.7911,63.3269,26.4563,0,100,63,65,680,0,0,0,6.16814,3.85387,0,1555,140956321665
15.139,66.0544,26.4563,0,100,63,65,680,0,0,0,6.16814,3.85387,0,1555,141056486144
16.1762,61.8193,26.4563,0,100,63,65,680,0,0,0,6.16814,3.85387,0,1555,141156601196
15.6305,63.9773,26.4563,0,100,63,65,680,0,0,0,6.16814,3.85387,0,1555,141256735831
15.7847,63.3523,24.5823,0,99,63,65,680,0,0,0,6.16838,3.85352,0,1555,141356850987
15.7154,63.632,24.5823,0,99,63,65,680,0,0,0,6.16838,3.85352,0,1555,141456998383
15.8727,63.0013,24.5823,0,99,63,65,680,0,0,0,6.16838,3.85352,0,1555,141557120206
15.6259,63.9962,24.5823,0,99,63,65,680,0,0,0,6.16838,3.85352,0,1555,141657240102
15.2081,65.7545,24.5823,0,99,63,65,680,0,0,0,6.16838,3.85352,0,1555,141757350623
16.522,60.5253,28.0193,0,91,63,65,680,0,0,0,6.16838,3.8535,0,1555,141857484841
15.614,64.0452,28.0193,0,91,63,65,680,0,0,0,6.16838,3.8535,0,1555,141957636352
15.3213,65.2686,28.0193,0,91,63,65,680,0,0,0,6.16838,3.8535,0,1555,142057770622
15.5893,64.1466,28.0193,0,91,63,65,680,0,0,0,6.16838,3.8535,0,1555,142157939737
15.8926,62.9223,28.0193,0,91,63,65,680,0,0,0,6.16838,3.8535,0,1555,142258109164
15.8956,62.9106,30.3318,0,100,63,65,680,0,0,0,6.16832,3.8535,0,1459,142358281977
15.823,63.1993,30.3318,0,100,63,65,680,0,0,0,6.16832,3.8535,0,1459,142458448435
15.7836,63.3568,30.3318,0,100,63,65,680,0,0,0,6.16832,3.8535,0,1459,142558627029
15.83,63.1711,30.3318,0,100,63,65,680,0,0,0,6.16832,3.8535,0,1459,142658797601
15.4999,64.5167,30.3318,0,100,63,65,680,0,0,0,6.16832,3.8535,0,1459,142758913643
15.747,63.5041,25.7282,0,100,61,65,680,0,0,0,6.16832,3.8535,0,1228,142859057497
15.7943,63.3141,25.7282,0,100,61,65,680,0,0,0,6.16832,3.8535,0,1228,142959205310
15.3407,65.186,25.7282,0,100,61,65,680,0,0,0,6.16832,3.8535,0,1228,143059442028
15.8368,63.1442,25.7282,0,100,61,65,680,0,0,0,6.16832,3.8535,0,1228,143159616768
15.611,64.0575,25.7282,0,100,61,65,680,0,0,0,6.16832,3.8535,0,1228,143259764685
16.0083,62.4675,25.537,0,100,62,65,680,0,0,0,6.16793,3.8535,0,1344,143359910622
15.9334,62.7612,25.537,0,100,62,65,680,0,0,0,6.16793,3.8535,0,1344,143460054476
15.9334,62.7612,25.537,0,100,62,65,680,0,0,0,6.16793,3.8535,0,1344,143560230205
15.7588,63.4567,25.537,0,100,62,65,680,0,0,0,6.16793,3.8535,0,1344,143660434841
15.7838,63.356,25.537,0,100,62,65,680,0,0,0,6.16793,3.8535,0,1344,143760622393
15.4324,64.7989,29.1169,0,100,62,64,680,0,0,0,6.16793,3.8535,0,1344,143860789580
15.845,63.1112,29.1169,0,100,62,64,680,0,0,0,6.16793,3.8535,0,1344,143961023382
16.0603,62.2652,29.1169,0,100,62,64,680,0,0,0,6.16793,3.8535,0,1344,144061257601
16.3101,61.3118,29.1169,0,100,62,64,680,0,0,0,6.16793,3.8535,0,1344,144161508278
15.8453,63.1104,29.1169,0,100,62,64,680,0,0,0,6.16793,3.8535,0,1344,144261662445
15.6866,63.7486,26.6344,0,100,62,64,680,0,0,0,6.16782,3.8535,0,1555,144361925934
15.5634,64.2535,26.6344,0,100,62,64,680,0,0,0,6.16782,3.8535,0,1555,144462051038
15.7811,63.3671,26.6344,0,100,62,64,680,0,0,0,6.16782,3.8535,0,1555,144562186924
16.0152,62.4408,26.6344,0,100,62,64,680,0,0,0,6.16782,3.8535,0,1555,144662341924
15.8299,63.1714,26.6344,0,100,62,64,680,0,0,0,6.16782,3.8535,0,1555,144762504007
15.8583,63.0585,27.685,0,100,61,65,680,0,0,0,6.16717,3.85349,0,1344,144862660882
15.475,64.6204,27.685,0,100,61,65,680,0,0,0,6.16717,3.85349,0,1344,144962789423
15.4483,64.732,27.685,0,100,61,65,680,0,0,0,6.16717,3.85349,0,1344,145062921351
15.9455,62.7136,27.685,0,100,61,65,680,0,0,0,6.16717,3.85349,0,1344,145163035778
15.8076,63.2606,27.685,0,100,61,65,680,0,0,0,6.16717,3.85349,0,1344,145263147080
15.6089,64.066,27.685,0,100,61,65,680,0,0,0,6.16717,3.85349,0,1344,145363260882
15.8501,63.0911,23.5849,0,100,63,65,680,0,0,0,6.16706,3.85349,0,1459,145463771559
15.6603,63.8556,23.5849,0,100,63,65,680,0,0,0,6.16706,3.85349,0,1459,145563903694
15.949,62.6997,23.5849,0,100,63,65,680,0,0,0,6.16706,3.85349,0,1459,145664052444
16.1269,62.0081,23.5849,0,100,63,65,680,0,0,0,6.16706,3.85349,0,1459,145764175934
15.7385,63.5385,23.5849,0,100,63,65,680,0,0,0,6.16706,3.85349,0,1459,145864312131
15.5791,64.1884,26.8585,0,100,62,64,680,0,0,0,6.16706,3.85349,0,1344,145964453694
15.5661,64.242,26.8585,0,100,62,64,680,0,0,0,6.16706,3.85349,0,1344,146064705465
15.8721,63.0038,26.8585,0,100,62,64,680,0,0,0,6.16706,3.85349,0,1344,146164810673
15.9117,62.8468,26.8585,0,100,62,64,680,0,0,0,6.16706,3.85349,0,1344,146264924735
15.6851,63.7549,26.8585,0,100,62,64,680,0,0,0,6.16706,3.85349,0,1344,146365200465
15.672,63.8079,28.0952,0,100,62,65,680,0,0,0,6.16706,3.85349,0,1344,146465335465
15.7169,63.6258,28.0952,0,100,62,65,680,0,0,0,6.16706,3.85349,0,1344,146565464683
15.6594,63.8596,28.0952,0,100,62,65,680,0,0,0,6.16706,3.85349,0,1344,146665614319
15.5794,64.1872,28.0952,0,100,62,65,680,0,0,0,6.16706,3.85349,0,1344,146765725725
15.8414,63.1258,28.0952,0,100,62,65,680,0,0,0,6.16706,3.85349,0,1344,146865844058
15.5695,64.2283,25.6532,0,99,61,65,680,0,0,0,6.16706,3.85349,0,940,146965980881
16.1845,61.7877,25.6532,0,99,61,65,680,0,0,0,6.16706,3.85349,0,940,147066166298
15.6677,63.8256,25.6532,0,99,61,65,680,0,0,0,6.16706,3.85349,0,940,147166324371
15.7268,63.5859,25.6532,0,99,61,65,680,0,0,0,6.16706,3.85349,0,940,147266447079
15.8417,63.1245,25.6532,0,99,61,65,680,0,0,0,6.16706,3.85349,0,940,147366587287
16.4004,60.9741,27.0335,0,100,63,65,680,0,0,0,6.16682,3.85349,0,1555,147466743433
15.8355,63.1492,27.0335,0,100,63,65,680,0,0,0,6.16682,3.85349,0,1555,147566899579
15.8655,63.0299,27.0335,0,100,63,65,680,0,0,0,6.16682,3.85349,0,1555,147667051193
15.7491,63.4956,27.0335,0,100,63,65,680,0,0,0,6.16682,3.85349,0,1555,147767168902
14.8147,67.5004,27.0335,0,100,63,65,680,0,0,0,6.16682,3.85349,0,1555,147867317079
16.7449,59.7196,24.6446,0,99,62,66,680,0,0,0,6.16664,3.85348,0,1344,147967481245
16.2066,61.7034,24.6446,0,99,62,66,680,0,0,0,6.16664,3.85348,0,1344,148067642443
15.6612,63.852,24.6446,0,99,62,66,680,0,0,0,6.16664,3.85348,0,1344,148167855308
15.4252,64.829,24.6446,0,99,62,66,680,0,0,0,6.16664,3.85348,0,1344,148268024266
15.946,62.7115,24.6446,0,99,62,66,680,0,0,0,6.16664,3.85348,0,1344,148368173224
15.3971,64.9472,28.8095,0,92,62,65,680,0,0,0,6.16664,3.85348,0,1228,148468341714
15.8051,63.2708,28.8095,0,92,62,65,680,0,0,0,6.16664,3.85348,0,1228,148568529422
15.8277,63.1805,28.8095,0,92,62,65,680,0,0,0,6.16664,3.85348,0,1228,148668711193
15.8185,63.2171,28.8095,0,92,62,65,680,0,0,0,6.16664,3.85348,0,1228,148768847339
15.7309,63.569,28.8095,0,92,62,65,680,0,0,0,6.16664,3.85348,0,1228,148869021245
15.5636,64.2526,24.8227,0,100,62,65,680,0,0,0,6.16664,3.85345,0,1344,148969186349
15.6783,63.7822,24.8227,0,100,62,65,680,0,0,0,6.16664,3.85345,0,1344,149069347078
15.7736,63.3971,24.8227,0,100,62,65,680,0,0,0,6.16664,3.85345,0,1344,149169506089
15.3381,65.1973,24.8227,0,100,62,65,680,0,0,0,6.16664,3.85345,0,1344,149269678536
17.0535,58.639,24.8227,0,100,62,65,680,0,0,0,6.16664,3.85345,0,1344,149369842130
15.7242,63.5964,26.0766,0,100,62,65,680,0,0,0,6.16664,3.85344,0,1344,149470004370
15.7403,63.531,26.0766,0,100,62,65,680,0,0,0,6.16664,3.85344,0,1344,149570181557
15.8491,63.095,26.0766,0,100,62,65,680,0,0,0,6.16664,3.85344,0,1344,149670304265
15.7771,63.3831,26.0766,0,100,62,65,680,0,0,0,6.16664,3.85344,0,1344,149770384682
15.8786,62.978,26.0766,0,100,62,65,680,0,0,0,6.16664,3.85344,0,1344,149870558224
15.7594,63.4544,25.537,0,99,63,65,680,0,0,0,6.16664,3.85344,0,1459,149970712338
15.7384,63.5389,25.537,0,99,63,65,680,0,0,0,6.16664,3.85344,0,1459,150070859942
15.7071,63.6656,25.537,0,99,63,65,680,0,0,0,6.16664,3.85344,0,1459,150171011036
15.774,63.3955,25.537,0,99,63,65,680,0,0,0,6.16664,3.85344,0,1459,150271169369
15.3717,65.0548,25.537,0,99,63,65,680,0,0,0,6.16664,3.85344,0,1459,150371321088
15.7686,63.4171,26.4286,0,100,62,65,680,0,0,0,6.16685,3.85344,0,1555,150471483901
15.671,63.8121,26.4286,0,100,62,65,680,0,0,0,6.16685,3.85344,0,1555,150571635359
15.5351,64.3705,26.4286,0,100,62,65,680,0,0,0,6.16685,3.85344,0,1555,150671770307
15.8079,63.2594,26.4286,0,100,62,65,680,0,0,0,6.16685,3.85344,0,1555,150771968328
15.7648,63.4325,26.4286,0,100,62,65,680,0,0,0,6.16685,3.85344,0,1555,150872115515
15.969,62.6213,27.4232,0,100,62,65,680,0,0,0,6.16682,3.85343,0,1344,150972270619
15.8292,63.1742,27.4232,0,100,62,65,680,0,0,0,6.16682,3.85343,0,1344,151072422129
15.339,65.1934,27.4232,0,100,62,65,680,0,0,0,6.16682,3.85343,0,1344,151172567442
16.0231,62.4098,27.4232,0,100,62,65,680,0,0,0,6.16682,3.85343,0,1344,151272705202
15.6579,63.8657,27.4232,0,100,62,65,680,0,0,0,6.16682,3.85343,0,1344,151372847598
15.8477,63.1008,23.4867,0,100,62,65,680,0,0,0,6.16682,3.8529,0,1344,151472994473
15.5805,64.1829,23.4867,0,100,62,65,680,0,0,0,6.16682,3.8529,0,1344,151573170358
15.6517,63.891,23.4867,0,100,62,65,680,0,0,0,6.16682,3.8529,0,1344,151673305515
15.7778,63.3802,23.4867,0,100,62,65,680,0,0,0,6.16682,3.8529,0,1344,151773423900
