os,cpu,gpu,ram,kernel,driver,cpuscheduler
Armada 20260926.c2fd048,,Turnip Adreno (TM) 740,7672616,7.2.6,,conservative
fps,frametime,cpu_load,cpu_power,gpu_load,cpu_temp,gpu_temp,gpu_core_clock,gpu_mem_clock,gpu_vram_used,gpu_power,ram_used,swap_used,process_rss,cpu_mhz,elapsed
0.000318672,3.13802e+06,22.7233,0,0,55,49,220,0,0,0,5.48256,2.63009,0,2092,103629584
491.212,2.03578,48.3222,0,0,55,49,220,0,0,0,5.75051,2.63008,0,2092,203845938
53.944,18.5378,48.3222,0,0,55,49,220,0,0,0,5.75051,2.63008,0,2092,303993646
58.2678,17.1621,48.3222,0,0,55,49,220,0,0,0,5.75051,2.63008,0,2092,404101667
54.3381,18.4033,48.3222,0,0,55,49,220,0,0,0,5.75051,2.63008,0,2092,504209740
51.2689,19.505,48.3222,0,0,55,49,220,0,0,0,5.75051,2.63008,0,2092,604312761
57.7109,17.3278,35.8354,0,3,55,50,220,0,0,0,5.76178,2.63008,0,2092,704415417
56.5085,17.6965,35.8354,0,3,55,50,220,0,0,0,5.76178,2.63008,0,2092,804528229
59.0428,16.9369,35.8354,0,3,55,50,220,0,0,0,5.76178,2.63008,0,2092,904633698
60.6691,16.4829,35.8354,0,3,55,50,220,0,0,0,5.76178,2.63008,0,2092,1004746250
58.3374,17.1417,35.8354,0,3,55,50,220,0,0,0,5.76178,2.63008,0,2092,1104855833
57.5931,17.3632,36.7901,0,2,55,50,220,0,0,0,5.82994,2.63008,0,2054,1204964167
55.3504,18.0667,36.7901,0,2,55,50,220,0,0,0,5.82994,2.63008,0,2054,1305071458
59.0995,16.9206,36.7901,0,2,55,50,220,0,0,0,5.82994,2.63008,0,2054,1405180052
256.801,3.89406,36.7901,0,2,55,50,220,0,0,0,5.82994,2.63008,0,2054,1505281562
58.4141,17.1192,36.7901,0,2,55,50,220,0,0,0,5.82994,2.63008,0,2054,1605390312
55.3889,18.0542,41.3793,0,2,56,49,220,0,0,0,5.93225,2.63008,0,2092,1705498958
56.9074,17.5724,41.3793,0,2,56,49,220,0,0,0,5.93225,2.63008,0,2092,1805603698
29.8953,33.4501,41.3793,0,2,56,49,220,0,0,0,5.93225,2.63008,0,2092,1905716510
58.8605,16.9893,41.3793,0,2,56,49,220,0,0,0,5.93225,2.63008,0,2092,2005827291
22.2488,44.9462,41.3793,0,2,56,49,220,0,0,0,5.93225,2.63008,0,2092,2105963437
22.2488,44.9462,41.3793,0,2,56,49,220,0,0,0,5.93225,2.63008,0,2092,2206080364
66.0327,15.144,45.5508,0,2,57,50,220,0,0,0,5.95566,2.64156,0,2092,2306190364
53.571,18.6668,45.5508,0,2,57,50,220,0,0,0,5.95566,2.64156,0,2092,2406303333
57.8367,17.2901,45.5508,0,2,57,50,220,0,0,0,5.95566,2.64156,0,2092,2506435729
57.8367,17.2901,45.5508,0,2,57,50,220,0,0,0,5.95566,2.64156,0,2092,2606609583
57.8367,17.2901,45.5508,0,2,57,50,220,0,0,0,5.95566,2.64156,0,2092,2706758697
44.6956,22.3735,45.2785,0,1,57,50,220,0,0,0,6.17283,2.64154,0,2092,2806875885
67.7734,14.7551,45.2785,0,1,57,50,220,0,0,0,6.17283,2.64154,0,2092,2906980676
76.6978,13.0382,45.2785,0,1,57,50,220,0,0,0,6.17283,2.64154,0,2092,3007100312
46.3763,21.5628,45.2785,0,1,57,50,220,0,0,0,6.17283,2.64154,0,2092,3107208593
55.0176,18.176,45.2785,0,1,57,50,220,0,0,0,6.17283,2.64154,0,2092,3207317916
57.4931,17.3934,45.6311,0,25,57,51,475,0,0,0,6.1834,2.64154,0,2092,3307435728
47.0639,21.2477,45.6311,0,25,57,51,475,0,0,0,6.1834,2.64154,0,2092,3409784166
65.9352,15.1664,45.6311,0,25,57,51,475,0,0,0,6.1834,2.64154,0,2092,3509926666
54.9377,18.2024,45.6311,0,25,57,51,475,0,0,0,6.1834,2.64154,0,2092,3610078072
58.0836,17.2166,45.6311,0,25,57,51,475,0,0,0,6.1834,2.64154,0,2092,3710241457
55.4825,18.0237,58.7654,0,40,59,53,475,0,0,0,6.22924,2.644,0,2092,3810399270
63.2715,15.8049,58.7654,0,40,59,53,475,0,0,0,6.22924,2.644,0,2092,3910568905
63.2715,15.8049,58.7654,0,40,59,53,475,0,0,0,6.22924,2.644,0,2092,4010734999
63.2715,15.8049,58.7654,0,40,59,53,475,0,0,0,6.22924,2.644,0,2092,4110913697
63.2715,15.8049,58.7654,0,40,59,53,475,0,0,0,6.22924,2.644,0,2092,4211063957
63.2715,15.8049,58.7654,0,40,59,53,475,0,0,0,6.22924,2.644,0,2092,4311174113
63.2715,15.8049,58.7654,0,40,59,53,475,0,0,0,6.22924,2.644,0,2092,4411316040
1.55916,641.37,47.8799,0,22,57,51,220,0,0,0,6.36493,2.644,0,2092,4511489582
1.55916,641.37,47.8799,0,22,57,51,220,0,0,0,6.36493,2.644,0,2092,4611664999
1.55916,641.37,47.8799,0,22,57,51,220,0,0,0,6.36493,2.644,0,2092,4712084113
1.55916,641.37,47.8799,0,22,57,51,220,0,0,0,6.36493,2.644,0,2092,4812211249
1.55916,641.37,47.8799,0,22,57,51,220,0,0,0,6.36493,2.644,0,2092,4912366353
1.55916,641.37,47.8799,0,22,57,51,220,0,0,0,6.36493,2.644,0,2092,5012530623
1.55916,641.37,47.8799,0,22,57,51,220,0,0,0,6.36493,2.644,0,2092,5112723228
1.55916,641.37,47.8799,0,22,57,51,220,0,0,0,6.36493,2.644,0,2092,5212885675
1.35201,739.642,46.3987,0,2,60,51,680,0,0,0,6.86966,2.73595,0,2092,5313042394
394.485,2.53495,70.9091,0,2,59,51,680,0,0,0,6.82568,2.72386,0,2092,5413147134
24.4277,40.9371,70.9091,0,2,59,51,680,0,0,0,6.82568,2.72386,0,2092,5513258436
9.59389,104.233,70.9091,0,2,59,51,680,0,0,0,6.82568,2.72386,0,2092,5613368175
40.1,24.9377,70.9091,0,2,59,51,680,0,0,0,6.82568,2.72386,0,2092,5713492602
41.0543,24.358,70.9091,0,2,59,51,680,0,0,0,6.82568,2.72386,0,2092,5813652134
51.053,19.5875,56.6832,0,32,61,54,220,0,0,0,6.6506,2.72298,0,2092,5913843331
50.77,19.6967,56.6832,0,32,61,54,220,0,0,0,6.6506,2.72298,0,2092,6013959373
49.7475,20.1015,56.6832,0,32,61,54,220,0,0,0,6.6506,2.72298,0,2092,6114064686
50.4443,19.8239,56.6832,0,32,61,54,220,0,0,0,6.6506,2.72298,0,2092,6214167498
18.4253,54.2733,56.6832,0,32,61,54,220,0,0,0,6.6506,2.72298,0,2092,6314275675
51.4144,19.4498,41.6256,0,97,59,60,680,0,0,0,6.70346,2.72095,0,2092,6414401248
50.0517,19.9793,41.6256,0,97,59,60,680,0,0,0,6.70346,2.72095,0,2092,6514574425
50.0077,19.9969,41.6256,0,97,59,60,680,0,0,0,6.70346,2.72095,0,2092,6614731300
48.9095,20.4459,41.6256,0,97,59,60,680,0,0,0,6.70346,2.72095,0,2092,6714874164
50.4567,19.819,41.6256,0,97,59,60,680,0,0,0,6.70346,2.72095,0,2092,6815043331
52.1678,19.1689,40.7767,0,81,60,61,680,0,0,0,6.74865,2.72088,0,2092,6916194737
33.2222,30.1004,40.7767,0,81,60,61,680,0,0,0,6.74865,2.72088,0,2092,7016312602
7.49339,133.451,40.7767,0,81,60,61,680,0,0,0,6.74865,2.72088,0,2092,7116423383
9.68023,103.303,40.7767,0,81,60,61,680,0,0,0,6.74865,2.72088,0,2092,7216544060
9.68023,103.303,40.7767,0,81,60,61,680,0,0,0,6.74865,2.72088,0,2092,7316697341
96.7366,10.3373,52.973,0,76,61,57,680,0,0,0,6.66701,2.72078,0,2092,7416853018
67.8136,14.7463,52.973,0,76,61,57,680,0,0,0,6.66701,2.72078,0,2092,7517045623
84.6068,11.8194,52.973,0,76,61,57,680,0,0,0,6.66701,2.72078,0,2092,7617195154
71.9708,13.8945,52.973,0,76,61,57,680,0,0,0,6.66701,2.72078,0,2092,7717349581
74.7085,13.3854,52.973,0,76,61,57,680,0,0,0,6.66701,2.72078,0,2092,7817507549
67.8304,14.7427,62.8571,0,24,63,55,220,0,0,0,6.32827,2.72075,0,2092,7917664893
95.4963,10.4716,62.8571,0,24,63,55,220,0,0,0,6.32827,2.72075,0,2092,8017831404
82.0401,12.1892,62.8571,0,24,63,55,220,0,0,0,6.32827,2.72075,0,2092,8118064789
67.8472,14.739,62.8571,0,24,63,55,220,0,0,0,6.32827,2.72075,0,2092,8218248018
71.397,14.0062,62.8571,0,24,63,55,220,0,0,0,6.32827,2.72075,0,2092,8318392393
89.6995,11.1483,59.0686,0,44,62,56,680,0,0,0,6.42484,2.72073,0,2092,8418498435
60.1762,16.6179,59.0686,0,44,62,56,680,0,0,0,6.42484,2.72073,0,2092,8518604164
74.5443,13.4148,59.0686,0,44,62,56,680,0,0,0,6.42484,2.72073,0,2092,8618713747
45.9677,21.7544,59.0686,0,44,62,56,680,0,0,0,6.42484,2.72073,0,2092,8718817653
70.0727,14.2709,59.0686,0,44,62,56,680,0,0,0,6.42484,2.72073,0,2092,8818927445
87.7089,11.4014,50.8642,0,38,62,55,295,0,0,0,6.47747,2.7207,0,2092,8919037289
87.7089,11.4014,50.8642,0,38,62,55,295,0,0,0,6.47747,2.7207,0,2092,9019179476
4.5336,220.575,50.8642,0,38,62,55,295,0,0,0,6.47747,2.7207,0,2092,9119414476
86.8185,11.5183,50.8642,0,38,62,55,295,0,0,0,6.47747,2.7207,0,2092,9219598643
75.6153,13.2248,50.8642,0,38,62,55,295,0,0,0,6.47747,2.7207,0,2092,9319811403
17.665,56.6092,42.7586,0,22,59,54,475,0,0,0,6.47499,2.72066,0,2054,9419957341
86.0404,11.6224,42.7586,0,22,59,54,475,0,0,0,6.47499,2.72066,0,2054,9520066976
74.6138,13.4023,42.7586,0,22,59,54,475,0,0,0,6.47499,2.72066,0,2054,9620179111
84.881,11.7812,42.7586,0,22,59,54,475,0,0,0,6.47499,2.72066,0,2054,9720286351
92.8833,10.7662,42.7586,0,22,59,54,475,0,0,0,6.47499,2.72066,0,2054,9820396090
70.0889,14.2676,42.7586,0,22,59,54,475,0,0,0,6.47499,2.72066,0,2054,9920499736
71.1976,14.0454,54.4776,0,39,60,55,401,0,0,0,6.49946,2.72064,0,2092,10020635205
51.3235,19.4843,54.4776,0,39,60,55,401,0,0,0,6.49946,2.72064,0,2092,10120787653
40.5456,24.6636,54.4776,0,39,60,55,401,0,0,0,6.49946,2.72064,0,2092,10220893694
53.1497,18.8148,54.4776,0,39,60,55,401,0,0,0,6.49946,2.72064,0,2092,10321062236
29.6429,33.7348,54.4776,0,39,60,55,401,0,0,0,6.49946,2.72064,0,2092,10421178486
23.5955,42.381,80.6683,0,39,64,55,348,0,0,0,7.0598,2.73162,0,2092,10521331819
83.4162,11.9881,80.6683,0,39,64,55,348,0,0,0,7.0598,2.73162,0,2092,10621490465
72.7218,13.751,80.6683,0,39,64,55,348,0,0,0,7.0598,2.73162,0,2092,10721710621
47.8856,20.8831,80.6683,0,39,64,55,348,0,0,0,7.0598,2.73162,0,2092,10821818225
47.8856,20.8831,80.6683,0,39,64,55,348,0,0,0,7.0598,2.73162,0,2092,10921948017
41.6468,24.0115,87.7805,0,34,64,55,348,0,0,0,7.15283,2.88729,0,2092,11022696559
54.6134,18.3105,87.7805,0,34,64,55,348,0,0,0,7.15283,2.88729,0,2092,11123171090
54.6134,18.3105,87.7805,0,34,64,55,348,0,0,0,7.15283,2.88729,0,2092,11223310934
7.46553,133.949,87.7805,0,34,64,55,348,0,0,0,7.15283,2.88729,0,2092,11323424892
61.4985,16.2606,87.7805,0,34,64,55,348,0,0,0,7.15283,2.88729,0,2092,11423553225
61.4985,16.2606,87.7805,0,34,64,55,348,0,0,0,7.15283,2.88729,0,2092,11523708694
28.1693,35.4996,70.1219,0,19,63,54,680,0,0,0,7.14067,3.12888,0,2092,11623869683
28.1693,35.4996,70.1219,0,19,63,54,680,0,0,0,7.14067,3.12888,0,2092,11724039683
12.6548,79.0216,70.1219,0,19,63,54,680,0,0,0,7.14067,3.12888,0,2092,11824210829
95.941,10.4231,70.1219,0,19,63,54,680,0,0,0,7.14067,3.12888,0,2092,11924359475
82.372,12.1401,70.1219,0,19,63,54,680,0,0,0,7.14067,3.12888,0,2092,12024501975
84.1069,11.8896,61.3861,0,8,63,54,220,0,0,0,7.11837,3.19332,0,2092,12124638485
87.4715,11.4323,61.3861,0,8,63,54,220,0,0,0,7.11837,3.19332,0,2092,12224742860
71.4993,13.9861,61.3861,0,8,63,54,220,0,0,0,7.11837,3.19332,0,2092,12324880777
106.829,9.36078,61.3861,0,8,63,54,220,0,0,0,7.11837,3.19332,0,2092,12425065308
77.0831,12.973,61.3861,0,8,63,54,220,0,0,0,7.11837,3.19332,0,2092,12525157704
69.0077,14.4911,62.3472,0,35,63,56,401,0,0,0,7.05102,3.28647,0,2092,12625337964
82.1974,12.1658,62.3472,0,35,63,56,401,0,0,0,7.05102,3.28647,0,2092,12725518850
43.0826,23.2113,62.3472,0,35,63,56,401,0,0,0,7.05102,3.28647,0,2092,12825870204
42.0369,23.7886,62.3472,0,35,63,56,401,0,0,0,7.05102,3.28647,0,2092,12925995360
91.7646,10.8974,62.3472,0,35,63,56,401,0,0,0,7.05102,3.28647,0,2092,13026099266
77.1032,12.9696,54.4118,0,42,63,56,348,0,0,0,6.84812,3.49552,0,2092,13126560829
94.8101,10.5474,54.4118,0,42,63,56,348,0,0,0,6.84812,3.49552,0,2092,13226714943
71.1433,14.0561,54.4118,0,42,63,56,348,0,0,0,6.84812,3.49552,0,2092,13326818172
89.5765,11.1636,54.4118,0,42,63,56,348,0,0,0,6.84812,3.49552,0,2092,13426922495
96.9252,10.3172,54.4118,0,42,63,56,348,0,0,0,6.84812,3.49552,0,2092,13527045933
90.1989,11.0866,51.3648,0,39,62,56,550,0,0,0,6.84972,3.49539,0,2092,13629584891
78.1975,12.7881,51.3648,0,39,62,56,550,0,0,0,6.84972,3.49539,0,2092,13729691193
75.2749,13.2846,51.3648,0,39,62,56,550,0,0,0,6.84972,3.49539,0,2092,13829803589
99.7574,10.0243,51.3648,0,39,62,56,550,0,0,0,6.84972,3.49539,0,2092,13929917755
111.082,9.00234,51.3648,0,39,62,56,550,0,0,0,6.84972,3.49539,0,2092,14030022547
78.6917,12.7078,49.3917,0,38,61,57,401,0,0,0,6.84966,3.4953,0,2092,14130129630
113.636,8.8,49.3917,0,38,61,57,401,0,0,0,6.84966,3.4953,0,2092,14230248380
89.9407,11.1184,49.3917,0,38,61,57,401,0,0,0,6.84966,3.4953,0,2092,14330363276
43.7831,22.8398,49.3917,0,38,61,57,401,0,0,0,6.84966,3.4953,0,2092,14430488849
88.256,11.3307,49.3917,0,38,61,57,401,0,0,0,6.84966,3.4953,0,2092,14530600255
80.5089,12.421,49.505,0,39,62,56,550,0,0,0,6.85262,3.49087,0,2092,14630712391
85.9372,11.6364,49.505,0,39,62,56,550,0,0,0,6.85262,3.49087,0,2092,14730824057
86.625,11.544,49.505,0,39,62,56,550,0,0,0,6.85262,3.49087,0,2092,14830928693
89.5117,11.1717,49.505,0,39,62,56,550,0,0,0,6.85262,3.49087,0,2092,14931031141
100.906,9.91026,49.505,0,39,62,56,550,0,0,0,6.85262,3.49087,0,2092,15031135880
75.5427,13.2376,47.1883,0,38,62,57,401,0,0,0,6.85278,3.49037,0,2092,15131245359
92.1535,10.8515,47.1883,0,38,62,57,401,0,0,0,6.85278,3.49037,0,2092,15231348901
69.5955,14.3687,47.1883,0,38,62,57,401,0,0,0,6.85278,3.49037,0,2092,15331452807
96.0442,10.4119,47.1883,0,38,62,57,401,0,0,0,6.85278,3.49037,0,2092,15431563432
82.221,12.1623,47.1883,0,38,62,57,401,0,0,0,6.85278,3.49037,0,2092,15531683484
78.8601,12.6807,50.1217,0,41,61,56,680,0,0,0,6.85392,3.49034,0,2092,15631785411
86.3185,11.585,50.1217,0,41,61,56,680,0,0,0,6.85392,3.49034,0,2092,15731917546
41.8883,23.873,50.1217,0,41,61,56,680,0,0,0,6.85392,3.49034,0,2092,15832302755
90.1802,11.0889,50.1217,0,41,61,56,680,0,0,0,6.85392,3.49034,0,2092,15932453119
77.5949,12.8874,50.1217,0,41,61,56,680,0,0,0,6.85392,3.49034,0,2092,16032701088
101.247,9.87682,51.5971,0,41,62,57,680,0,0,0,6.85398,3.48996,0,2092,16132807234
99.8835,10.0117,51.5971,0,41,62,57,680,0,0,0,6.85398,3.48996,0,2092,16232912546
71.0627,14.0721,51.5971,0,41,62,57,680,0,0,0,6.85398,3.48996,0,2092,16333024682
91.6638,10.9094,51.5971,0,41,62,57,680,0,0,0,6.85398,3.48996,0,2092,16433131713
79.8925,12.5168,51.5971,0,41,62,57,680,0,0,0,6.85398,3.48996,0,2092,16533240619
95.6485,10.4549,51.5971,0,41,62,57,680,0,0,0,6.85398,3.48996,0,2092,16633360463
78.5909,12.7241,50.1241,0,38,62,58,401,0,0,0,6.85849,3.48446,0,2092,16733980411
94.7241,10.557,50.1241,0,38,62,58,401,0,0,0,6.85849,3.48446,0,2092,16834082181
95.3459,10.4881,50.1241,0,38,62,58,401,0,0,0,6.85849,3.48446,0,2092,16934192077
83.3677,11.9951,50.1241,0,38,62,58,401,0,0,0,6.85849,3.48446,0,2092,17034307077
89.9083,11.1224,50.1241,0,38,62,58,401,0,0,0,6.85849,3.48446,0,2092,17134560463
95.6628,10.4534,49.8759,0,39,62,57,550,0,0,0,6.85867,3.48368,0,2092,17234658483
96.8772,10.3223,49.8759,0,39,62,57,550,0,0,0,6.85867,3.48368,0,2092,17334761400
86.8476,11.5144,49.8759,0,39,62,57,550,0,0,0,6.85867,3.48368,0,2092,17435053483
69.1227,14.467,49.8759,0,39,62,57,550,0,0,0,6.85867,3.48368,0,2092,17535158900
96.4369,10.3695,49.8759,0,39,62,57,550,0,0,0,6.85867,3.48368,0,2092,17635350150
91.7409,10.9003,50.3741,0,41,62,57,401,0,0,0,6.85984,3.48317,0,2092,17735482233
89.1854,11.2126,50.3741,0,41,62,57,401,0,0,0,6.85984,3.48317,0,2092,17835607546
92.6015,10.799,50.3741,0,41,62,57,401,0,0,0,6.85984,3.48317,0,2092,17935767806
90.4696,11.0534,50.3741,0,41,62,57,401,0,0,0,6.85984,3.48317,0,2092,18035892858
95.0777,10.5177,50.3741,0,41,62,57,401,0,0,0,6.85984,3.48317,0,2092,18136010723
86.0157,11.6258,53.753,0,38,63,57,475,0,0,0,6.86008,3.48301,0,2092,18236167025
105.902,9.44271,53.753,0,38,63,57,475,0,0,0,6.86008,3.48301,0,2092,18336286608
121.071,8.25963,53.753,0,38,63,57,475,0,0,0,6.86008,3.48301,0,2092,18436430566
91.1054,10.9763,53.753,0,38,63,57,475,0,0,0,6.86008,3.48301,0,2092,18536580410
72.1222,13.8654,53.753,0,38,63,57,475,0,0,0,6.86008,3.48301,0,2092,18636750775
95.0895,10.5164,48.6553,0,40,62,57,475,0,0,0,6.86029,3.48292,0,2092,18736953639
91.7861,10.8949,48.6553,0,40,62,57,475,0,0,0,6.86029,3.48292,0,2092,18837139524
107.658,9.2887,48.6553,0,40,62,57,475,0,0,0,6.86029,3.48292,0,2092,18937309004
90.6939,11.0261,48.6553,0,40,62,57,475,0,0,0,6.86029,3.48292,0,2092,19037532024
41.6674,23.9996,48.6553,0,40,62,57,475,0,0,0,6.86029,3.48292,0,2092,19137727649
87.0776,11.484,54.9261,0,41,62,58,550,0,0,0,6.86618,3.48123,0,2092,19237915306
84.7604,11.798,54.9261,0,41,62,58,550,0,0,0,6.86618,3.48123,0,2092,19338116868
88.6811,11.2764,54.9261,0,41,62,58,550,0,0,0,6.86618,3.48123,0,2092,19438340253
89.0377,11.2312,54.9261,0,41,62,58,550,0,0,0,6.86618,3.48123,0,2092,19538494212
69.5773,14.3725,54.9261,0,41,62,58,550,0,0,0,6.86618,3.48123,0,2092,19638673274
86.8562,11.5133,51.3716,0,41,62,59,680,0,0,0,6.86633,3.48119,0,2092,19738813899
89.9323,11.1195,51.3716,0,41,62,59,680,0,0,0,6.86633,3.48119,0,2092,19838998743
87.1092,11.4798,51.3716,0,41,62,59,680,0,0,0,6.86633,3.48119,0,2092,19939224264
62.275,16.0578,51.3716,0,41,62,59,680,0,0,0,6.86633,3.48119,0,2092,20039328326
48.941,20.4328,51.3716,0,41,62,59,680,0,0,0,6.86633,3.48119,0,2092,20139438326
42.805,23.3618,60.9453,0,42,65,57,680,0,0,0,7.04557,3.48077,0,2092,20239556763
45.1951,22.1263,60.9453,0,42,65,57,680,0,0,0,7.04557,3.48077,0,2092,20339688326
55.1984,18.1165,60.9453,0,42,65,57,680,0,0,0,7.04557,3.48077,0,2092,20439891138
65.2944,15.3153,60.9453,0,42,65,57,680,0,0,0,7.04557,3.48077,0,2092,20541654368
25.4442,39.3016,60.9453,0,42,65,57,680,0,0,0,7.04557,3.48077,0,2092,20641778065
36.3917,27.4788,89.3827,0,38,67,57,401,0,0,0,7.10748,3.55222,0,2092,20741858013
26.0679,38.3614,89.3827,0,38,67,57,401,0,0,0,7.10748,3.55222,0,2092,20841979576
48.0281,20.8211,89.3827,0,38,67,57,401,0,0,0,7.10748,3.55222,0,2092,20942148534
57.0863,17.5173,89.3827,0,38,67,57,401,0,0,0,7.10748,3.55222,0,2092,21042377805
46.1528,21.6671,89.3827,0,38,67,57,401,0,0,0,7.10748,3.55222,0,2092,21142554732
32.4,30.8642,93.5714,0,40,68,57,680,0,0,0,7.00028,3.74958,0,2092,21244990305
53.3879,18.7308,93.5714,0,40,68,57,680,0,0,0,7.00028,3.74958,0,2092,21348585982
64.7075,15.4542,93.5714,0,40,68,57,680,0,0,0,7.00028,3.74958,0,2092,21448697544
34.4624,29.0171,93.5714,0,40,68,57,680,0,0,0,7.00028,3.74958,0,2092,21548824888
70.6597,14.1523,93.5714,0,40,68,57,680,0,0,0,7.00028,3.74958,0,2092,21648969888
44.0628,22.6949,92.3077,0,38,68,57,295,0,0,0,7.0141,3.77044,0,2092,21749290982
29.4432,33.9637,92.3077,0,38,68,57,295,0,0,0,7.0141,3.77044,0,2092,21849467492
52.2223,19.1489,92.3077,0,38,68,57,295,0,0,0,7.0141,3.77044,0,2092,21949594784
120.054,8.32958,92.3077,0,38,68,57,295,0,0,0,7.0141,3.77044,0,2092,22049735982
72.014,13.8862,92.3077,0,38,68,57,295,0,0,0,7.0141,3.77044,0,2092,22149856607
53.945,18.5374,83.4568,0,37,68,57,348,0,0,0,7.02269,3.77023,0,2092,22250197856
58.6353,17.0546,83.4568,0,37,68,57,348,0,0,0,7.02269,3.77023,0,2092,22350334106
65.4555,15.2776,83.4568,0,37,68,57,348,0,0,0,7.02269,3.77023,0,2092,22450503013
51.8578,19.2835,83.4568,0,37,68,57,348,0,0,0,7.02269,3.77023,0,2092,22550621763
63.4155,15.769,83.4568,0,37,68,57,348,0,0,0,7.02269,3.77023,0,2092,22650764940
192.321,5.19964,81.4356,0,41,67,58,401,0,0,0,7.02698,3.76927,0,2092,22751322179
51.6153,19.3741,81.4356,0,41,67,58,401,0,0,0,7.02698,3.76927,0,2092,22851471919
70.0142,14.2828,81.4356,0,41,67,58,401,0,0,0,7.02698,3.76927,0,2092,22951619523
53.91,18.5494,81.4356,0,41,67,58,401,0,0,0,7.02698,3.76927,0,2092,23051738846
105.915,9.44151,81.4356,0,41,67,58,401,0,0,0,7.02698,3.76927,0,2092,23154461137
57.8494,17.2862,78.7654,0,41,68,58,680,0,0,0,7.03119,3.7692,0,2092,23254612544
82.5565,12.1129,78.7654,0,41,68,58,680,0,0,0,7.03119,3.7692,0,2092,23355027544
103.897,9.62495,78.7654,0,41,68,58,680,0,0,0,7.03119,3.7692,0,2092,23455179731
43.3887,23.0475,78.7654,0,41,68,58,680,0,0,0,7.03119,3.7692,0,2092,23555341241
50.3383,19.8656,78.7654,0,41,68,58,680,0,0,0,7.03119,3.7692,0,2092,23655498377
213.464,4.68464,76.1787,0,38,68,59,475,0,0,0,7.03407,3.76907,0,2092,23755648793
94.5361,10.578,76.1787,0,38,68,59,475,0,0,0,7.03407,3.76907,0,2092,23855791450
91.4565,10.9342,76.1787,0,38,68,59,475,0,0,0,7.03407,3.76907,0,2092,23955907700
38.9316,25.6861,76.1787,0,38,68,59,475,0,0,0,7.03407,3.76907,0,2092,24056118272
79.2671,12.6156,76.1787,0,38,68,59,475,0,0,0,7.03407,3.76907,0,2092,24156245460
108.34,9.23021,75,0,42,67,60,475,0,0,0,7.0159,3.76899,0,2092,24256400929
73.4349,13.6175,75,0,42,67,60,475,0,0,0,7.0159,3.76899,0,2092,24356552074
68.4385,14.6117,75,0,42,67,60,475,0,0,0,7.0159,3.76899,0,2092,24456814470
53.0343,18.8557,75,0,42,67,60,475,0,0,0,7.0159,3.76899,0,2092,24556958168
70.3676,14.2111,75,0,42,67,60,475,0,0,0,7.0159,3.76899,0,2092,24658501397
31.428,31.8188,82.2966,0,42,68,59,680,0,0,0,7.08442,3.75985,0,2092,24758609522
46.6165,21.4516,82.2966,0,42,68,59,680,0,0,0,7.08442,3.75985,0,2092,24858716918
92.2749,10.8372,82.2966,0,42,68,59,680,0,0,0,7.08442,3.75985,0,2092,24958833272
83.8124,11.9314,82.2966,0,42,68,59,680,0,0,0,7.08442,3.75985,0,2092,25058975147
31.7539,31.4922,82.2966,0,42,68,59,680,0,0,0,7.08442,3.75985,0,2092,25159113376
100.268,9.97323,74.1379,0,36,67,59,220,0,0,0,6.37294,3.80519,0,2092,25259235668
87.016,11.4921,74.1379,0,36,67,59,220,0,0,0,6.37294,3.80519,0,2092,25359367959
141.584,7.06297,74.1379,0,36,67,59,220,0,0,0,6.37294,3.80519,0,2092,25459525459
87.2811,11.4572,74.1379,0,36,67,59,220,0,0,0,6.37294,3.80519,0,2092,25559692178
73.156,13.6694,74.1379,0,36,67,59,220,0,0,0,6.37294,3.80519,0,2092,25659807386
82.2034,12.1649,74.1379,0,36,67,59,220,0,0,0,6.37294,3.80519,0,2092,25759961553
68.3206,14.6369,63.2353,0,47,65,60,475,0,0,0,5.9853,3.80379,0,2092,25860091501
81.3528,12.2921,63.2353,0,47,65,60,475,0,0,0,5.9853,3.80379,0,2092,25960244470
87.2299,11.464,63.2353,0,47,65,60,475,0,0,0,5.9853,3.80379,0,2092,26060389730
42.3299,23.624,63.2353,0,47,65,60,475,0,0,0,5.9853,3.80379,0,2092,26160532907
75.5989,13.2277,63.2353,0,47,65,60,475,0,0,0,5.9853,3.80379,0,2092,26260697803
98.5333,10.1489,53.0864,0,39,65,58,680,0,0,0,5.81991,3.80276,0,2092,26360853740
84.1327,11.886,53.0864,0,39,65,58,680,0,0,0,5.81991,3.80276,0,2092,26462570511
85.9734,11.6315,53.0864,0,39,65,58,680,0,0,0,5.81991,3.80276,0,2092,26562674834
43.4431,23.0186,53.0864,0,39,65,58,680,0,0,0,5.81991,3.80276,0,2092,26662780824
107.504,9.30198,53.0864,0,39,65,58,680,0,0,0,5.81991,3.80276,0,2092,26762892334
84.5376,11.8291,57.8049,0,36,64,60,550,0,0,0,5.83422,3.80222,0,2092,26862996657
78.0199,12.8172,57.8049,0,36,64,60,550,0,0,0,5.83422,3.80222,0,2092,26963108115
73.1217,13.6758,57.8049,0,36,64,60,550,0,0,0,5.83422,3.80222,0,2092,27063212125
103.294,9.68115,57.8049,0,36,64,60,550,0,0,0,5.83422,3.80222,0,2092,27163322282
87.743,11.3969,57.8049,0,36,64,60,550,0,0,0,5.83422,3.80222,0,2092,27263488740
73.3356,13.6359,63.9506,0,41,66,59,680,0,0,0,5.8589,3.79915,0,2092,27363658532
40.4603,24.7156,63.9506,0,41,66,59,680,0,0,0,5.8589,3.79915,0,2092,27463914625
61.092,16.3687,63.9506,0,41,66,59,680,0,0,0,5.8589,3.79915,0,2092,27564061032
97.7587,10.2293,63.9506,0,41,66,59,680,0,0,0,5.8589,3.79915,0,2092,27664182125
87.3196,11.4522,63.9506,0,41,66,59,680,0,0,0,5.8589,3.79915,0,2092,27764390563
66.0688,15.1357,73.8155,0,39,65,58,401,0,0,0,5.90314,3.79902,0,2092,27864619729
67.2884,14.8614,73.8155,0,39,65,58,401,0,0,0,5.90314,3.79902,0,2092,27964783323
65.4196,15.2859,73.8155,0,39,65,58,401,0,0,0,5.90314,3.79902,0,2092,28064892906
76.7647,13.0268,73.8155,0,39,65,58,401,0,0,0,5.90314,3.79902,0,2092,28165000094
7.82888,127.732,73.8155,0,39,65,58,401,0,0,0,5.90314,3.79902,0,2092,28265115094
13.3872,74.6983,55.6054,0,30,63,57,220,0,0,0,5.97744,3.79664,0,2054,28365240562
33.8473,29.5444,55.6054,0,30,63,57,220,0,0,0,5.97744,3.79664,0,2054,28465383427
11.163,89.5819,55.6054,0,30,63,57,220,0,0,0,5.97744,3.79664,0,2054,28565527177
33.0367,30.2693,55.6054,0,30,63,57,220,0,0,0,5.97744,3.79664,0,2054,28665636344
33.9585,29.4477,55.6054,0,30,63,57,220,0,0,0,5.97744,3.79664,0,2054,28765731083
32.9935,30.309,39.7619,0,79,62,60,680,0,0,0,6.04136,3.79432,0,2054,28865845562
33.6971,29.6761,39.7619,0,79,62,60,680,0,0,0,6.04136,3.79432,0,2054,28965952854
34.4697,29.011,39.7619,0,79,62,60,680,0,0,0,6.04136,3.79432,0,2054,29066067177
34.1201,29.3082,39.7619,0,79,62,60,680,0,0,0,6.04136,3.79432,0,2054,29166171864
34.1124,29.3149,39.7619,0,79,62,60,680,0,0,0,6.04136,3.79432,0,2054,29266279677
34.0304,29.3855,39.7619,0,79,62,60,680,0,0,0,6.04136,3.79432,0,2054,29366397177
34.4906,28.9934,35.9629,0,99,61,61,680,0,0,0,6.04058,3.79419,0,2054,29466513218
33.8048,29.5816,35.9629,0,99,61,61,680,0,0,0,6.04058,3.79419,0,2054,29566633270
34.1001,29.3254,35.9629,0,99,61,61,680,0,0,0,6.04058,3.79419,0,2054,29666760666
34.4364,29.039,35.9629,0,99,61,61,680,0,0,0,6.04058,3.79419,0,2054,29766877385
34.3264,29.1321,35.9629,0,99,61,61,680,0,0,0,6.04058,3.79419,0,2054,29868238374
34.3292,29.1297,37.0629,0,98,62,61,680,0,0,0,6.03984,3.79417,0,2054,29968394156
34.4108,29.0606,37.0629,0,98,62,61,680,0,0,0,6.03984,3.79417,0,2054,30068514364
33.9312,29.4714,37.0629,0,98,62,61,680,0,0,0,6.03984,3.79417,0,2054,30168671031
34.5792,28.9191,37.0629,0,98,62,61,680,0,0,0,6.03984,3.79417,0,2054,30268826187
34.3935,29.0753,37.0629,0,98,62,61,680,0,0,0,6.03984,3.79417,0,2054,30368928999
34.4052,29.0654,36.4896,0,98,62,62,680,0,0,0,6.03984,3.79416,0,2054,30469069103
33.6355,29.7305,36.4896,0,98,62,62,680,0,0,0,6.03984,3.79416,0,2054,30569273687
31.7602,31.486,36.4896,0,98,62,62,680,0,0,0,6.03984,3.79416,0,2054,30669436499
34.1167,29.3112,36.4896,0,98,62,62,680,0,0,0,6.03984,3.79416,0,2054,30769580457
34.7023,28.8165,36.4896,0,98,62,62,680,0,0,0,6.03984,3.79416,0,2054,30869681603
34.8486,28.6956,35.1415,0,100,62,63,680,0,0,0,6.04075,3.79406,0,2054,30969807697
34.0674,29.3535,35.1415,0,100,62,63,680,0,0,0,6.04075,3.79406,0,2054,31069920405
34.3064,29.1491,35.1415,0,100,62,63,680,0,0,0,6.04075,3.79406,0,2054,31170033895
34.2173,29.2249,35.1415,0,100,62,63,680,0,0,0,6.04075,3.79406,0,2054,31270142228
31.1857,32.0659,35.1415,0,100,62,63,680,0,0,0,6.04075,3.79406,0,2054,31370257228
33.909,29.4907,35.1415,0,100,62,63,680,0,0,0,6.04075,3.79406,0,2054,31470373061
34.8723,28.6761,37.4419,0,100,63,62,680,0,0,0,6.04097,3.79398,0,2054,31570487020
34.3046,29.1506,37.4419,0,100,63,62,680,0,0,0,6.04097,3.79398,0,2054,31670646863
34.3891,29.079,37.4419,0,100,63,62,680,0,0,0,6.04097,3.79398,0,2054,31770844363
24.3903,40.9999,37.4419,0,100,63,62,680,0,0,0,6.04097,3.79398,0,2054,31870956134
23.5837,42.4022,37.4419,0,100,63,62,680,0,0,0,6.04097,3.79398,0,2054,31971057749
24.8955,40.168,36.8778,0,96,62,62,680,0,0,0,6.04094,3.793,0,2054,32071172540
24.534,40.7597,36.8778,0,96,62,62,680,0,0,0,6.04094,3.793,0,2054,32171539519
24.1249,41.451,36.8778,0,96,62,62,680,0,0,0,6.04094,3.793,0,2054,32271656498
24.6653,40.5428,36.8778,0,96,62,62,680,0,0,0,6.04094,3.793,0,2054,32371767280
24.8028,40.3181,36.8778,0,96,62,62,680,0,0,0,6.04094,3.793,0,2054,32471881134
24.6624,40.5475,28.246,0,97,61,63,680,0,0,0,6.04262,3.79277,0,1785,32571991603
24.8508,40.2401,28.246,0,97,61,63,680,0,0,0,6.04262,3.79277,0,1785,32672095353
24.3131,41.1301,28.246,0,97,61,63,680,0,0,0,6.04262,3.79277,0,1785,32772206290
24.3083,41.1382,28.246,0,97,61,63,680,0,0,0,6.04262,3.79277,0,1785,32872345352
24.7579,40.3912,28.246,0,97,61,63,680,0,0,0,6.04262,3.79277,0,1785,32972529467
23.8578,41.915,28.246,0,97,61,63,680,0,0,0,6.04262,3.79277,0,1785,33072646498
24.017,41.6371,32.4943,0,100,61,62,680,0,0,0,6.0489,3.79239,0,1920,33172800196
24.0247,41.6238,32.4943,0,100,61,62,680,0,0,0,6.0489,3.79239,0,1920,33272962019
24.4006,40.9826,32.4943,0,100,61,62,680,0,0,0,6.0489,3.79239,0,1920,33373111915
23.8522,41.9249,32.4943,0,100,61,62,680,0,0,0,6.0489,3.79239,0,1920,33473321290
24.2575,41.2244,32.4943,0,100,61,62,680,0,0,0,6.0489,3.79239,0,1920,33573489935
24.225,41.2797,30.6373,0,99,61,62,680,0,0,0,6.04887,3.79221,0,2054,33673660717
23.7699,42.07,30.6373,0,99,61,62,680,0,0,0,6.04887,3.79221,0,2054,33773775248
24.5815,40.681,30.6373,0,99,61,62,680,0,0,0,6.04887,3.79221,0,2054,33873879675
24.5012,40.8144,30.6373,0,99,61,62,680,0,0,0,6.04887,3.79221,0,2054,33974005769
24.2872,41.174,30.6373,0,99,61,62,680,0,0,0,6.04887,3.79221,0,2054,34074124675
25.6809,38.9394,34.5372,0,98,62,61,680,0,0,0,6.0489,3.79218,0,2054,34174241602
24.4736,40.8604,34.5372,0,98,62,61,680,0,0,0,6.0489,3.79218,0,2054,34274406341
24.6504,40.5673,34.5372,0,98,62,61,680,0,0,0,6.0489,3.79218,0,2054,34374570144
24.2211,41.2862,34.5372,0,98,62,61,680,0,0,0,6.0489,3.79218,0,2054,34474742487
24.2087,41.3075,34.5372,0,98,62,61,680,0,0,0,6.0489,3.79218,0,2054,34574937487
23.7891,42.036,33.3333,0,98,62,62,680,0,0,0,6.04892,3.79218,0,2054,34675085456
24.3319,41.0983,33.3333,0,98,62,62,680,0,0,0,6.04892,3.79218,0,2054,34775222591
24.382,41.0139,33.3333,0,98,62,62,680,0,0,0,6.04892,3.79218,0,2054,34875386341
26.3123,38.0051,33.3333,0,98,62,62,680,0,0,0,6.04892,3.79218,0,2054,34975482695
24.0795,41.5291,33.3333,0,98,62,62,680,0,0,0,6.04892,3.79218,0,2054,35075590404
24.0873,41.5156,33.3333,0,98,62,62,680,0,0,0,6.04892,3.79218,0,2054,35175734258
15.4597,64.6843,44.9649,0,100,63,63,680,0,0,0,6.07536,3.74966,0,2054,35275854883
15.3042,65.3414,44.9649,0,100,63,63,680,0,0,0,6.07536,3.74966,0,2054,35375972174
15.7511,63.4878,44.9649,0,100,63,63,680,0,0,0,6.07536,3.74966,0,2054,35476092695
15.3882,64.9849,44.9649,0,100,63,63,680,0,0,0,6.07536,3.74966,0,2054,35576217747
15.5295,64.3934,44.9649,0,100,63,63,680,0,0,0,6.07536,3.74966,0,2054,35676353893
15.5046,64.4971,25.5319,0,100,63,63,680,0,0,0,6.07193,3.74947,0,1785,35776527695
15.6189,64.0248,25.5319,0,100,63,63,680,0,0,0,6.07193,3.74947,0,1785,35876683060
15.9713,62.6122,25.5319,0,100,63,63,680,0,0,0,6.07193,3.74947,0,1785,35976839414
15.398,64.9435,25.5319,0,100,63,63,680,0,0,0,6.07193,3.74947,0,1785,36076991810
15.5881,64.1516,25.5319,0,100,63,63,680,0,0,0,6.07193,3.74947,0,1785,36177260768
15.3834,65.0053,25.1748,0,92,62,64,680,0,0,0,6.07265,3.74947,0,2054,36277416653
15.547,64.3211,25.1748,0,92,62,64,680,0,0,0,6.07265,3.74947,0,2054,36377588372
15.5066,64.4887,25.1748,0,92,62,64,680,0,0,0,6.07265,3.74947,0,2054,36477762851
15.6612,63.8521,25.1748,0,92,62,64,680,0,0,0,6.07265,3.74947,0,2054,36577936966
15.6488,63.9027,25.1748,0,92,62,64,680,0,0,0,6.07265,3.74947,0,2054,36678087018
15.6355,63.9569,24.7031,0,100,63,64,680,0,0,0,6.07264,3.74917,0,2054,36778194934
15.6259,63.9962,24.7031,0,100,63,64,680,0,0,0,6.07264,3.74917,0,2054,36878309257
15.4296,64.8107,24.7031,0,100,63,64,680,0,0,0,6.07264,3.74917,0,2054,36978417070
15.4673,64.6525,24.7031,0,100,63,64,680,0,0,0,6.07264,3.74917,0,2054,37078528997
15.5552,64.2873,24.7031,0,100,63,64,680,0,0,0,6.07264,3.74917,0,2054,37178635455
15.4997,64.5172,28.4038,0,100,63,64,680,0,0,0,6.07262,3.74908,0,1785,37278751809
15.7027,63.6832,28.4038,0,100,63,64,680,0,0,0,6.07262,3.74908,0,1785,37378877590
15.5281,64.3994,28.4038,0,100,63,64,680,0,0,0,6.07262,3.74908,0,1785,37478985663
15.4151,64.8712,28.4038,0,100,63,64,680,0,0,0,6.07262,3.74908,0,1785,37579093892
15.3801,65.0192,28.4038,0,100,63,64,680,0,0,0,6.07262,3.74908,0,1785,37679202590
15.5055,64.4931,27.1028,0,100,63,65,680,0,0,0,6.07286,3.74889,0,1785,37779316965
15.5068,64.488,27.1028,0,100,63,65,680,0,0,0,6.07286,3.74889,0,1785,37879424882
15.656,63.8734,27.1028,0,100,63,65,680,0,0,0,6.07286,3.74889,0,1785,37980926132
15.3414,65.1831,27.1028,0,100,63,65,680,0,0,0,6.07286,3.74889,0,1785,38081050455
15.5736,64.2111,27.1028,0,100,63,65,680,0,0,0,6.07286,3.74889,0,1785,38181174048
15.6318,63.972,27.5058,0,99,63,65,680,0,0,0,6.07286,3.74866,0,1785,38281290715
15.5321,64.3828,27.5058,0,99,63,65,680,0,0,0,6.07286,3.74866,0,1785,38381398840
15.4674,64.6519,27.5058,0,99,63,65,680,0,0,0,6.07286,3.74866,0,1785,38481524621
15.2259,65.6774,27.5058,0,99,63,65,680,0,0,0,6.07286,3.74866,0,1785,38581633527
15.3436,65.1739,27.5058,0,99,63,65,680,0,0,0,6.07286,3.74866,0,1785,38682503319
15.6774,63.7861,27.5058,0,99,63,65,680,0,0,0,6.07286,3.74866,0,1785,38782613788
15.347,65.1592,28.2353,0,92,63,65,680,0,0,0,6.07431,3.74854,0,1651,38882727277
15.5231,64.42,28.2353,0,92,63,65,680,0,0,0,6.07431,3.74854,0,1651,38982843371
15.3677,65.0717,28.2353,0,92,63,65,680,0,0,0,6.07431,3.74854,0,1651,39083002381
15.6855,63.7531,28.2353,0,92,63,65,680,0,0,0,6.07431,3.74854,0,1651,39183115142
15.4109,64.8893,28.2353,0,92,63,65,680,0,0,0,6.07431,3.74854,0,1651,39283246912
15.4851,64.5781,28.5714,0,100,63,65,680,0,0,0,6.07137,3.74809,0,1920,39383369360
15.5867,64.1572,28.5714,0,100,63,65,680,0,0,0,6.07137,3.74809,0,1920,39483520454
15.4459,64.742,28.5714,0,100,63,65,680,0,0,0,6.07137,3.74809,0,1920,39583668839
15.7933,63.3182,28.5714,0,100,63,65,680,0,0,0,6.07137,3.74809,0,1920,39683763996
16.1077,62.0819,28.5714,0,100,63,65,680,0,0,0,6.07137,3.74809,0,1920,39783869360
15.4918,64.5503,26.4775,0,100,63,65,680,0,0,0,6.07135,3.7479,0,2054,39883969933
15.5136,64.4597,26.4775,0,100,63,65,680,0,0,0,6.07135,3.7479,0,2054,39984076391
15.81,63.251,26.4775,0,100,63,65,680,0,0,0,6.07135,3.7479,0,2054,40084320923
15.3118,65.309,26.4775,0,100,63,65,680,0,0,0,6.07135,3.7479,0,2054,40184416495
15.5847,64.1654,26.4775,0,100,63,65,680,0,0,0,6.07135,3.7479,0,2054,40284528423
15.6595,63.8589,28.7059,0,100,64,65,680,0,0,0,6.0746,3.74726,0,1920,40384643214
15.6478,63.9069,28.7059,0,100,64,65,680,0,0,0,6.0746,3.74726,0,1920,40484751235
15.6226,64.0098,28.7059,0,100,64,65,680,0,0,0,6.0746,3.74726,0,1920,40584863839
15.5369,64.363,28.7059,0,100,64,65,680,0,0,0,6.0746,3.74726,0,1920,40684972172
15.5956,64.1205,28.7059,0,100,64,65,680,0,0,0,6.0746,3.74726,0,1920,40785089047
15.5068,64.4878,25.4717,0,100,63,65,680,0,0,0,6.07532,3.74705,0,1785,40885504412
15.5094,64.4771,25.4717,0,100,63,65,680,0,0,0,6.07532,3.74705,0,1785,40985627589
15.6901,63.7346,25.4717,0,100,63,65,680,0,0,0,6.07532,3.74705,0,1785,41085774985
15.5974,64.1132,25.4717,0,100,63,65,680,0,0,0,6.07532,3.74705,0,1785,41185885714
15.6565,63.8711,25.4717,0,100,63,65,680,0,0,0,6.07532,3.74705,0,1785,41286008839
15.4991,64.5197,29.274,0,99,63,65,680,0,0,0,6.07212,3.74705,0,2054,41386154724
15.4764,64.6146,29.274,0,99,63,65,680,0,0,0,6.07212,3.74705,0,2054,41486583891
15.5251,64.4118,29.274,0,99,63,65,680,0,0,0,6.07212,3.74705,0,2054,41586709307
15.5417,64.3431,29.274,0,99,63,65,680,0,0,0,6.07212,3.74705,0,2054,41686816182
15.4593,64.686,29.274,0,99,63,65,680,0,0,0,6.07212,3.74705,0,2054,41786926807
15.5607,64.2644,26.4286,0,92,64,65,680,0,0,0,6.07228,3.74704,0,2054,41887035922
15.5254,64.4105,26.4286,0,92,64,65,680,0,0,0,6.07228,3.74704,0,2054,41987143161
15.6051,64.0816,26.4286,0,92,64,65,680,0,0,0,6.07228,3.74704,0,2054,42087216599
15.5423,64.3405,26.4286,0,92,64,65,680,0,0,0,6.07228,3.74704,0,2054,42187370818
15.7375,63.5424,26.4286,0,92,64,65,680,0,0,0,6.07228,3.74704,0,2054,42287493057
15.6976,63.7041,26.4286,0,92,64,65,680,0,0,0,6.07228,3.74704,0,2054,42387607745
15.5329,64.3794,28.436,0,100,63,65,680,0,0,0,6.07417,3.74607,0,2054,42487720297
15.4724,64.6311,28.436,0,100,63,65,680,0,0,0,6.07417,3.74607,0,2054,42587961651
15.7204,63.6117,28.436,0,100,63,65,680,0,0,0,6.07417,3.74607,0,2054,42688062745
15.4968,64.5295,28.436,0,100,63,65,680,0,0,0,6.07417,3.74607,0,2054,42788183994
15.6485,63.9037,28.436,0,100,63,65,680,0,0,0,6.07417,3.74607,0,2054,42888304047
15.4298,64.8095,27.6347,0,100,64,65,680,0,0,0,6.0734,3.74567,0,1920,42988419828
15.5029,64.5041,27.6347,0,100,64,65,680,0,0,0,6.0734,3.74567,0,1920,43088561026
15.5904,64.1419,27.6347,0,100,64,65,680,0,0,0,6.0734,3.74567,0,1920,43188679255
15.2882,65.4101,27.6347,0,100,64,65,680,0,0,0,6.0734,3.74567,0,1920,43288796963
15.6942,63.7177,27.6347,0,100,64,65,680,0,0,0,6.0734,3.74567,0,1920,43388908890
15.5045,64.4975,28.3688,0,99,63,66,680,0,0,0,6.07345,3.74545,0,1920,43489075557
15.4829,64.5872,28.3688,0,99,63,66,680,0,0,0,6.07345,3.74545,0,1920,43589180557
15.4298,64.8096,28.3688,0,99,63,66,680,0,0,0,6.07345,3.74545,0,1920,43689293369
15.5328,64.3798,28.3688,0,99,63,66,680,0,0,0,6.07345,3.74545,0,1920,43789412796
15.576,64.2014,28.3688,0,99,63,66,680,0,0,0,6.07345,3.74545,0,1920,43889525088
15.331,65.2274,24.5327,0,93,64,65,680,0,0,0,6.07366,3.74545,0,1785,43989641598
15.6713,63.811,24.5327,0,93,64,65,680,0,0,0,6.07366,3.74545,0,1785,44089813786
15.3959,64.9522,24.5327,0,93,64,65,680,0,0,0,6.07366,3.74545,0,1785,44189919359
15.6692,63.8193,24.5327,0,93,64,65,680,0,0,0,6.07366,3.74545,0,1785,44290033056
15.6083,64.0684,24.5327,0,93,64,65,680,0,0,0,6.07366,3.74545,0,1785,44390152067
15.5241,64.416,27.1429,0,100,63,65,680,0,0,0,6.07366,3.74541,0,1785,44490275921
15.5224,64.423,27.1429,0,100,63,65,680,0,0,0,6.07366,3.74541,0,1785,44590383733
15.6388,63.9435,27.1429,0,100,63,65,680,0,0,0,6.07366,3.74541,0,1785,44690492588
15.3313,65.2259,27.1429,0,100,63,65,680,0,0,0,6.07366,3.74541,0,1785,44790609723
15.5567,64.2809,27.1429,0,100,63,65,680,0,0,0,6.07366,3.74541,0,1785,44890726077
15.4143,64.8749,26.4019,0,100,64,65,680,0,0,0,6.07357,3.74438,0,1785,44990843056
15.5836,64.1701,26.4019,0,100,64,65,680,0,0,0,6.07357,3.74438,0,1785,45090957223
15.4412,64.7617,26.4019,0,100,64,65,680,0,0,0,6.07357,3.74438,0,1785,45191078733
15.6856,63.7529,26.4019,0,100,64,65,680,0,0,0,6.07357,3.74438,0,1785,45291232171
15.3924,64.967,26.4019,0,100,64,65,680,0,0,0,6.07357,3.74438,0,1785,45391361129
15.6905,63.7329,25.7611,0,100,64,65,680,0,0,0,6.07352,3.7443,0,1651,45491476910
15.5518,64.3014,25.7611,0,100,64,65,680,0,0,0,6.07352,3.7443,0,1651,45591578889
15.4847,64.5799,25.7611,0,100,64,65,680,0,0,0,6.07352,3.7443,0,1651,45691694045
15.5296,64.3931,25.7611,0,100,64,65,680,0,0,0,6.07352,3.7443,0,1651,45791816806
15.3168,65.2877,25.7611,0,100,64,65,680,0,0,0,6.07352,3.7443,0,1651,45891927795
15.616,64.0369,25.7611,0,100,64,65,680,0,0,0,6.07352,3.7443,0,1651,45992034306
15.6851,63.7548,26.7773,0,91,63,65,680,0,0,0,6.07343,3.7443,0,1920,46092142795
15.6248,64.0006,26.7773,0,91,63,65,680,0,0,0,6.07343,3.7443,0,1920,46192317222
15.6377,63.948,26.7773,0,91,63,65,680,0,0,0,6.07343,3.7443,0,1920,46292457222
15.1536,65.9907,26.7773,0,91,63,65,680,0,0,0,6.07343,3.7443,0,1920,46392569201
15.9543,62.6789,26.7773,0,91,63,65,680,0,0,0,6.07343,3.7443,0,1920,46492665191
15.7051,63.6737,26.5258,0,100,63,65,680,0,0,0,6.07365,3.74426,0,1785,46592773212
15.4364,64.7818,26.5258,0,100,63,65,680,0,0,0,6.07365,3.74426,0,1785,46692871233
15.4171,64.8629,26.5258,0,100,63,65,680,0,0,0,6.07365,3.74426,0,1785,46792991441
15.6674,63.8267,26.5258,0,100,63,65,680,0,0,0,6.07365,3.74426,0,1785,46893187170
15.3039,65.3429,26.5258,0,100,63,65,680,0,0,0,6.07365,3.74426,0,1785,46993410816
15.5105,64.4723,25.9953,0,100,64,65,680,0,0,0,6.07344,3.74401,0,1651,47093604253
15.8969,62.9053,25.9953,0,100,64,65,680,0,0,0,6.07344,3.74401,0,1651,47193775659
15.6215,64.0145,25.9953,0,100,64,65,680,0,0,0,6.07344,3.74401,0,1651,47294125868
15.4523,64.7153,25.9953,0,100,64,65,680,0,0,0,6.07344,3.74401,0,1651,47394230764
15.1282,66.1019,25.9953,0,100,64,65,680,0,0,0,6.07344,3.74401,0,1651,47494352430
15.7993,63.2939,28,0,100,65,65,680,0,0,0,6.07344,3.74398,0,2054,47594464930
15.3606,65.1015,28,0,100,65,65,680,0,0,0,6.07344,3.74398,0,2054,47696412691
15.4758,64.617,28,0,100,65,65,680,0,0,0,6.07344,3.74398,0,2054,47796518524
15.3,65.3596,28,0,100,65,65,680,0,0,0,6.07344,3.74398,0,2054,47896647430
15.4805,64.5975,28,0,100,65,65,680,0,0,0,6.07344,3.74398,0,2054,47996787899
15.4732,64.628,24.4131,0,99,64,66,680,0,0,0,6.07435,3.74393,0,2054,48096921701
15.5216,64.4264,24.4131,0,99,64,66,680,0,0,0,6.07435,3.74393,0,2054,48197051857
15.6352,63.9582,24.4131,0,99,64,66,680,0,0,0,6.07435,3.74393,0,2054,48297158263
15.3313,65.2259,24.4131,0,99,64,66,680,0,0,0,6.07435,3.74393,0,2054,48397289097
15.5605,64.2652,24.4131,0,99,64,66,680,0,0,0,6.07435,3.74393,0,2054,48497608732
15.6451,63.9179,24.8815,0,93,64,65,680,0,0,0,6.07435,3.74379,0,1785,48597777482
15.6039,64.0865,24.8815,0,93,64,65,680,0,0,0,6.07435,3.74379,0,1785,48697956232
15.5975,64.1128,24.8815,0,93,64,65,680,0,0,0,6.07435,3.74379,0,1785,48798118471
15.5491,64.3125,24.8815,0,93,64,65,680,0,0,0,6.07435,3.74379,0,1785,48898295138
15.2711,65.4831,24.8815,0,93,64,65,680,0,0,0,6.07435,3.74379,0,1785,48998478003
15.8918,62.9255,24.8815,0,93,64,65,680,0,0,0,6.07435,3.74379,0,1785,49098666700
15.2773,65.4566,26.8868,0,100,64,65,680,0,0,0,6.07435,3.74369,0,1920,49198834200
15.4113,64.8875,26.8868,0,100,64,65,680,0,0,0,6.07435,3.74369,0,1920,49299015398
15.3283,65.239,26.8868,0,100,64,65,680,0,0,0,6.07435,3.74369,0,1920,49399181127
15.725,63.593,26.8868,0,100,64,65,680,0,0,0,6.07435,3.74369,0,1920,49499361336
15.6268,63.9927,26.8868,0,100,64,65,680,0,0,0,6.07435,3.74369,0,1920,49599739981
15.5639,64.2512,27.1462,0,100,65,65,680,0,0,0,6.07456,3.74305,0,1920,49699851336
15.3454,65.166,27.1462,0,100,65,65,680,0,0,0,6.07456,3.74305,0,1920,49799962221
15.6246,64.0016,27.1462,0,100,65,65,680,0,0,0,6.07456,3.74305,0,1920,49900088836
15.3309,65.2277,27.1462,0,100,65,65,680,0,0,0,6.07456,3.74305,0,1920,50000242950
15.5902,64.1429,27.1462,0,100,65,65,680,0,0,0,6.07456,3.74305,0,1920,50100399252
15.4761,64.6159,26.0047,0,100,64,66,680,0,0,0,6.0753,3.74296,0,2054,50200550710
15.4845,64.5806,26.0047,0,100,64,66,680,0,0,0,6.0753,3.74296,0,2054,50300772221
15.5228,64.4215,26.0047,0,100,64,66,680,0,0,0,6.0753,3.74296,0,2054,50400982794
15.6129,64.0497,26.0047,0,100,64,66,680,0,0,0,6.0753,3.74296,0,2054,50501138523
15.5264,64.4062,26.0047,0,100,64,66,680,0,0,0,6.0753,3.74296,0,2054,50601328679
15.2893,65.4054,26.5882,0,100,64,67,680,0,0,0,6.07684,3.74292,0,1651,50701497689
15.5208,64.4297,26.5882,0,100,64,67,680,0,0,0,6.07684,3.74292,0,1651,50801665971
15.4242,64.8333,26.5882,0,100,64,67,680,0,0,0,6.07684,3.74292,0,1651,50901814200
15.6202,64.0196,26.5882,0,100,64,67,680,0,0,0,6.07684,3.74292,0,1651,51001968262
15.611,64.0575,26.5882,0,100,64,67,680,0,0,0,6.07684,3.74292,0,1651,51102117377
15.4864,64.5727,29.3706,0,99,64,66,680,0,0,0,6.07705,3.74291,0,1651,51202231231
15.2712,65.4828,29.3706,0,99,64,66,680,0,0,0,6.07705,3.74291,0,1651,51302381752
15.3086,65.3226,29.3706,0,99,64,66,680,0,0,0,6.07705,3.74291,0,1651,51402577845
14.7158,67.9543,29.3706,0,99,64,66,680,0,0,0,6.07705,3.74291,0,1651,51502787272
16.0803,62.1878,29.3706,0,99,64,66,680,0,0,0,6.07705,3.74291,0,1651,51602969564
15.7571,63.4635,26.9953,0,91,65,66,680,0,0,0,6.07685,3.7429,0,2054,51703137481
15.3725,65.051,26.9953,0,91,65,66,680,0,0,0,6.07685,3.7429,0,2054,51803292585
15.6196,64.0219,26.9953,0,91,65,66,680,0,0,0,6.07685,3.7429,0,2054,51903411074
16.7345,59.7569,26.9953,0,91,65,66,680,0,0,0,6.07685,3.7429,0,2054,52003789616
15.5644,64.2493,26.9953,0,91,65,66,680,0,0,0,6.07685,3.7429,0,2054,52103896178
15.6042,64.0852,34.2723,0,100,65,66,680,0,0,0,6.09031,3.73666,0,1651,52204012220
15.5029,64.5039,34.2723,0,100,65,66,680,0,0,0,6.09031,3.73666,0,1651,52304123210
15.643,63.9265,34.2723,0,100,65,66,680,0,0,0,6.09031,3.73666,0,1651,52404229668
15.4646,64.6636,34.2723,0,100,65,66,680,0,0,0,6.09031,3.73666,0,1651,52504339147
15.4342,64.7913,34.2723,0,100,65,66,680,0,0,0,6.09031,3.73666,0,1651,52604451491
15.5246,64.414,34.2723,0,100,65,66,680,0,0,0,6.09031,3.73666,0,1651,52704566282
15.3303,65.2302,23.9437,0,100,63,65,680,0,0,0,6.09055,3.73658,0,1785,52804686699
15.5311,64.3868,23.9437,0,100,63,65,680,0,0,0,6.09055,3.73658,0,1785,52904800084
15.4467,64.7389,23.9437,0,100,63,65,680,0,0,0,6.09055,3.73658,0,1785,53004921074
15.3192,65.2777,23.9437,0,100,63,65,680,0,0,0,6.09055,3.73658,0,1785,53105026074
15.7146,63.635,23.9437,0,100,63,65,680,0,0,0,6.09055,3.73658,0,1785,53205123938
15.6033,64.0891,22.8235,0,100,64,66,680,0,0,0,6.09055,3.73658,0,1785,53307000605
15.3439,65.1723,22.8235,0,100,64,66,680,0,0,0,6.09055,3.73658,0,1785,53407143053
15.6692,63.8193,22.8235,0,100,64,66,680,0,0,0,6.09055,3.73658,0,1785,53507269095
15.3246,65.2544,22.8235,0,100,64,66,680,0,0,0,6.09055,3.73658,0,1785,53607383782
15.3816,65.0126,22.8235,0,100,64,66,680,0,0,0,6.09055,3.73658,0,1785,53707531907
15.5695,64.2282,25.1163,0,100,63,65,680,0,0,0,6.09077,3.73658,0,1651,53807710553
15.296,65.3766,25.1163,0,100,63,65,680,0,0,0,6.09077,3.73658,0,1651,53907888574
15.4326,64.798,25.1163,0,100,63,65,680,0,0,0,6.09077,3.73658,0,1651,54008045084
15.4342,64.7911,25.1163,0,100,63,65,680,0,0,0,6.09077,3.73658,0,1651,54108203834
15.516,64.4497,25.1163,0,100,63,65,680,0,0,0,6.09077,3.73658,0,1651,54208355032
15.4201,64.8504,24.5327,0,92,63,66,680,0,0,0,6.09055,3.73657,0,1920,54308451803
15.595,64.1231,24.5327,0,92,63,66,680,0,0,0,6.09055,3.73657,0,1920,54408573886
15.3692,65.0652,24.5327,0,92,63,66,680,0,0,0,6.09055,3.73657,0,1920,54508759407
15.6897,63.7361,24.5327,0,92,63,66,680,0,0,0,6.09055,3.73657,0,1920,54608924042
15.4772,64.611,24.5327,0,92,63,66,680,0,0,0,6.09055,3.73657,0,1920,54709024563
15.5418,64.3428,21.831,0,100,64,66,680,0,0,0,6.09046,3.73657,0,1920,54809162011
15.6649,63.837,21.831,0,100,64,66,680,0,0,0,6.09046,3.73657,0,1920,54909338521
15.449,64.7292,21.831,0,100,64,66,680,0,0,0,6.09046,3.73657,0,1920,55009491334
15.442,64.7584,21.831,0,100,64,66,680,0,0,0,6.09046,3.73657,0,1920,55109683261
15.383,65.0069,21.831,0,100,64,66,680,0,0,0,6.09046,3.73657,0,1920,55209831281
15.3765,65.0343,26.2791,0,100,64,66,680,0,0,0,6.09046,3.73646,0,1785,55309941854
15.3257,65.25,26.2791,0,100,64,66,680,0,0,0,6.09046,3.73646,0,1785,55410051177
15.4656,64.6595,26.2791,0,100,64,66,680,0,0,0,6.09046,3.73646,0,1785,55510174510
15.5594,64.2697,26.2791,0,100,64,66,680,0,0,0,6.09046,3.73646,0,1785,55610337323
15.3432,65.1756,26.2791,0,100,64,66,680,0,0,0,6.09046,3.73646,0,1785,55710502479
15.5119,64.4668,26.2791,0,100,64,66,680,0,0,0,6.09046,3.73646,0,1785,55810670240
15.3486,65.1527,25.1765,0,100,63,66,680,0,0,0,6.09039,3.73646,0,1651,55910958469
15.5994,64.1048,25.1765,0,100,63,66,680,0,0,0,6.09039,3.73646,0,1651,56011083781
15.5926,64.1332,25.1765,0,100,63,66,680,0,0,0,6.09039,3.73646,0,1651,56111262166
15.688,63.7429,25.1765,0,100,63,66,680,0,0,0,6.09039,3.73646,0,1651,56211433781
15.3385,65.1955,25.1765,0,100,63,66,680,0,0,0,6.09039,3.73646,0,1651,56311555708
15.3185,65.2805,25,0,92,65,66,680,0,0,0,6.09069,3.73645,0,2054,56411776177
15.4736,64.6261,25,0,92,65,66,680,0,0,0,6.09069,3.73645,0,2054,56511953625
15.2064,65.7618,25,0,92,65,66,680,0,0,0,6.09069,3.73645,0,2054,56612126698
15.626,63.9961,25,0,92,65,66,680,0,0,0,6.09069,3.73645,0,2054,56712354354
15.354,65.1297,25,0,92,65,66,680,0,0,0,6.09069,3.73645,0,2054,56812538833
15.4841,64.5823,25.3521,0,100,65,65,680,0,0,0,6.09069,3.73645,0,1785,56912722583
15.5329,64.3793,25.3521,0,100,65,65,680,0,0,0,6.09069,3.73645,0,1785,57012876906
15.4207,64.8478,25.3521,0,100,65,65,680,0,0,0,6.09069,3.73645,0,1785,57113117687
15.3015,65.3533,25.3521,0,100,65,65,680,0,0,0,6.09069,3.73645,0,1785,57213269093
15.6066,64.0755,25.3521,0,100,65,65,680,0,0,0,6.09069,3.73645,0,1785,57313437270
15.3753,65.0392,23.2019,0,100,64,66,680,0,0,0,6.09069,3.73645,0,1785,57413641541
15.3275,65.2422,23.2019,0,100,64,66,680,0,0,0,6.09069,3.73645,0,1785,57513790083
15.2533,65.5597,23.2019,0,100,64,66,680,0,0,0,6.09069,3.73645,0,1785,57613893728
15.5494,64.3113,23.2019,0,100,64,66,680,0,0,0,6.09069,3.73645,0,1785,57714000708
15.5694,64.2286,23.2019,0,100,64,66,680,0,0,0,6.09069,3.73645,0,1785,57814112322
15.3701,65.0613,22.2222,0,100,64,67,680,0,0,0,6.09091,3.73645,0,1785,57914232010
15.4009,64.9311,22.2222,0,100,64,67,680,0,0,0,6.09091,3.73645,0,1785,58014344301
15.816,63.2271,22.2222,0,100,64,67,680,0,0,0,6.09091,3.73645,0,1785,58114472634
15.6714,63.8106,22.2222,0,100,64,67,680,0,0,0,6.09091,3.73645,0,1785,58214645864
15.6617,63.8498,22.2222,0,100,64,67,680,0,0,0,6.09091,3.73645,0,1785,58314804301
15.3182,65.2819,23.9437,0,92,64,66,680,0,0,0,6.09064,3.73645,0,1785,58414925916
15.5754,64.2039,23.9437,0,92,64,66,680,0,0,0,6.09064,3.73645,0,1785,58515042374
15.4734,64.6271,23.9437,0,92,64,66,680,0,0,0,6.09064,3.73645,0,1785,58615177947
15.4596,64.6849,23.9437,0,92,64,66,680,0,0,0,6.09064,3.73645,0,1785,58715291332
15.5451,64.329,23.9437,0,92,64,66,680,0,0,0,6.09064,3.73645,0,1785,58815405290
15.4693,64.6441,23.9437,0,92,64,66,680,0,0,0,6.09064,3.73645,0,1785,58915523103
15.5053,64.494,23.9535,0,100,64,66,680,0,0,0,6.09042,3.73645,0,1651,59015638936
15.4521,64.7161,23.9535,0,100,64,66,680,0,0,0,6.09042,3.73645,0,1651,59115715447
15.3099,65.3173,23.9535,0,100,64,66,680,0,0,0,6.09042,3.73645,0,1651,59215838519
15.39,64.9774,23.9535,0,100,64,66,680,0,0,0,6.09042,3.73645,0,1651,59315949249
15.6466,63.9118,23.9535,0,100,64,66,680,0,0,0,6.09042,3.73645,0,1651,59416058676
15.3172,65.2861,26.3529,0,100,64,66,680,0,0,0,6.09042,3.73645,0,1920,59516277426
15.644,63.9221,26.3529,0,100,64,66,680,0,0,0,6.09042,3.73645,0,1920,59616391280
15.3962,64.9511,26.3529,0,100,64,66,680,0,0,0,6.09042,3.73645,0,1920,59716501592
15.2639,65.5139,26.3529,0,100,64,66,680,0,0,0,6.09042,3.73645,0,1920,59816627790
15.6677,63.8256,26.3529,0,100,64,66,680,0,0,0,6.09042,3.73645,0,1920,59916737582
15.8008,63.288,23.2227,0,100,64,67,680,0,0,0,6.09477,3.73645,0,1785,60016855863
15.8778,62.9808,23.2227,0,100,64,67,680,0,0,0,6.09477,3.73645,0,1785,60116967165
15.5261,64.4077,23.2227,0,100,64,67,680,0,0,0,6.09477,3.73645,0,1785,60217078050
15.3211,65.2694,23.2227,0,100,64,67,680,0,0,0,6.09477,3.73645,0,1785,60317181279
15.4077,64.9026,23.2227,0,100,64,67,680,0,0,0,6.09477,3.73645,0,1785,60417306227
15.1577,65.973,23.3491,0,100,64,67,680,0,0,0,6.09477,3.73645,0,1920,60517487009
15.4518,64.7174,23.3491,0,100,64,67,680,0,0,0,6.09477,3.73645,0,1920,60617744144
15.475,64.6202,23.3491,0,100,64,67,680,0,0,0,6.09477,3.73645,0,1920,60717851800
15.356,65.1211,23.3491,0,100,64,67,680,0,0,0,6.09477,3.73645,0,1920,60817966904
15.6652,63.8358,23.3491,0,100,64,67,680,0,0,0,6.09477,3.73645,0,1920,60918078258
15.6361,63.9545,23.8318,0,93,64,66,680,0,0,0,6.09449,3.73625,0,1920,61018188363
15.694,63.7186,23.8318,0,93,64,66,680,0,0,0,6.09449,3.73625,0,1920,61118303206
15.4449,64.7465,23.8318,0,93,64,66,680,0,0,0,6.09449,3.73625,0,1920,61218418675
15.3778,65.0289,23.8318,0,93,64,66,680,0,0,0,6.09449,3.73625,0,1920,61318540289
15.4646,64.6637,23.8318,0,93,64,66,680,0,0,0,6.09449,3.73625,0,1920,61418639821
15.3975,64.9455,23.9437,0,100,64,66,680,0,0,0,6.09449,3.73625,0,1785,61518745237
15.5865,64.1579,23.9437,0,100,64,66,680,0,0,0,6.09449,3.73625,0,1785,61618849560
15.7437,63.5173,23.9437,0,100,64,66,680,0,0,0,6.09449,3.73625,0,1785,61718951123
15.3509,65.1426,23.9437,0,100,64,66,680,0,0,0,6.09449,3.73625,0,1785,61819027425
15.598,64.1107,23.9437,0,100,64,66,680,0,0,0,6.09449,3.73625,0,1785,61919175498
15.4353,64.7867,23.9437,0,100,64,66,680,0,0,0,6.09449,3.73625,0,1785,62019294091
15.3055,65.336,23.7647,0,100,65,66,680,0,0,0,6.09449,3.73543,0,2054,62119410706
15.5326,64.3808,23.7647,0,100,65,66,680,0,0,0,6.09449,3.73543,0,2054,62219531800
15.5892,64.1468,23.7647,0,100,65,66,680,0,0,0,6.09449,3.73543,0,2054,62319634456
15.3491,65.1503,23.7647,0,100,65,66,680,0,0,0,6.09449,3.73543,0,2054,62419741331
15.5627,64.2562,23.7647,0,100,65,66,680,0,0,0,6.09449,3.73543,0,2054,62519819195
15.4408,64.7634,23.2227,0,91,64,66,680,0,0,0,6.09446,3.73543,0,1785,62619948518
15.27,65.4879,23.2227,0,91,64,66,680,0,0,0,6.09446,3.73543,0,1785,62720047789
15.5895,64.1459,23.2227,0,91,64,66,680,0,0,0,6.09446,3.73543,0,1785,62820155081
15.3411,65.1846,23.2227,0,91,64,66,680,0,0,0,6.09446,3.73543,0,1785,62920258778
15.6126,64.0508,23.2227,0,91,64,66,680,0,0,0,6.09446,3.73543,0,1785,63020366747
15.3431,65.1757,25.8216,0,100,65,66,680,0,0,0,6.08747,3.73423,0,1920,63120478466
15.4693,64.6442,25.8216,0,100,65,66,680,0,0,0,6.08747,3.73423,0,1920,63220598674
15.4686,64.647,25.8216,0,100,65,66,680,0,0,0,6.08747,3.73423,0,1920,63320716695
15.4155,64.8697,25.8216,0,100,65,66,680,0,0,0,6.08747,3.73423,0,1920,63420831903
15.5445,64.3314,25.8216,0,100,65,66,680,0,0,0,6.08747,3.73423,0,1920,63520948257
15.6293,63.9824,24.4706,0,100,64,67,680,0,0,0,6.08726,3.73423,0,1651,63621059559
15.6228,64.0091,24.4706,0,100,64,67,680,0,0,0,6.08726,3.73423,0,1651,63721170914
15.3572,65.1162,24.4706,0,100,64,67,680,0,0,0,6.08726,3.73423,0,1651,63821276434
15.4806,64.5969,24.4706,0,100,64,67,680,0,0,0,6.08726,3.73423,0,1651,63921400861
15.2998,65.3605,24.4706,0,100,64,67,680,0,0,0,6.08726,3.73423,0,1651,64021574872
15.313,65.3038,25.8216,0,100,65,67,680,0,0,0,6.08724,3.73423,0,1651,64121754611
15.3858,64.995,25.8216,0,100,65,67,680,0,0,0,6.08724,3.73423,0,1651,64221865705
15.6223,64.0112,25.8216,0,100,65,67,680,0,0,0,6.08724,3.73423,0,1651,64321974715
15.3571,65.1165,25.8216,0,100,65,67,680,0,0,0,6.08724,3.73423,0,1651,64422085601
15.4756,64.618,25.8216,0,100,65,67,680,0,0,0,6.08724,3.73423,0,1651,64522199090
15.3804,65.018,23.9437,0,99,65,67,680,0,0,0,6.08724,3.73423,0,1651,64622309299
15.4952,64.5361,23.9437,0,99,65,67,680,0,0,0,6.08724,3.73423,0,1651,64722419663
15.9193,62.8169,23.9437,0,99,65,67,680,0,0,0,6.08724,3.73423,0,1651,64822533726
15.1476,66.0169,23.9437,0,99,65,67,680,0,0,0,6.08724,3.73423,0,1651,64922646538
15.472,64.6329,23.9437,0,99,65,67,680,0,0,0,6.08724,3.73423,0,1651,65022759767
15.6699,63.8165,23.9437,0,99,65,67,680,0,0,0,6.08724,3.73423,0,1651,65122876746
15.6162,64.0359,23.7647,0,94,65,67,680,0,0,0,6.08724,3.73423,0,1785,65222995757
15.4984,64.5228,23.7647,0,94,65,67,680,0,0,0,6.08724,3.73423,0,1785,65323114455
15.504,64.4993,23.7647,0,94,65,67,680,0,0,0,6.08724,3.73423,0,1785,65423223986
15.3483,65.1537,23.7647,0,94,65,67,680,0,0,0,6.08724,3.73423,0,1785,65523338309
15.5719,64.2182,23.7647,0,94,65,67,680,0,0,0,6.08724,3.73423,0,1785,65623462840
15.3475,65.1571,22.2749,0,100,64,67,680,0,0,0,6.08724,3.73423,0,1785,65723573673
15.4484,64.7316,22.2749,0,100,64,67,680,0,0,0,6.08724,3.73423,0,1785,65823680861
15.5728,64.2146,22.2749,0,100,64,67,680,0,0,0,6.08724,3.73423,0,1785,65923787059
15.3937,64.9617,22.2749,0,100,64,67,680,0,0,0,6.08724,3.73423,0,1785,66023894142
15.5255,64.41,22.2749,0,100,64,67,680,0,0,0,6.08724,3.73423,0,1785,66124015340
15.411,64.8889,25.4118,0,100,64,67,680,0,0,0,6.08725,3.734,0,1785,66224122006
15.4673,64.6524,25.4118,0,100,64,67,680,0,0,0,6.08725,3.734,0,1785,66324245444
15.5762,64.2006,25.4118,0,100,64,67,680,0,0,0,6.08725,3.734,0,1785,66424347996
15.5901,64.1431,25.4118,0,100,64,67,680,0,0,0,6.08725,3.734,0,1785,66524454038
15.4076,64.9029,25.4118,0,100,64,67,680,0,0,0,6.08725,3.734,0,1785,66624573360
15.4548,64.7046,25.4118,0,99,64,67,680,0,0,0,6.08749,3.73399,0,1651,66724696433
15.4774,64.6102,25.4118,0,99,64,67,680,0,0,0,6.08749,3.73399,0,1651,66824821954
15.35,65.1467,25.4118,0,99,64,67,680,0,0,0,6.08749,3.73399,0,1651,66924946121
15.5533,64.2951,25.4118,0,99,64,67,680,0,0,0,6.08749,3.73399,0,1651,67025065079
15.6667,63.8295,25.4118,0,99,64,67,680,0,0,0,6.08749,3.73399,0,1651,67125163308
15.7791,63.3749,25.4717,0,93,64,67,680,0,0,0,6.08793,3.73399,0,1785,67225264246
15.9462,62.7108,25.4717,0,93,64,67,680,0,0,0,6.08793,3.73399,0,1785,67325371121
15.4305,64.8066,25.4717,0,93,64,67,680,0,0,0,6.08793,3.73399,0,1785,67425490548
15.4763,64.6149,25.4717,0,93,64,67,680,0,0,0,6.08793,3.73399,0,1785,67525611225
15.7688,63.4165,25.4717,0,93,64,67,680,0,0,0,6.08793,3.73399,0,1785,67625994975
15.2327,65.6482,24.4706,0,100,65,67,680,0,0,0,6.08772,3.73399,0,1651,67726111016
15.6169,64.033,24.4706,0,100,65,67,680,0,0,0,6.08772,3.73399,0,1651,67826226225
15.3253,65.2516,24.4706,0,100,65,67,680,0,0,0,6.08772,3.73399,0,1651,67926351954
15.3626,65.0932,24.4706,0,100,65,67,680,0,0,0,6.08772,3.73399,0,1651,68026463881
15.5273,64.4029,24.4706,0,100,65,67,680,0,0,0,6.08772,3.73399,0,1651,68126584662
15.1398,66.051,24.4706,0,100,65,67,680,0,0,0,6.08772,3.73399,0,1651,68226691224
15.388,64.9855,22.9508,0,100,65,67,680,0,0,0,6.08546,3.73221,0,1651,68326824818
15.3116,65.31,22.9508,0,100,65,67,680,0,0,0,6.08546,3.73221,0,1651,68426932422
15.5467,64.3224,22.9508,0,100,65,67,680,0,0,0,6.08546,3.73221,0,1651,68527048516
15.4771,64.6117,22.9508,0,100,65,67,680,0,0,0,6.08546,3.73221,0,1651,68627339558
15.351,65.1422,22.9508,0,100,65,67,680,0,0,0,6.08546,3.73221,0,1651,68727471328
15.5895,64.1456,26.3889,0,99,64,67,680,0,0,0,6.08546,3.73221,0,1536,68827595287
14.5385,68.7828,26.3889,0,99,64,67,680,0,0,0,6.08546,3.73221,0,1536,68927702318
15.4841,64.5824,26.3889,0,99,64,67,680,0,0,0,6.08546,3.73221,0,1536,69027814505
15.2306,65.6571,26.3889,0,99,64,67,680,0,0,0,6.08546,3.73221,0,1536,69127917682
15.3942,64.9596,26.3889,0,99,64,67,680,0,0,0,6.08546,3.73221,0,1536,69228027318
15.3481,65.1545,24.7086,0,92,65,67,680,0,0,0,6.08546,3.73221,0,1785,69328157057
15.2983,65.3666,24.7086,0,92,65,67,680,0,0,0,6.08546,3.73221,0,1785,69428279401
15.3544,65.128,24.7086,0,92,65,67,680,0,0,0,6.08546,3.73221,0,1785,69528406588
15.6142,64.0444,24.7086,0,92,65,67,680,0,0,0,6.08546,3.73221,0,1785,69628515495
15.3128,65.3048,24.7086,0,92,65,67,680,0,0,0,6.08546,3.73221,0,1785,69728624297
15.4152,64.871,24.7086,0,100,64,67,680,0,0,0,6.08546,3.73221,0,1920,69828728099
15.37,65.0618,24.7086,0,100,64,67,680,0,0,0,6.08546,3.73221,0,1920,69928856015
15.3233,65.2599,24.7086,0,100,64,67,680,0,0,0,6.08546,3.73221,0,1920,70029022786
15.2832,65.4313,24.7086,0,100,64,67,680,0,0,0,6.08546,3.73221,0,1920,70129145859
15.3884,64.9838,24.7086,0,100,64,67,680,0,0,0,6.08546,3.73221,0,1920,70229304869
15.4607,64.6801,23.9337,0,100,65,67,680,0,0,0,6.08545,3.7322,0,1651,70329403307
15.123,66.1246,23.9337,0,100,65,67,680,0,0,0,6.08545,3.7322,0,1651,70429510442
15.4295,64.8108,23.9337,0,100,65,67,680,0,0,0,6.08545,3.7322,0,1651,70529613619
15.4043,64.9168,23.9337,0,100,65,67,680,0,0,0,6.08545,3.7322,0,1651,70629718619
15.5923,64.1341,23.9337,0,100,65,67,680,0,0,0,6.08545,3.7322,0,1651,70729827213
15.2475,65.5846,23.8532,0,100,65,67,680,0,0,0,6.08545,3.7322,0,1651,70829937734
15.5382,64.3575,23.8532,0,100,65,67,680,0,0,0,6.08545,3.7322,0,1651,70930044505
15.4386,64.7727,23.8532,0,100,65,67,680,0,0,0,6.08545,3.7322,0,1651,71030214452
15.375,65.0408,23.8532,0,100,65,67,680,0,0,0,6.08545,3.7322,0,1651,71130383150
15.5027,64.505,23.8532,0,100,65,67,680,0,0,0,6.08545,3.7322,0,1651,71230577004
15.4437,64.7514,23.8532,0,100,65,67,680,0,0,0,6.08545,3.7322,0,1651,71330753671
15.4552,64.7031,25.522,0,92,65,67,680,0,0,0,6.08567,3.7322,0,1536,71430968671
15.1368,66.0643,25.522,0,92,65,67,680,0,0,0,6.08567,3.7322,0,1536,71531183411
15.3997,64.9365,25.522,0,92,65,67,680,0,0,0,6.08567,3.7322,0,1536,71631365702
14.683,68.1059,25.522,0,92,65,67,680,0,0,0,6.08567,3.7322,0,1536,71731482421
15.4775,64.6098,25.522,0,92,65,67,680,0,0,0,6.08567,3.7322,0,1536,71831609556
15.4053,64.9127,25.7541,0,100,64,67,680,0,0,0,6.08567,3.7322,0,1401,71931796692
15.3891,64.9809,25.7541,0,100,64,67,680,0,0,0,6.08567,3.7322,0,1401,72031974608
15.5443,64.3323,25.7541,0,100,64,67,680,0,0,0,6.08567,3.7322,0,1401,72132131431
15.4292,64.8122,25.7541,0,100,64,67,680,0,0,0,6.08567,3.7322,0,1401,72232258514
15.7319,63.565,25.7541,0,100,64,67,680,0,0,0,6.08567,3.7322,0,1401,72332393567
15.2089,65.7508,23.4597,0,100,64,67,680,0,0,0,6.08572,3.7322,0,1785,72432576744
15.4861,64.5742,23.4597,0,100,64,67,680,0,0,0,6.08572,3.7322,0,1785,72532731014
15.6549,63.878,23.4597,0,100,64,67,680,0,0,0,6.08572,3.7322,0,1785,72632845546
15.7733,63.3982,23.4597,0,100,64,67,680,0,0,0,6.08572,3.7322,0,1785,72732986639
15.5228,64.4215,23.4597,0,100,64,67,680,0,0,0,6.08572,3.7322,0,1785,72833147473
15.3864,64.9926,23.7209,0,99,65,68,680,0,0,0,6.08572,3.7322,0,1785,72933253410
15.4327,64.7973,23.7209,0,99,65,68,680,0,0,0,6.08572,3.7322,0,1785,73033364087
15.3252,65.2522,23.7209,0,99,65,68,680,0,0,0,6.08572,3.7322,0,1785,73133482889
15.5779,64.1933,23.7209,0,99,65,68,680,0,0,0,6.08572,3.7322,0,1785,73233649712
15.5019,64.5082,23.7209,0,99,65,68,680,0,0,0,6.08572,3.7322,0,1785,73333814504
15.4522,64.7156,22.3005,0,93,65,67,680,0,0,0,6.0855,3.73204,0,1785,73434004399
15.5103,64.4731,22.3005,0,93,65,67,680,0,0,0,6.0855,3.73204,0,1785,73534109712
15.5099,64.4751,22.3005,0,93,65,67,680,0,0,0,6.0855,3.73204,0,1785,73634224972
15.2894,65.4049,22.3005,0,93,65,67,680,0,0,0,6.0855,3.73204,0,1785,73734340754
15.554,64.2923,22.3005,0,93,65,67,680,0,0,0,6.0855,3.73204,0,1785,73834467108
15.6091,64.0653,28.1465,0,100,65,68,680,0,0,0,6.08543,3.73196,0,2054,73934590858
15.6986,63.6999,28.1465,0,100,65,68,680,0,0,0,6.08543,3.73196,0,2054,74034699920
15.3618,65.0965,28.1465,0,100,65,68,680,0,0,0,6.08543,3.73196,0,2054,74134801118
15.6224,64.0106,28.1465,0,100,65,68,680,0,0,0,6.08543,3.73196,0,2054,74234912264
15.5557,64.285,28.1465,0,100,65,68,680,0,0,0,6.08543,3.73196,0,2054,74335018774
15.5531,64.2959,28.1465,0,100,65,68,680,0,0,0,6.08543,3.73196,0,2054,74435135857
15.3927,64.9658,25.1765,0,100,65,67,680,0,0,0,6.08543,3.73196,0,1920,74535256951
15.6395,63.9405,25.1765,0,100,65,67,680,0,0,0,6.08543,3.73196,0,1920,74635364034
15.4624,64.6728,25.1765,0,100,65,67,680,0,0,0,6.08543,3.73196,0,1920,74735477836
15.6419,63.931,25.1765,0,100,65,67,680,0,0,0,6.08543,3.73196,0,1920,74835590545
15.3676,65.072,25.1765,0,100,65,67,680,0,0,0,6.08543,3.73196,0,1920,74935710180
15.2336,65.6442,24.7642,0,100,66,68,680,0,0,0,6.08527,3.73195,0,2054,75035829295
15.4851,64.5783,24.7642,0,100,66,68,680,0,0,0,6.08527,3.73195,0,2054,75135941847
15.439,64.771,24.7642,0,100,66,68,680,0,0,0,6.08527,3.73195,0,2054,75236054920
15.5499,64.3092,24.7642,0,100,66,68,680,0,0,0,6.08527,3.73195,0,2054,75336169867
15.3811,65.0151,24.7642,0,100,66,68,680,0,0,0,6.08527,3.73195,0,2054,75436286690
15.1655,65.9392,21.934,0,92,65,67,680,0,0,0,6.08527,3.73195,0,1651,75536446326
15.5153,64.4526,21.934,0,92,65,67,680,0,0,0,6.08527,3.73195,0,1651,75636556326
15.4042,64.9174,21.934,0,92,65,67,680,0,0,0,6.08527,3.73195,0,1651,75736666274
15.6112,64.0566,21.934,0,92,65,67,680,0,0,0,6.08527,3.73195,0,1651,75836773513
15.5654,64.2452,21.934,0,92,65,67,680,0,0,0,6.08527,3.73195,0,1651,75936877107
15.4226,64.8401,25.5869,0,100,65,68,680,0,0,0,6.0852,3.73195,0,1920,76036977992
15.4245,64.832,25.5869,0,100,65,68,680,0,0,0,6.0852,3.73195,0,1920,76137076221
15.644,63.9223,25.5869,0,100,65,68,680,0,0,0,6.0852,3.73195,0,1920,76237168721
15.7173,63.6241,25.5869,0,100,65,68,680,0,0,0,6.0852,3.73195,0,1920,76337269971
15.446,64.7415,25.5869,0,100,65,68,680,0,0,0,6.0852,3.73195,0,1920,76437376586
15.6229,64.0086,23.4043,0,100,65,68,680,0,0,0,6.0852,3.73195,0,1651,76537489711
15.3323,65.222,23.4043,0,100,65,68,680,0,0,0,6.0852,3.73195,0,1651,76637599242
15.5468,64.3218,23.4043,0,100,65,68,680,0,0,0,6.0852,3.73195,0,1651,76737706013
15.5587,64.2726,23.4043,0,100,65,68,680,0,0,0,6.0852,3.73195,0,1651,76837810648
15.6815,63.7696,23.4043,0,100,65,68,680,0,0,0,6.0852,3.73195,0,1651,76937911638
16.2572,61.5113,27.8422,0,100,65,68,680,0,0,0,6.08498,3.73195,0,2054,77038023981
15.0384,66.4966,27.8422,0,100,65,68,680,0,0,0,6.08498,3.73195,0,2054,77138170388
15.5993,64.1053,27.8422,0,100,65,68,680,0,0,0,6.08498,3.73195,0,2054,77238280596
15.46,64.6831,27.8422,0,100,65,68,680,0,0,0,6.08498,3.73195,0,2054,77338376013
15.6749,63.7963,27.8422,0,100,65,68,680,0,0,0,6.08498,3.73195,0,2054,77438487992
15.5362,64.3658,27.8422,0,100,65,68,680,0,0,0,6.08498,3.73195,0,2054,77538601221
15.3562,65.1205,25.6595,0,91,65,67,680,0,0,0,6.0815,3.73195,0,2054,77638722367
15.5143,64.4566,25.6595,0,91,65,67,680,0,0,0,6.0815,3.73195,0,2054,77738916064
15.6169,64.0332,25.6595,0,91,65,67,680,0,0,0,6.0815,3.73195,0,2054,77839125127
15.5331,64.3786,25.6595,0,91,65,67,680,0,0,0,6.0815,3.73195,0,2054,77939329085
16.0829,62.1779,25.6595,0,91,65,67,680,0,0,0,6.0815,3.73195,0,2054,78039436846
15.3206,65.2715,23.3491,0,100,64,67,680,0,0,0,6.08581,3.73195,0,1920,78139800179
15.5832,64.1716,23.3491,0,100,64,67,680,0,0,0,6.08581,3.73195,0,1920,78240099606
15.542,64.3416,23.3491,0,100,64,67,680,0,0,0,6.08581,3.73195,0,1920,78340207106
15.3003,65.3581,23.3491,0,100,64,67,680,0,0,0,6.08581,3.73195,0,1920,78440315283
15.8777,62.9813,23.3491,0,100,64,67,680,0,0,0,6.08581,3.73195,0,1920,78540379398
15.3888,64.9824,25.0585,0,100,65,68,680,0,0,0,6.08733,3.73194,0,2054,78640560700
15.1863,65.8489,25.0585,0,100,65,68,680,0,0,0,6.08733,3.73194,0,2054,78740659918
15.4687,64.6466,25.0585,0,100,65,68,680,0,0,0,6.08733,3.73194,0,2054,78840766377
15.7259,63.5893,25.0585,0,100,65,68,680,0,0,0,6.08733,3.73194,0,2054,78944297210
15.3071,65.3292,25.0585,0,100,65,68,680,0,0,0,6.08733,3.73194,0,2054,79044401533
15.5044,64.498,26.8868,0,92,66,68,680,0,0,0,6.08727,3.73194,0,2054,79144500699
15.4344,64.7905,26.8868,0,92,66,68,680,0,0,0,6.08727,3.73194,0,2054,79244634293
15.5039,64.4997,26.8868,0,92,66,68,680,0,0,0,6.08727,3.73194,0,2054,79344811793
15.4205,64.8487,26.8868,0,92,66,68,680,0,0,0,6.08727,3.73194,0,2054,79444982783
15.3584,65.1109,26.8868,0,92,66,68,680,0,0,0,6.08727,3.73194,0,2054,79545090595
15.523,64.4205,22.695,0,100,65,68,680,0,0,0,6.08727,3.73194,0,1536,79645206116
15.5465,64.3231,22.695,0,100,65,68,680,0,0,0,6.08727,3.73194,0,1536,79745322470
15.6738,63.8009,22.695,0,100,65,68,680,0,0,0,6.08727,3.73194,0,1536,79845461949
15.4233,64.8368,22.695,0,100,65,68,680,0,0,0,6.08727,3.73194,0,1536,79945644189
15.5382,64.3577,22.695,0,100,65,68,680,0,0,0,6.08727,3.73194,0,1536,80045758772
15.5526,64.298,25.1781,0,100,65,67,680,0,0,0,6.08379,3.73194,0,1401,80145873407
15.4602,64.6821,25.1781,0,100,65,67,680,0,0,0,6.08379,3.73194,0,1401,80245987105
15.5267,64.4053,25.1781,0,100,65,67,680,0,0,0,6.08379,3.73194,0,1401,80346102938
15.5121,64.4659,25.1781,0,100,65,67,680,0,0,0,6.08379,3.73194,0,1401,80446218772
15.5933,64.1302,25.1781,0,100,65,67,680,0,0,0,6.08379,3.73194,0,1401,80546339240
15.4543,64.7067,25.1781,0,100,65,67,680,0,0,0,6.08379,3.73194,0,1401,80646476740
15.2614,65.5246,24.8826,0,100,65,68,680,0,0,0,6.08118,3.73194,0,1171,80746618980
15.2959,65.3769,24.8826,0,100,65,68,680,0,0,0,6.08118,3.73194,0,1171,80846961220
15.4374,64.7779,24.8826,0,100,65,68,680,0,0,0,6.08118,3.73194,0,1171,80947084449
15.3194,65.2768,24.8826,0,100,65,68,680,0,0,0,6.08118,3.73194,0,1171,81048261376
15.3352,65.2095,24.8826,0,100,65,68,680,0,0,0,6.08118,3.73194,0,1171,81148362730
15.209,65.7506,22.1963,0,100,65,68,680,0,0,0,6.08077,3.73194,0,2054,81248471636
15.4372,64.7787,22.1963,0,100,65,68,680,0,0,0,6.08077,3.73194,0,2054,81348581011
15.3373,65.2007,22.1963,0,100,65,68,680,0,0,0,6.08077,3.73194,0,2054,81448701636
15.3113,65.3114,22.1963,0,100,65,68,680,0,0,0,6.08077,3.73194,0,2054,81548811948
15.5585,64.2736,22.1963,0,100,65,68,680,0,0,0,6.08077,3.73194,0,2054,81649001532
15.43,64.8088,23.8318,0,94,65,68,680,0,0,0,6.08099,3.73193,0,1651,81749110646
15.6235,64.0061,23.8318,0,94,65,68,680,0,0,0,6.08099,3.73193,0,1651,81849315907
15.5262,64.4072,23.8318,0,94,65,68,680,0,0,0,6.08099,3.73193,0,1651,81949500438
15.1492,66.01,23.8318,0,94,65,68,680,0,0,0,6.08099,3.73193,0,1651,82049661584
15.6194,64.0229,23.8318,0,94,65,68,680,0,0,0,6.08099,3.73193,0,1651,82149818719
15.3526,65.1356,25.1765,0,100,66,67,680,0,0,0,6.0817,3.73193,0,1651,82250000959
15.2741,65.4703,25.1765,0,100,66,67,680,0,0,0,6.0817,3.73193,0,1651,82350116011
15.2813,65.4393,25.1765,0,100,66,67,680,0,0,0,6.0817,3.73193,0,1651,82450229917
15.2414,65.6109,25.1765,0,100,66,67,680,0,0,0,6.0817,3.73193,0,1651,82550341948
15.5252,64.4115,25.1765,0,100,66,67,680,0,0,0,6.0817,3.73193,0,1651,82650457677
14.8962,67.1314,22.9167,0,100,65,68,680,0,0,0,6.0817,3.73193,0,1651,82750895542
15.8182,63.2185,22.9167,0,100,65,68,680,0,0,0,6.0817,3.73193,0,1651,82851012104
15.2013,65.7836,22.9167,0,100,65,68,680,0,0,0,6.0817,3.73193,0,1651,82951129240
15.7224,63.6034,22.9167,0,100,65,68,680,0,0,0,6.0817,3.73193,0,1651,83051242521
15.0865,66.2845,22.9167,0,100,65,68,680,0,0,0,6.0817,3.73193,0,1651,83151357573
15.8475,63.1016,22.9167,0,100,65,68,680,0,0,0,6.0817,3.73193,0,1651,83251470489
15.6616,63.8505,23.8876,0,92,65,68,680,0,0,0,6.0817,3.73193,0,1920,83351582260
15.606,64.0781,23.8876,0,92,65,68,680,0,0,0,6.0817,3.73193,0,1920,83451708927
15.2733,65.4737,23.8876,0,92,65,68,680,0,0,0,6.0817,3.73193,0,1920,83551827885
15.5888,64.1488,23.8876,0,92,65,68,680,0,0,0,6.0817,3.73193,0,1920,83651943510
15.5849,64.1646,23.8876,0,92,65,68,680,0,0,0,6.0817,3.73193,0,1920,83752057521
15.5485,64.3147,25.5814,0,100,65,67,680,0,0,0,6.08148,3.73193,0,1920,83852180750
15.383,65.0069,25.5814,0,100,65,67,680,0,0,0,6.08148,3.73193,0,1920,83952294031
15.4756,64.618,25.5814,0,100,65,67,680,0,0,0,6.08148,3.73193,0,1920,84052406895
15.5626,64.2568,25.5814,0,100,65,67,680,0,0,0,6.08148,3.73193,0,1920,84152533041
15.1621,65.9539,25.5814,0,100,65,67,680,0,0,0,6.08148,3.73193,0,1920,84252679604
15.5561,64.2834,23.2941,0,100,65,68,680,0,0,0,6.08147,3.73193,0,1536,84352794499
15.2959,65.3771,23.2941,0,100,65,68,680,0,0,0,6.08147,3.73193,0,1536,84452917364
15.4314,64.8031,23.2941,0,100,65,68,680,0,0,0,6.08147,3.73193,0,1536,84553046062
15.1248,66.1165,23.2941,0,100,65,68,680,0,0,0,6.08147,3.73193,0,1536,84653160072
15.5286,64.3975,23.2941,0,100,65,68,680,0,0,0,6.08147,3.73193,0,1536,84753279916
15.4418,64.7592,26.0047,0,100,65,68,680,0,0,0,6.08147,3.73193,0,1920,84853387833
16.1194,62.0369,26.0047,0,100,65,68,680,0,0,0,6.08147,3.73193,0,1920,84953503562
15.3107,65.3136,26.0047,0,100,65,68,680,0,0,0,6.08147,3.73193,0,1920,85053621635
15.2457,65.5924,26.0047,0,100,65,68,680,0,0,0,6.08147,3.73193,0,1920,85153741895
15.2556,65.5498,26.0047,0,100,65,68,680,0,0,0,6.08147,3.73193,0,1920,85253854551
15.1474,66.0181,25.3521,0,92,65,68,680,0,0,0,6.08147,3.73193,0,1651,85353964968
15.4047,64.9151,25.3521,0,92,65,68,680,0,0,0,6.08147,3.73193,0,1651,85454085645
15.6678,63.8253,25.3521,0,92,65,68,680,0,0,0,6.08147,3.73193,0,1651,85554203145
15.4353,64.7866,25.3521,0,92,65,68,680,0,0,0,6.08147,3.73193,0,1651,85655479186
15.2685,65.4945,25.3521,0,92,65,68,680,0,0,0,6.08147,3.73193,0,1651,85755586426
15.2518,65.566,23.31,0,100,65,68,680,0,0,0,6.08147,3.73193,0,1651,85860497468
15.5929,64.1316,23.31,0,100,65,68,680,0,0,0,6.08147,3.73193,0,1651,85960632832
15.5947,64.1244,23.31,0,100,65,68,680,0,0,0,6.08147,3.73193,0,1651,86060742155
15.3646,65.0847,23.31,0,100,65,68,680,0,0,0,6.08147,3.73193,0,1651,86160852884
15.4391,64.7707,23.31,0,100,65,68,680,0,0,0,6.08147,3.73193,0,1651,86260963822
15.5044,64.4979,23.31,0,100,65,68,680,0,0,0,6.08147,3.73193,0,1651,86361071374
15.3064,65.3323,23.8771,0,100,65,68,680,0,0,0,6.08148,3.73192,0,1785,86461185176
15.751,63.4879,23.8771,0,100,65,68,680,0,0,0,6.08148,3.73192,0,1785,86561306374
15.5679,64.2349,23.8771,0,100,65,68,680,0,0,0,6.08148,3.73192,0,1785,86661430644
15.412,64.8845,23.8771,0,100,65,68,680,0,0,0,6.08148,3.73192,0,1785,86761538874
15.6161,64.0366,23.8771,0,100,65,68,680,0,0,0,6.08148,3.73192,0,1785,86861644446
15.3859,64.9945,25.5814,0,100,66,68,680,0,0,0,6.0797,3.73188,0,1651,86961801582
15.6944,63.7172,25.5814,0,100,66,68,680,0,0,0,6.0797,3.73188,0,1651,87062041842
15.5498,64.3093,25.5814,0,100,66,68,680,0,0,0,6.0797,3.73188,0,1651,87162292155
15.3973,64.9463,25.5814,0,100,66,68,680,0,0,0,6.0797,3.73188,0,1651,87262589446
14.8837,67.1877,25.5814,0,100,66,68,680,0,0,0,6.0797,3.73188,0,1651,87362832571
16.2836,61.4114,23.2941,0,93,65,68,680,0,0,0,6.0797,3.73188,0,1920,87463162415
15.5459,64.3258,23.2941,0,93,65,68,680,0,0,0,6.0797,3.73188,0,1920,87563388665
15.5553,64.2869,23.2941,0,93,65,68,680,0,0,0,6.0797,3.73188,0,1920,87663619342
15.6743,63.7989,23.2941,0,93,65,68,680,0,0,0,6.0797,3.73188,0,1920,87763823144
15.2155,65.7223,23.2941,0,93,65,68,680,0,0,0,6.0797,3.73188,0,1920,87863987519
15.6428,63.9271,21.4118,0,100,65,68,680,0,0,0,6.07956,3.73188,0,2054,87964098717
15.8686,63.0176,21.4118,0,100,65,68,680,0,0,0,6.07956,3.73188,0,2054,88064360227
15.095,66.2469,21.4118,0,100,65,68,680,0,0,0,6.07956,3.73188,0,2054,88164477988
15.0765,66.3282,21.4118,0,100,65,68,680,0,0,0,6.07956,3.73188,0,2054,88264598613
15.751,63.4881,21.4118,0,100,65,68,680,0,0,0,6.07956,3.73188,0,2054,88364723092
15.4745,64.6225,26.2791,0,100,65,68,680,0,0,0,6.07948,3.73188,0,1651,88464840019
15.5194,64.4354,26.2791,0,100,65,68,680,0,0,0,6.07948,3.73188,0,1651,88564944967
15.3849,64.999,26.2791,0,100,65,68,680,0,0,0,6.07948,3.73188,0,1651,88665046946
15.6882,63.7421,26.2791,0,100,65,68,680,0,0,0,6.07948,3.73188,0,1651,88765150487
15.5219,64.425,26.2791,0,100,65,68,680,0,0,0,6.07948,3.73188,0,1651,88865260904
15.2866,65.417,24.0093,0,100,66,68,680,0,0,0,6.07948,3.73188,0,1785,88965380591
15.4015,64.9289,24.0093,0,100,66,68,680,0,0,0,6.07948,3.73188,0,1785,89065484706
15.578,64.1931,24.0093,0,100,66,68,680,0,0,0,6.07948,3.73188,0,1785,89165592154
15.2918,65.3945,24.0093,0,100,66,68,680,0,0,0,6.07948,3.73188,0,1785,89265709237
15.4311,64.8044,24.0093,0,100,66,68,680,0,0,0,6.07948,3.73188,0,1785,89365823248
15.1936,65.817,24.0093,0,100,66,68,680,0,0,0,6.07948,3.73188,0,1785,89465934810
15.2691,65.4916,24.4804,0,92,66,68,680,0,0,0,6.07925,3.73188,0,2054,89566044289
15.4585,64.6893,24.4804,0,92,66,68,680,0,0,0,6.07925,3.73188,0,2054,89666165175
15.4737,64.6257,24.4804,0,92,66,68,680,0,0,0,6.07925,3.73188,0,2054,89766315852
15.5999,64.103,24.4804,0,92,66,68,680,0,0,0,6.07925,3.73188,0,2054,89866424966
15.3717,65.0544,24.4804,0,92,66,68,680,0,0,0,6.07925,3.73188,0,2054,89966532049
15.6301,63.979,24.6544,0,100,65,68,680,0,0,0,6.07946,3.73188,0,1785,90066642101
15.5377,64.3594,24.6544,0,100,65,68,680,0,0,0,6.07946,3.73188,0,1785,90166763039
15.2783,65.4523,24.6544,0,100,65,68,680,0,0,0,6.07946,3.73188,0,1785,90266879601
15.6548,63.8781,24.6544,0,100,65,68,680,0,0,0,6.07946,3.73188,0,1785,90366998976
15.5131,64.4618,24.6544,0,100,65,68,680,0,0,0,6.07946,3.73188,0,1785,90467142778
15.603,64.0902,25.5319,0,100,66,68,680,0,0,0,6.0797,3.73188,0,1651,90567253768
15.4445,64.7481,25.5319,0,100,66,68,680,0,0,0,6.0797,3.73188,0,1651,90667385539
15.465,64.662,25.5319,0,100,66,68,680,0,0,0,6.0797,3.73188,0,1651,90767519393
15.5675,64.2365,25.5319,0,100,66,68,680,0,0,0,6.0797,3.73188,0,1651,90867645382
15.5395,64.3523,25.5319,0,100,66,68,680,0,0,0,6.0797,3.73188,0,1651,90967767101
15.4241,64.8334,24.8244,0,100,66,68,680,0,0,0,6.07957,3.73188,0,1459,91067890434
15.3332,65.2179,24.8244,0,100,66,68,680,0,0,0,6.07957,3.73188,0,1459,91168015539
15.208,65.755,24.8244,0,100,66,68,680,0,0,0,6.07957,3.73188,0,1459,91268122309
15.5025,64.5057,24.8244,0,100,66,68,680,0,0,0,6.07957,3.73188,0,1459,91368238038
15.4504,64.7233,24.8244,0,100,66,68,680,0,0,0,6.07957,3.73188,0,1459,91468350747
15.1381,66.0583,25.4673,0,100,67,68,680,0,0,0,6.07772,3.7318,0,1920,91568484757
15.6263,63.9948,25.4673,0,100,67,68,680,0,0,0,6.07772,3.7318,0,1920,91668612517
15.6102,64.0608,25.4673,0,100,67,68,680,0,0,0,6.07772,3.7318,0,1920,91768765278
15.1842,65.8579,25.4673,0,100,67,68,680,0,0,0,6.07772,3.7318,0,1920,91868954653
15.362,65.0956,25.4673,0,100,67,68,680,0,0,0,6.07772,3.7318,0,1920,91969118872
15.1701,65.9191,29.1469,0,93,66,68,680,0,0,0,6.08177,3.73053,0,2054,92069290903
15.594,64.1274,29.1469,0,93,66,68,680,0,0,0,6.08177,3.73053,0,2054,92169473194
15.415,64.872,29.1469,0,93,66,68,680,0,0,0,6.08177,3.73053,0,2054,92269670121
15.6453,63.9168,29.1469,0,93,66,68,680,0,0,0,6.08177,3.73053,0,2054,92369833559
15.543,64.3374,29.1469,0,93,66,68,680,0,0,0,6.08177,3.73053,0,2054,92470022673
15.1804,65.8746,29.1469,0,93,66,68,680,0,0,0,6.08177,3.73053,0,2054,92570217830
15.5543,64.291,24.4186,0,100,66,68,680,0,0,0,6.08177,3.73032,0,2054,92670391996
15.5546,64.2896,24.4186,0,100,66,68,680,0,0,0,6.08177,3.73032,0,2054,92770560642
15.4203,64.8497,24.4186,0,100,66,68,680,0,0,0,6.08177,3.73032,0,2054,92870728819
15.4953,64.5358,24.4186,0,100,66,68,680,0,0,0,6.08177,3.73032,0,2054,92970882205
15.4329,64.7965,24.4186,0,100,66,68,680,0,0,0,6.08177,3.73032,0,2054,93070994548
15.3708,65.0585,25.2336,0,100,66,68,680,0,0,0,6.08176,3.73031,0,1785,93171105746
15.636,63.9548,25.2336,0,100,66,68,680,0,0,0,6.08176,3.73031,0,1785,93271222361
15.4899,64.5581,25.2336,0,100,66,68,680,0,0,0,6.08176,3.73031,0,1785,93371338298
14.9535,66.8741,25.2336,0,100,66,68,680,0,0,0,6.08176,3.73031,0,1785,93471452361
15.3902,64.9766,25.2336,0,100,66,68,680,0,0,0,6.08176,3.73031,0,1785,93571568350
15.674,63.7999,24.594,0,100,67,68,680,0,0,0,6.08162,3.73031,0,1651,93671683975
15.3746,65.0421,24.594,0,100,67,68,680,0,0,0,6.08162,3.73031,0,1651,93771793454
15.5925,64.1335,24.594,0,100,67,68,680,0,0,0,6.08162,3.73031,0,1651,93871908610
15.3963,64.9506,24.594,0,100,67,68,680,0,0,0,6.08162,3.73031,0,1651,93972028975
15.3295,65.2339,24.594,0,100,67,68,680,0,0,0,6.08162,3.73031,0,1651,94072141527
15.4264,64.824,25.641,0,93,66,68,680,0,0,0,6.08154,3.73031,0,2054,94172201527
15.358,65.1124,25.641,0,93,66,68,680,0,0,0,6.08154,3.73031,0,2054,94272322152
15.7549,63.4722,25.641,0,93,66,68,680,0,0,0,6.08154,3.73031,0,2054,94372439704
15.6586,63.8626,25.641,0,93,66,68,680,0,0,0,6.08154,3.73031,0,2054,94472547985
15.651,63.8936,25.641,0,93,66,68,680,0,0,0,6.08154,3.73031,0,2054,94572663402
15.5391,64.3538,21.5777,0,100,66,68,680,0,0,0,6.08154,3.73031,0,2054,94672738975
15.2904,65.4006,21.5777,0,100,66,68,680,0,0,0,6.08154,3.73031,0,2054,94772847568
15.4319,64.8009,21.5777,0,100,66,68,680,0,0,0,6.08154,3.73031,0,2054,94872959652
15.4049,64.9145,21.5777,0,100,66,68,680,0,0,0,6.08154,3.73031,0,2054,94973069287
15.54,64.3499,21.5777,0,100,66,68,680,0,0,0,6.08154,3.73031,0,2054,95073171422
15.4134,64.8786,24.1784,0,100,66,69,680,0,0,0,6.08154,3.73007,0,1651,95173280537
15.6648,63.8373,24.1784,0,100,66,69,680,0,0,0,6.08154,3.73007,0,1651,95273395902
15.7717,63.4045,24.1784,0,100,66,69,680,0,0,0,6.08154,3.73007,0,1651,95373510745
15.4317,64.8016,24.1784,0,100,66,69,680,0,0,0,6.08154,3.73007,0,1651,95473624964
15.2055,65.7656,24.1784,0,100,66,69,680,0,0,0,6.08154,3.73007,0,1651,95574659339
15.3033,65.3456,24.1784,0,100,66,69,680,0,0,0,6.08154,3.73007,0,1651,95674799391
16.1517,61.9129,23.1308,0,92,66,68,680,0,0,0,6.08131,3.73006,0,1920,95774909651
15.6125,64.0513,23.1308,0,92,66,68,680,0,0,0,6.08131,3.73006,0,1920,95875029026
15.3405,65.1867,23.1308,0,92,66,68,680,0,0,0,6.08131,3.73006,0,1920,95975237151
15.201,65.7853,23.1308,0,92,66,68,680,0,0,0,6.08131,3.73006,0,1920,96075481005
15.5412,64.3452,23.1308,0,92,66,68,680,0,0,0,6.08131,3.73006,0,1920,96175663297
15.5184,64.4396,26.8235,0,100,66,68,680,0,0,0,6.08175,3.73006,0,1536,96275824182
15.5364,64.3648,26.8235,0,100,66,68,680,0,0,0,6.08175,3.73006,0,1536,96375994339
15.4648,64.6628,26.8235,0,100,66,68,680,0,0,0,6.08175,3.73006,0,1536,96476190797
14.8979,67.1235,26.8235,0,100,66,68,680,0,0,0,6.08175,3.73006,0,1536,96576377672
15.3838,65.0036,26.8235,0,100,66,68,680,0,0,0,6.08175,3.73006,0,1536,96676555849
15.4868,64.571,24.2925,0,100,66,68,680,0,0,0,6.08179,3.73006,0,1785,96776725641
15.5883,64.1507,24.2925,0,100,66,68,680,0,0,0,6.08179,3.73006,0,1785,96876879963
15.4548,64.7047,24.2925,0,100,66,68,680,0,0,0,6.08179,3.73006,0,1785,96977060849
15.4768,64.6127,24.2925,0,100,66,68,680,0,0,0,6.08179,3.73006,0,1785,97077216682
15.5741,64.2092,24.2925,0,100,66,68,680,0,0,0,6.08179,3.73006,0,1785,97177398713
15.4805,64.5973,24.2353,0,100,66,69,680,0,0,0,6.08178,3.73006,0,2054,97277549286
15.7323,63.5635,24.2353,0,100,66,69,680,0,0,0,6.08178,3.73006,0,2054,97377704599
15.4494,64.7276,24.2353,0,100,66,69,680,0,0,0,6.08178,3.73006,0,2054,97477871422
15.6175,64.0309,24.2353,0,100,66,69,680,0,0,0,6.08178,3.73006,0,2054,97578040276
15.3821,65.0108,24.2353,0,100,66,69,680,0,0,0,6.08178,3.73006,0,2054,97678235901
15.3767,65.0333,21.9626,0,91,66,68,680,0,0,0,6.0816,3.73006,0,1920,97778403453
15.2083,65.7535,21.9626,0,91,66,68,680,0,0,0,6.0816,3.73006,0,1920,97878530848
15.5744,64.2078,21.9626,0,91,66,68,680,0,0,0,6.0816,3.73006,0,1920,97978659026
15.7213,63.608,21.9626,0,91,66,68,680,0,0,0,6.0816,3.73006,0,1920,98078788296
15.6237,64.0054,21.9626,0,91,66,68,680,0,0,0,6.0816,3.73006,0,1920,98178910275
15.2986,65.3654,23.6534,0,100,66,68,680,0,0,0,6.08181,3.73006,0,1459,98279451005
15.2994,65.3619,23.6534,0,100,66,68,680,0,0,0,6.08181,3.73006,0,1459,98379615327
15.457,64.6957,23.6534,0,100,66,68,680,0,0,0,6.08181,3.73006,0,1459,98479783609
15.4187,64.8564,23.6534,0,100,66,68,680,0,0,0,6.08181,3.73006,0,1459,98579938452
15.2063,65.7623,23.6534,0,100,66,68,680,0,0,0,6.08181,3.73006,0,1459,98680048140
15.5495,64.3107,25.1163,0,100,66,68,680,0,0,0,6.0811,3.73006,0,1785,98780162671
15.3466,65.1608,25.1163,0,100,66,68,680,0,0,0,6.0811,3.73006,0,1785,98880280379
15.8357,63.1486,25.1163,0,100,66,68,680,0,0,0,6.0811,3.73006,0,1785,98980403140
15.3513,65.1411,25.1163,0,100,66,68,680,0,0,0,6.0811,3.73006,0,1785,99080521942
15.7002,63.6935,25.1163,0,100,66,68,680,0,0,0,6.0811,3.73006,0,1785,99180632150
15.287,65.4152,25.1163,0,100,66,68,680,0,0,0,6.0811,3.73006,0,1785,99280750171
15.7811,63.3669,24.1784,0,100,66,69,680,0,0,0,6.08105,3.73006,0,2054,99380879910
15.2465,65.5888,24.1784,0,100,66,69,680,0,0,0,6.08105,3.73006,0,2054,99480985015
15.7881,63.3386,24.1784,0,100,66,69,680,0,0,0,6.08105,3.73006,0,2054,99581106160
15.4409,64.763,24.1784,0,100,66,69,680,0,0,0,6.08105,3.73006,0,2054,99681221785
15.4144,64.8743,24.1784,0,100,66,69,680,0,0,0,6.08105,3.73006,0,2054,99781351629
15.5077,64.4843,24.4131,0,100,66,68,680,0,0,0,6.08105,3.73006,0,2054,99881483556
15.1662,65.9362,24.4131,0,100,66,68,680,0,0,0,6.08105,3.73006,0,2054,99981650587
15.4287,64.8141,24.4131,0,100,66,68,680,0,0,0,6.08105,3.73006,0,2054,100081815327
15.6496,63.8995,24.4131,0,100,66,68,680,0,0,0,6.08105,3.73006,0,2054,100181974493
15.423,64.8382,24.4131,0,100,66,68,680,0,0,0,6.08105,3.73006,0,2054,100282130952
15.6894,63.7374,27.1868,0,93,67,68,680,0,0,0,6.08335,3.72991,0,2054,100382237618
15.4538,64.7088,27.1868,0,93,67,68,680,0,0,0,6.08335,3.72991,0,2054,100482385327
15.5688,64.2311,27.1868,0,93,67,68,680,0,0,0,6.08335,3.72991,0,2054,100582559389
15.4258,64.8262,27.1868,0,93,67,68,680,0,0,0,6.08335,3.72991,0,2054,100682722670
15.5086,64.4805,27.1868,0,93,67,68,680,0,0,0,6.08335,3.72991,0,2054,100782890899
15.3332,65.2181,23.7762,0,100,67,68,680,0,0,0,6.08335,3.72991,0,1785,100883073295
15.4733,64.6275,23.7762,0,100,67,68,680,0,0,0,6.08335,3.72991,0,1785,100983256212
15.6375,63.949,23.7762,0,100,67,68,680,0,0,0,6.08335,3.72991,0,1785,101083424233
15.6074,64.072,23.7762,0,100,67,68,680,0,0,0,6.08335,3.72991,0,1785,101183611993
15.442,64.7583,23.7762,0,100,67,68,680,0,0,0,6.08335,3.72991,0,1785,101283831524
15.9878,62.5476,23.2779,0,100,66,68,680,0,0,0,6.08239,3.72968,0,1785,101384094128
15.3529,65.1341,23.2779,0,100,66,68,680,0,0,0,6.08239,3.72968,0,1785,101484328764
15.7012,63.6895,23.2779,0,100,66,68,680,0,0,0,6.08239,3.72968,0,1785,101584438868
15.5126,64.4635,23.2779,0,100,66,68,680,0,0,0,6.08239,3.72968,0,1785,101684553191
15.718,63.6214,23.2779,0,100,66,68,680,0,0,0,6.08239,3.72968,0,1785,101784658034
15.3002,65.3585,24.9423,0,100,66,69,680,0,0,0,6.08239,3.72949,0,2054,101884774180
15.5629,64.2554,24.9423,0,100,66,69,680,0,0,0,6.08239,3.72949,0,2054,101984886889
15.6199,64.0211,24.9423,0,100,66,69,680,0,0,0,6.08239,3.72949,0,2054,102085015378
15.2908,65.3987,24.9423,0,100,66,69,680,0,0,0,6.08239,3.72949,0,2054,102185129232
15.2298,65.6606,24.9423,0,100,66,69,680,0,0,0,6.08239,3.72949,0,2054,102285255899
15.6068,64.0748,25.3521,0,99,66,69,680,0,0,0,6.07978,3.72949,0,1920,102385373347
15.3313,65.2261,25.3521,0,99,66,69,680,0,0,0,6.07978,3.72949,0,1920,102485477357
15.4778,64.6085,25.3521,0,99,66,69,680,0,0,0,6.07978,3.72949,0,1920,102585589701
15.2961,65.3761,25.3521,0,99,66,69,680,0,0,0,6.07978,3.72949,0,1920,102685741524
15.419,64.8549,25.3521,0,99,66,69,680,0,0,0,6.07978,3.72949,0,1920,102785878138
15.5591,64.2712,25.3521,0,99,66,69,680,0,0,0,6.07978,3.72949,0,1920,102885986472
15.4841,64.5826,25.5814,0,93,66,68,680,0,0,0,6.07978,3.72948,0,1920,102986101159
15.4568,64.6964,25.5814,0,93,66,68,680,0,0,0,6.07978,3.72948,0,1920,103086215482
15.5073,64.4857,25.5814,0,93,66,68,680,0,0,0,6.07978,3.72948,0,1920,103186337930
15.3895,64.9793,25.5814,0,93,66,68,680,0,0,0,6.07978,3.72948,0,1920,103286449753
15.5775,64.1953,25.5814,0,93,66,68,680,0,0,0,6.07978,3.72948,0,1920,103386575534
15.4537,64.7096,24.9417,0,100,66,68,680,0,0,0,6.07992,3.72947,0,1920,103486688971
15.3388,65.194,24.9417,0,100,66,68,680,0,0,0,6.07992,3.72947,0,1920,103586797721
15.2511,65.5692,24.9417,0,100,66,68,680,0,0,0,6.07992,3.72947,0,1920,103686921888
15.8626,63.0412,24.9417,0,100,66,68,680,0,0,0,6.07992,3.72947,0,1920,103787034075
15.1618,65.9553,24.9417,0,100,66,68,680,0,0,0,6.07992,3.72947,0,1920,103887150273
16.0005,62.498,26.2411,0,100,67,68,680,0,0,0,6.07992,3.72945,0,2054,103987259752
15.1188,66.1429,26.2411,0,100,67,68,680,0,0,0,6.07992,3.72945,0,2054,104087361211
15.6775,63.7856,26.2411,0,100,67,68,680,0,0,0,6.07992,3.72945,0,2054,104187466940
15.0834,66.2982,26.2411,0,100,67,68,680,0,0,0,6.07992,3.72945,0,2054,104287580742
15.8018,63.284,26.2411,0,100,67,68,680,0,0,0,6.07992,3.72945,0,2054,104387690638
15.2616,65.5239,23.4192,0,100,66,69,680,0,0,0,6.0797,3.72944,0,1651,104487809804
15.462,64.6748,23.4192,0,100,66,69,680,0,0,0,6.0797,3.72944,0,1651,104587927721
15.543,64.3378,23.4192,0,100,66,69,680,0,0,0,6.0797,3.72944,0,1651,104688043294
15.0473,66.4572,23.4192,0,100,66,69,680,0,0,0,6.0797,3.72944,0,1651,104788169492
15.5981,64.1102,23.4192,0,100,66,69,680,0,0,0,6.0797,3.72944,0,1651,104888272617
15.4221,64.8421,24.186,0,93,66,68,680,0,0,0,6.07967,3.72943,0,1920,104988373867
15.2601,65.5304,24.186,0,93,66,68,680,0,0,0,6.07967,3.72943,0,1920,105088479387
15.5366,64.3641,24.186,0,93,66,68,680,0,0,0,6.07967,3.72943,0,1920,105188599752
15.4988,64.5213,24.186,0,93,66,68,680,0,0,0,6.07967,3.72943,0,1920,105288710116
15.7462,63.5072,24.186,0,93,66,68,680,0,0,0,6.07967,3.72943,0,1920,105388815377
15.3328,65.2195,24.186,0,93,66,68,680,0,0,0,6.07967,3.72943,0,1920,105488926523
15.6154,64.0395,23.9437,0,100,67,68,680,0,0,0,6.07948,3.72943,0,1651,105589033346
15.6954,63.713,23.9437,0,100,67,68,680,0,0,0,6.07948,3.72943,0,1651,105689140793
15.3139,65.3002,23.9437,0,100,67,68,680,0,0,0,6.07948,3.72943,0,1651,105789256106
15.5199,64.4335,23.9437,0,100,67,68,680,0,0,0,6.07948,3.72943,0,1651,105889349179
15.4957,64.5342,23.9437,0,100,67,68,680,0,0,0,6.07948,3.72943,0,1651,105989456835
15.2148,65.7256,27.3585,0,100,67,69,680,0,0,0,6.09295,3.72923,0,1920,106089569179
15.5912,64.1386,27.3585,0,100,67,69,680,0,0,0,6.09295,3.72923,0,1920,106189688397
15.5837,64.1695,27.3585,0,100,67,69,680,0,0,0,6.09295,3.72923,0,1920,106289802356
15.2562,65.5471,27.3585,0,100,67,69,680,0,0,0,6.09295,3.72923,0,1920,106389912095
15.4507,64.722,27.3585,0,100,67,69,680,0,0,0,6.09295,3.72923,0,1920,106490022043
15.5896,64.1452,23.3645,0,90,67,68,680,0,0,0,6.07274,3.7291,0,1785,106590126158
15.648,63.906,23.3645,0,90,67,68,680,0,0,0,6.07274,3.7291,0,1785,106690228970
15.3484,65.1533,23.3645,0,90,67,68,680,0,0,0,6.07274,3.7291,0,1785,106790342720
15.3316,65.2249,23.3645,0,90,67,68,680,0,0,0,6.07274,3.7291,0,1785,106890444230
15.3635,65.0893,23.3645,0,90,67,68,680,0,0,0,6.07274,3.7291,0,1785,106990610845
15.4888,64.563,25.4717,0,100,67,69,680,0,0,0,6.10821,3.72864,0,1920,107090780637
15.5303,64.3903,25.4717,0,100,67,69,680,0,0,0,6.10821,3.72864,0,1920,107190946001
15.3964,64.9503,25.4717,0,100,67,69,680,0,0,0,6.10821,3.72864,0,1920,107291104803
15.3724,65.0515,25.4717,0,100,67,69,680,0,0,0,6.10821,3.72864,0,1920,107391281678
15.5621,64.2586,25.4717,0,100,67,69,680,0,0,0,6.10821,3.72864,0,1920,107491470584
15.4115,64.8867,21.9858,0,100,66,69,680,0,0,0,6.10364,3.72863,0,1920,107591635272
15.2213,65.6976,21.9858,0,100,66,69,680,0,0,0,6.10364,3.72863,0,1920,107691739230
15.5562,64.2831,21.9858,0,100,66,69,680,0,0,0,6.10364,3.72863,0,1920,107791847355
15.2825,65.4342,21.9858,0,100,66,69,680,0,0,0,6.10364,3.72863,0,1920,107891959803
15.6105,64.0594,21.9858,0,100,66,69,680,0,0,0,6.10364,3.72863,0,1920,107992069178
15.3665,65.0765,22.7907,0,100,66,68,680,0,0,0,6.10144,3.72863,0,1785,108092203449
15.3141,65.2994,22.7907,0,100,66,68,680,0,0,0,6.10144,3.72863,0,1785,108192316261
15.5454,64.3279,22.7907,0,100,66,68,680,0,0,0,6.10144,3.72863,0,1785,108292433397
15.5897,64.145,22.7907,0,100,66,68,680,0,0,0,6.10144,3.72863,0,1785,108392539907
15.5763,64.2003,22.7907,0,100,66,68,680,0,0,0,6.10144,3.72863,0,1785,108492667355
15.4017,64.9277,22.7907,0,100,66,68,680,0,0,0,6.10144,3.72863,0,1785,108592777094
15.4952,64.536,28.066,0,92,67,69,680,0,0,0,6.10144,3.72859,0,1651,108692905636
15.6182,64.0278,28.066,0,92,67,69,680,0,0,0,6.10144,3.72859,0,1651,108793033136
15.1239,66.1207,28.066,0,92,67,69,680,0,0,0,6.10144,3.72859,0,1651,108893150948
15.149,66.0111,28.066,0,92,67,69,680,0,0,0,6.10144,3.72859,0,1651,108993275480
15.2789,65.4496,28.066,0,92,67,69,680,0,0,0,6.10144,3.72859,0,1651,109093711521
15.508,64.483,28.8684,0,100,66,68,680,0,0,0,6.09856,3.72859,0,1920,109193837823
15.4637,64.6675,28.8684,0,100,66,68,680,0,0,0,6.09856,3.72859,0,1920,109294017615
15.5521,64.3,28.8684,0,100,66,68,680,0,0,0,6.09856,3.72859,0,1920,109394179802
15.4715,64.6351,28.8684,0,100,66,68,680,0,0,0,6.09856,3.72859,0,1920,109494288084
15.486,64.5743,28.8684,0,100,66,68,680,0,0,0,6.09856,3.72859,0,1920,109594401469
15.4542,64.7071,22.0903,0,100,66,69,680,0,0,0,6.10215,3.72859,0,1785,109694517146
15.3363,65.2047,22.0903,0,100,66,69,680,0,0,0,6.10215,3.72859,0,1785,109794625740
14.9582,66.8531,22.0903,0,100,66,69,680,0,0,0,6.10215,3.72859,0,1785,109894734073
16.1932,61.7544,22.0903,0,100,66,69,680,0,0,0,6.10215,3.72859,0,1785,109994838448
15.4265,64.8236,22.0903,0,100,66,69,680,0,0,0,6.10215,3.72859,0,1785,110094945271
15.53,64.3913,24,0,100,67,69,680,0,0,0,6.10191,3.72859,0,1536,110195054594
15.5208,64.4298,24,0,100,67,69,680,0,0,0,6.10191,3.72859,0,1536,110295165635
15.6479,63.9064,24,0,100,67,69,680,0,0,0,6.10191,3.72859,0,1536,110395275896
15.5956,64.1205,24,0,100,67,69,680,0,0,0,6.10191,3.72859,0,1536,110495386521
15.4199,64.8513,24,0,100,67,69,680,0,0,0,6.10191,3.72859,0,1536,110595494177
15.7486,63.4976,26.1072,0,100,67,69,680,0,0,0,6.10191,3.72859,0,1785,110695607510
15.5615,64.2614,26.1072,0,100,67,69,680,0,0,0,6.10191,3.72859,0,1785,110795719958
15.6734,63.8022,26.1072,0,100,67,69,680,0,0,0,6.10191,3.72859,0,1785,110895817771
15.5777,64.1942,26.1072,0,100,67,69,680,0,0,0,6.10191,3.72859,0,1785,110995926989
15.2474,65.5849,26.1072,0,100,67,69,680,0,0,0,6.10191,3.72859,0,1785,111096032823
15.3949,64.9566,19.3853,0,93,67,69,680,0,0,0,6.10191,3.72859,0,2054,111196143812
15.2889,65.4068,19.3853,0,93,67,69,680,0,0,0,6.10191,3.72859,0,2054,111296252041
15.4828,64.5877,19.3853,0,93,67,69,680,0,0,0,6.10191,3.72859,0,2054,111396364854
15.4747,64.6215,19.3853,0,93,67,69,680,0,0,0,6.10191,3.72859,0,2054,111496468812
15.0492,66.4485,19.3853,0,93,67,69,680,0,0,0,6.10191,3.72859,0,2054,111596578812
15.4549,64.7044,19.3853,0,93,67,69,680,0,0,0,6.10191,3.72859,0,2054,111696718968
15.575,64.2053,26.0563,0,100,67,69,680,0,0,0,6.10191,3.72858,0,2054,111796818135
15.5267,64.4053,26.0563,0,100,67,69,680,0,0,0,6.10191,3.72858,0,2054,111896931156
15.6393,63.9416,26.0563,0,100,67,69,680,0,0,0,6.10191,3.72858,0,2054,111997051312
15.7964,63.3055,26.0563,0,100,67,69,680,0,0,0,6.10191,3.72858,0,2054,112097218343
15.1286,66.1001,26.0563,0,100,67,69,680,0,0,0,6.10191,3.72858,0,2054,112197329645
15.5809,64.1813,26.1574,0,100,67,69,680,0,0,0,6.10168,3.72858,0,1785,112297468343
15.5041,64.4989,26.1574,0,100,67,69,680,0,0,0,6.10168,3.72858,0,1785,112397585687
15.424,64.8339,26.1574,0,100,67,69,680,0,0,0,6.10168,3.72858,0,1785,112497708707
15.4447,64.747,26.1574,0,100,67,69,680,0,0,0,6.10168,3.72858,0,1785,112597909385
15.3595,65.1064,26.1574,0,100,67,69,680,0,0,0,6.10168,3.72858,0,1785,112698013759
15.5324,64.3816,25.4118,0,100,66,68,680,0,0,0,6.10168,3.72858,0,1920,112798128187
15.5997,64.1039,25.4118,0,100,66,68,680,0,0,0,6.10168,3.72858,0,1920,112898263759
15.4458,64.7427,25.4118,0,100,66,68,680,0,0,0,6.10168,3.72858,0,1920,112998392145
15.7223,63.6041,25.4118,0,100,66,68,680,0,0,0,6.10168,3.72858,0,1920,113098584905
15.4896,64.5593,25.4118,0,100,66,68,680,0,0,0,6.10168,3.72858,0,1920,113198770791
15.7423,63.5232,23.3333,0,100,67,70,680,0,0,0,6.10168,3.72858,0,2054,113298918863
15.6359,63.9556,23.3333,0,100,67,70,680,0,0,0,6.10168,3.72858,0,2054,113399014697
15.5789,64.1893,23.3333,0,100,67,70,680,0,0,0,6.10168,3.72858,0,2054,113499148030
15.5121,64.4657,23.3333,0,100,67,70,680,0,0,0,6.10168,3.72858,0,2054,113599328915
15.629,63.9836,23.3333,0,100,67,70,680,0,0,0,6.10168,3.72858,0,2054,113699452822
15.65,63.898,22.3005,0,92,67,69,680,0,0,0,6.10168,3.72858,0,1920,113799638134
15.0707,66.3538,22.3005,0,92,67,69,680,0,0,0,6.10168,3.72858,0,1920,113899867822
15.7753,63.3902,22.3005,0,92,67,69,680,0,0,0,6.10168,3.72858,0,1920,114000126624
15.177,65.8894,22.3005,0,92,67,69,680,0,0,0,6.10168,3.72858,0,1920,114100381051
15.506,64.4912,22.3005,0,92,67,69,680,0,0,0,6.10168,3.72858,0,1920,114200579228
15.423,64.838,24.4131,0,100,67,69,680,0,0,0,6.09955,3.72858,0,1536,114300689540
15.3622,65.0949,24.4131,0,100,67,69,680,0,0,0,6.09955,3.72858,0,1536,114404589436
15.3776,65.0295,24.4131,0,100,67,69,680,0,0,0,6.09955,3.72858,0,1536,114504689436
15.6034,64.0885,24.4131,0,100,67,69,680,0,0,0,6.09955,3.72858,0,1536,114604796571
15.6852,63.7543,24.4131,0,100,67,69,680,0,0,0,6.09955,3.72858,0,1536,114704905321
15.5731,64.2132,26.6509,0,100,67,69,680,0,0,0,6.09955,3.72858,0,1651,114805004748
15.632,63.9715,26.6509,0,100,67,69,680,0,0,0,6.09955,3.72858,0,1651,114905452040
15.6972,63.7055,26.6509,0,100,67,69,680,0,0,0,6.09955,3.72858,0,1651,115005615790
15.4908,64.5544,26.6509,0,100,67,69,680,0,0,0,6.09955,3.72858,0,1651,115105807144
15.5062,64.4904,26.6509,0,100,67,69,680,0,0,0,6.09955,3.72858,0,1651,115205961363
15.4113,64.8876,25.2358,0,100,67,70,680,0,0,0,6.09976,3.72852,0,1651,115306118758
15.5912,64.1387,25.2358,0,100,67,70,680,0,0,0,6.09976,3.72852,0,1651,115406304436
15.3589,65.1089,25.2358,0,100,67,70,680,0,0,0,6.09976,3.72852,0,1651,115506477821
15.4863,64.5734,25.2358,0,100,67,70,680,0,0,0,6.09976,3.72852,0,1651,115606645581
15.4996,64.5176,25.2358,0,100,67,70,680,0,0,0,6.09976,3.72852,0,1651,115706845581
15.6276,63.9893,25.2358,0,100,67,70,680,0,0,0,6.09976,3.72852,0,1651,115806984279
15.6082,64.0687,24.1218,0,100,67,70,680,0,0,0,6.09976,3.72852,0,1920,115907150790
15.6417,63.9318,24.1218,0,100,67,70,680,0,0,0,6.09976,3.72852,0,1920,116007313185
15.341,65.1846,24.1218,0,100,67,70,680,0,0,0,6.09976,3.72852,0,1920,116107496467
15.3238,65.258,24.1218,0,100,67,70,680,0,0,0,6.09976,3.72852,0,1920,116207682352
15.354,65.1297,24.1218,0,100,67,70,680,0,0,0,6.09976,3.72852,0,1920,116308218081
15.4591,64.687,22.3005,0,93,67,69,680,0,0,0,6.09976,3.72852,0,1785,116408421258
15.3751,65.0401,22.3005,0,93,67,69,680,0,0,0,6.09976,3.72852,0,1785,116508615529
15.4674,64.6519,22.3005,0,93,67,69,680,0,0,0,6.09976,3.72852,0,1785,116608831258
15.5619,64.2597,22.3005,0,93,67,69,680,0,0,0,6.09976,3.72852,0,1785,116709088758
15.4509,64.7211,22.3005,0,93,67,69,680,0,0,0,6.09976,3.72852,0,1785,116809371987
15.536,64.3667,25.641,0,100,67,69,680,0,0,0,6.09976,3.72852,0,1785,116909669331
15.6275,63.9898,25.641,0,100,67,69,680,0,0,0,6.09976,3.72852,0,1785,117009914122
15.3102,65.3159,25.641,0,100,67,69,680,0,0,0,6.09976,3.72852,0,1785,117110098081
15.8285,63.1771,25.641,0,100,67,69,680,0,0,0,6.09976,3.72852,0,1785,117210280424
15.7433,63.5192,25.641,0,100,67,69,680,0,0,0,6.09976,3.72852,0,1785,117310744331
15.6412,63.9336,24.0654,0,100,67,69,680,0,0,0,6.09976,3.72852,0,2054,117410887820
15.6066,64.0753,24.0654,0,100,67,69,680,0,0,0,6.09976,3.72852,0,2054,117511000841
15.5142,64.4572,24.0654,0,100,67,69,680,0,0,0,6.09976,3.72852,0,2054,117611109799
15.5359,64.3671,24.0654,0,100,67,69,680,0,0,0,6.09976,3.72852,0,2054,117711214799
15.4318,64.8011,24.0654,0,100,67,69,680,0,0,0,6.09976,3.72852,0,2054,117811326674
15.5869,64.1565,23.1481,0,100,67,69,680,0,0,0,6.09976,3.72851,0,2054,117911460007
15.5778,64.1939,23.1481,0,100,67,69,680,0,0,0,6.09976,3.72851,0,2054,118011575632
15.5032,64.503,23.1481,0,100,67,69,680,0,0,0,6.09976,3.72851,0,2054,118111683497
15.3194,65.2769,23.1481,0,100,67,69,680,0,0,0,6.09976,3.72851,0,2054,118211791830
15.544,64.3336,23.1481,0,100,67,69,680,0,0,0,6.09976,3.72851,0,2054,118311906934
15.6748,63.7967,24.2353,0,91,67,69,680,0,0,0,6.09976,3.72851,0,2054,118412023601
15.6001,64.102,24.2353,0,91,67,69,680,0,0,0,6.09976,3.72851,0,2054,118512138236
15.9545,62.6783,24.2353,0,91,67,69,680,0,0,0,6.09976,3.72851,0,2054,118612257038
15.4813,64.5941,24.2353,0,91,67,69,680,0,0,0,6.09976,3.72851,0,2054,118712377924
15.4877,64.5676,24.2353,0,91,67,69,680,0,0,0,6.09976,3.72851,0,2054,118812501309
15.4264,64.824,24.9406,0,100,67,69,680,0,0,0,6.09976,3.72851,0,1920,118912617247
13.5395,73.8582,24.9406,0,100,67,69,680,0,0,0,6.09976,3.72851,0,1920,119012724174
15.2909,65.3983,24.9406,0,100,67,69,680,0,0,0,6.09976,3.72851,0,1920,119112866465
15.4174,64.862,24.9406,0,100,67,69,680,0,0,0,6.09976,3.72851,0,1920,119213050215
15.3424,65.179,24.9406,0,100,67,69,680,0,0,0,6.09976,3.72851,0,1920,119313262351
15.482,64.591,24.9406,0,100,67,69,680,0,0,0,6.09976,3.72851,0,1920,119413371361
15.5566,64.2813,27.8037,0,100,67,70,680,0,0,0,6.09952,3.72838,0,2054,119513484903
15.4765,64.6143,27.8037,0,100,67,70,680,0,0,0,6.09952,3.72838,0,2054,119613596569
15.7398,63.5333,27.8037,0,100,67,70,680,0,0,0,6.09952,3.72838,0,2054,119713875371
15.4399,64.7671,27.8037,0,100,67,70,680,0,0,0,6.09952,3.72838,0,2054,119814125996
15.5168,64.4461,27.8037,0,100,67,70,680,0,0,0,6.09952,3.72838,0,2054,119914320007
15.5699,64.2265,25,0,100,67,69,680,0,0,0,6.09943,3.72838,0,1785,120014533444
15.5888,64.1484,25,0,100,67,69,680,0,0,0,6.09943,3.72838,0,1785,120114745059
15.4194,64.8532,25,0,100,67,69,680,0,0,0,6.09943,3.72838,0,1785,120214958080
15.3063,65.3326,25,0,100,67,69,680,0,0,0,6.09943,3.72838,0,1785,120315163184
15.7781,63.3789,25,0,100,67,69,680,0,0,0,6.09943,3.72838,0,1785,120415396152
15.5022,64.507,25.2358,0,99,67,70,680,0,0,0,6.09943,3.72838,0,1785,120515602246
15.3838,65.0033,25.2358,0,99,67,70,680,0,0,0,6.09943,3.72838,0,1785,120615982506
15.5317,64.3846,25.2358,0,99,67,70,680,0,0,0,6.09943,3.72838,0,1785,120716183809
15.6181,64.0283,25.2358,0,99,67,70,680,0,0,0,6.09943,3.72838,0,1785,120816298496
15.258,65.5395,25.2358,0,99,67,70,680,0,0,0,6.09943,3.72838,0,1785,120916430475
15.684,63.7591,26.4916,0,92,67,70,680,0,0,0,6.09943,3.71797,0,1536,121016545058
15.3829,65.0071,26.4916,0,92,67,70,680,0,0,0,6.09943,3.71797,0,1536,121116685683
15.6227,64.0093,26.4916,0,92,67,70,680,0,0,0,6.09943,3.71797,0,1536,121216797037
15.5456,64.327,26.4916,0,92,67,70,680,0,0,0,6.09943,3.71797,0,1536,121316907975
15.3971,64.9472,26.4916,0,92,67,70,680,0,0,0,6.09943,3.71797,0,1536,121417027767
15.7146,63.6351,24.2991,0,100,67,69,680,0,0,0,6.09703,3.71796,0,1651,121517169329
15.6457,63.9153,24.2991,0,100,67,69,680,0,0,0,6.09703,3.71796,0,1651,121617288235
15.5876,64.1534,24.2991,0,100,67,69,680,0,0,0,6.09703,3.71796,0,1651,121717395996
15.8182,63.2182,24.2991,0,100,67,69,680,0,0,0,6.09703,3.71796,0,1651,121817506777
15.4268,64.8222,24.2991,0,100,67,69,680,0,0,0,6.09703,3.71796,0,1651,121917622350
15.5154,64.4521,23.0769,0,100,67,69,680,0,0,0,6.09703,3.71796,0,1651,122017747246
15.4296,64.8103,23.0769,0,100,67,69,680,0,0,0,6.09703,3.71796,0,1651,122117861360
15.266,65.5052,23.0769,0,100,67,69,680,0,0,0,6.09703,3.71796,0,1651,122218021568
15.6629,63.8453,23.0769,0,100,67,69,680,0,0,0,6.09703,3.71796,0,1651,122318243600
15.071,66.3526,23.0769,0,100,67,69,680,0,0,0,6.09703,3.71796,0,1651,122418501881
15.5533,64.2952,25.4717,0,100,67,70,680,0,0,0,6.10093,3.71796,0,1920,122518705006
15.6106,64.0592,25.4717,0,100,67,70,680,0,0,0,6.10093,3.71796,0,1920,122618854745
15.5488,64.3137,25.4717,0,100,67,70,680,0,0,0,6.10093,3.71796,0,1920,122719031985
15.4408,64.7634,25.4717,0,100,67,70,680,0,0,0,6.10093,3.71796,0,1920,122819141256
15.6077,64.0708,25.4717,0,100,67,70,680,0,0,0,6.10093,3.71796,0,1920,122919278703
15.4993,64.5192,25.4717,0,100,67,70,680,0,0,0,6.10093,3.71796,0,1920,123019441985
15.4741,64.6239,24.1936,0,100,68,70,680,0,0,0,6.10093,3.71796,0,1651,123119645735
15.4862,64.5736,24.1936,0,100,68,70,680,0,0,0,6.10093,3.71796,0,1651,123219754953
15.6168,64.0337,24.1936,0,100,68,70,680,0,0,0,6.10093,3.71796,0,1651,123319867193
15.6828,63.7643,24.1936,0,100,68,70,680,0,0,0,6.10093,3.71796,0,1651,123419984120
15.703,63.6823,24.1936,0,100,68,70,680,0,0,0,6.10093,3.71796,0,1651,123520094589
15.5585,64.2737,21.8527,0,91,67,70,680,0,0,0,6.10093,3.71795,0,2054,123620215162
15.6692,63.8193,21.8527,0,91,67,70,680,0,0,0,6.10093,3.71795,0,2054,123720327609
15.5799,64.1854,21.8527,0,91,67,70,680,0,0,0,6.10093,3.71795,0,2054,123820447714
15.6253,63.9989,21.8527,0,91,67,70,680,0,0,0,6.10093,3.71795,0,2054,123920561776
15.5562,64.283,21.8527,0,91,67,70,680,0,0,0,6.10093,3.71795,0,2054,124020671776
15.4666,64.6556,21.934,0,100,67,69,680,0,0,0,6.10093,3.71795,0,1651,124120785526
15.4004,64.9334,21.934,0,100,67,69,680,0,0,0,6.10093,3.71795,0,1651,124220909693
15.4781,64.6073,21.934,0,100,67,69,680,0,0,0,6.10093,3.71795,0,1651,124321037661
15.8528,63.0802,21.934,0,100,67,69,680,0,0,0,6.10093,3.71795,0,1651,124421144380
15.4763,64.6151,21.934,0,100,67,69,680,0,0,0,6.10093,3.71795,0,1651,124521257297
15.7381,63.5399,25.1799,0,100,67,69,680,0,0,0,6.10093,3.71795,0,1651,124621371203
16.0306,62.3806,25.1799,0,100,67,69,680,0,0,0,6.10093,3.71795,0,1651,124721496619
15.3579,65.1129,25.1799,0,100,67,69,680,0,0,0,6.10093,3.71795,0,1651,124821633078
15.313,65.3039,25.1799,0,100,67,69,680,0,0,0,6.10093,3.71795,0,1651,124921754380
15.5247,64.4133,25.1799,0,100,67,69,680,0,0,0,6.10093,3.71795,0,1651,125021915838
15.6188,64.0255,24.1706,0,100,67,69,680,0,0,0,6.10093,3.71788,0,1651,125122025473
15.5234,64.419,24.1706,0,100,67,69,680,0,0,0,6.10093,3.71788,0,1651,125222141619
15.8406,63.1288,24.1706,0,100,67,69,680,0,0,0,6.10093,3.71788,0,1651,125322255213
15.733,63.5608,24.1706,0,100,67,69,680,0,0,0,6.10093,3.71788,0,1651,125422374015
15.6123,64.0522,24.1706,0,100,67,69,680,0,0,0,6.10093,3.71788,0,1651,125522490161
15.5352,64.37,25.9524,0,100,67,70,680,0,0,0,6.10093,3.71723,0,1651,125622602505
15.5645,64.2489,25.9524,0,100,67,70,680,0,0,0,6.10093,3.71723,0,1651,125722719171
15.6247,64.0014,25.9524,0,100,67,70,680,0,0,0,6.10093,3.71723,0,1651,125822830682
15.5483,64.3157,25.9524,0,100,67,70,680,0,0,0,6.10093,3.71723,0,1651,125922950525
15.8629,63.0402,25.9524,0,100,67,70,680,0,0,0,6.10093,3.71723,0,1651,126023063129
15.5576,64.2775,23.2057,0,100,67,70,680,0,0,0,6.10093,3.71723,0,1785,126123171463
15.7984,63.2976,23.2057,0,100,67,70,680,0,0,0,6.10093,3.71723,0,1785,126223276619
15.6112,64.0566,23.2057,0,100,67,70,680,0,0,0,6.10093,3.71723,0,1785,126323386515
15.5339,64.3755,23.2057,0,100,67,70,680,0,0,0,6.10093,3.71723,0,1785,126423501463
15.5104,64.4728,23.2057,0,100,67,70,680,0,0,0,6.10093,3.71723,0,1785,126523612035
15.6729,63.8044,22.5653,0,92,67,70,680,0,0,0,6.10117,3.71723,0,1785,126623737660
15.3533,65.1324,22.5653,0,92,67,70,680,0,0,0,6.10117,3.71723,0,1785,126724123285
16.0185,62.428,22.5653,0,92,67,70,680,0,0,0,6.10117,3.71723,0,1785,126824234483
15.3757,65.0378,22.5653,0,92,67,70,680,0,0,0,6.10117,3.71723,0,1785,126924340421
15.3238,65.2579,22.5653,0,92,67,70,680,0,0,0,6.10117,3.71723,0,1785,127024485994
15.9163,62.8286,22.5653,0,92,67,70,680,0,0,0,6.10117,3.71723,0,1785,127124600056
15.8173,63.222,23.4597,0,100,67,69,680,0,0,0,6.10117,3.71711,0,2054,127224705160
15.6577,63.8664,23.4597,0,100,67,69,680,0,0,0,6.10117,3.71711,0,2054,127324826827
15.4353,64.7864,23.4597,0,100,67,69,680,0,0,0,6.10117,3.71711,0,2054,127424927921
15.7941,63.3149,23.4597,0,100,67,69,680,0,0,0,6.10117,3.71711,0,2054,127525050941
15.7511,63.4877,23.4597,0,100,67,69,680,0,0,0,6.10117,3.71711,0,2054,127625170681
15.5756,64.203,23.9234,0,100,67,70,680,0,0,0,6.10117,3.71711,0,1920,127725295993
15.6884,63.7412,23.9234,0,100,67,70,680,0,0,0,6.10117,3.71711,0,1920,127825402608
15.4411,64.762,23.9234,0,100,67,70,680,0,0,0,6.10117,3.71711,0,1920,127925523389
15.6393,63.9415,23.9234,0,100,67,70,680,0,0,0,6.10117,3.71711,0,1920,128025657191
15.8877,62.9418,23.9234,0,100,67,70,680,0,0,0,6.10117,3.71711,0,1920,128125773389
15.5333,64.3779,23.6277,0,100,68,70,680,0,0,0,6.10052,3.71674,0,1920,128225882087
16.0196,62.4234,23.6277,0,100,68,70,680,0,0,0,6.10052,3.71674,0,1920,128325984274
15.8524,63.082,23.6277,0,100,68,70,680,0,0,0,6.10052,3.71674,0,1920,128426117399
15.6872,63.7464,23.6277,0,100,68,70,680,0,0,0,6.10052,3.71674,0,1920,128526430212
15.8503,63.0902,23.6277,0,100,68,70,680,0,0,0,6.10052,3.71674,0,1920,128626553649
15.8104,63.2494,24.7031,0,100,67,69,680,0,0,0,6.09946,3.71674,0,1651,128726675941
15.5149,64.4543,24.7031,0,100,67,69,680,0,0,0,6.09946,3.71674,0,1651,128826802243
15.6178,64.0294,24.7031,0,100,67,69,680,0,0,0,6.09946,3.71674,0,1651,128926930628
15.5356,64.3682,24.7031,0,100,67,69,680,0,0,0,6.09946,3.71674,0,1651,129027048232
15.7115,63.6476,24.7031,0,100,67,69,680,0,0,0,6.09946,3.71674,0,1651,129127162139
15.639,63.9427,22.3558,0,99,68,70,680,0,0,0,6.09942,3.71674,0,1651,129227273232
15.6971,63.7058,22.3558,0,99,68,70,680,0,0,0,6.09942,3.71674,0,1651,129327378597
15.7574,63.4622,22.3558,0,99,68,70,680,0,0,0,6.09942,3.71674,0,1651,129427496201
15.5944,64.1256,22.3558,0,99,68,70,680,0,0,0,6.09942,3.71674,0,1651,129527645680
15.6883,63.7417,22.3558,0,99,68,70,680,0,0,0,6.09942,3.71674,0,1651,129627765732
15.4766,64.6138,23.8771,0,90,67,70,680,0,0,0,6.09942,3.71674,0,1785,129727880472
15.5776,64.1948,23.8771,0,90,67,70,680,0,0,0,6.09942,3.71674,0,1785,129828023232
15.4578,64.6921,23.8771,0,90,67,70,680,0,0,0,6.09942,3.71674,0,1785,129928137190
15.4871,64.5697,23.8771,0,90,67,70,680,0,0,0,6.09942,3.71674,0,1785,130028253076
15.7735,63.3977,23.8771,0,90,67,70,680,0,0,0,6.09942,3.71674,0,1785,130128368961
16.1409,61.9543,24.1218,0,100,68,69,680,0,0,0,6.09936,3.71674,0,2054,130228479690
15.7645,63.4337,24.1218,0,100,68,69,680,0,0,0,6.09936,3.71674,0,2054,130328602190
15.4902,64.557,24.1218,0,100,68,69,680,0,0,0,6.09936,3.71674,0,2054,130428723440
15.7721,63.403,24.1218,0,100,68,69,680,0,0,0,6.09936,3.71674,0,2054,130528890732
15.3641,65.0867,24.1218,0,100,68,69,680,0,0,0,6.09936,3.71674,0,2054,130629193076
15.4667,64.6552,22.3558,0,100,67,69,680,0,0,0,6.09936,3.71674,0,1785,130729399482
15.8775,62.9824,22.3558,0,100,67,69,680,0,0,0,6.09936,3.71674,0,1785,130829588440
15.7961,63.3069,22.3558,0,100,67,69,680,0,0,0,6.09936,3.71674,0,1785,130929769794
15.7079,63.662,22.3558,0,100,67,69,680,0,0,0,6.09936,3.71674,0,1785,131029924430
15.6431,63.9258,22.3558,0,100,67,69,680,0,0,0,6.09936,3.71674,0,1785,131130034169
15.5147,64.4552,21.6152,0,100,67,70,680,0,0,0,6.09936,3.71672,0,1651,131230166825
15.7716,63.4053,21.6152,0,100,67,70,680,0,0,0,6.09936,3.71672,0,1651,131330352086
15.599,64.1068,21.6152,0,100,67,70,680,0,0,0,6.09936,3.71672,0,1651,131430542086
15.573,64.2138,21.6152,0,100,67,70,680,0,0,0,6.09936,3.71672,0,1651,131530740263
15.9176,62.8235,21.6152,0,100,67,70,680,0,0,0,6.09936,3.71672,0,1651,131630870367
15.9598,62.6574,23.445,0,100,67,70,680,0,0,0,6.0961,3.71672,0,1785,131730984846
15.8575,63.0615,23.445,0,100,67,70,680,0,0,0,6.0961,3.71672,0,1785,131831109690
15.7996,63.2926,23.445,0,100,67,70,680,0,0,0,6.0961,3.71672,0,1785,131931215888
15.6881,63.7424,23.445,0,100,67,70,680,0,0,0,6.0961,3.71672,0,1785,132031325731
15.8548,63.0723,23.445,0,100,67,70,680,0,0,0,6.0961,3.71672,0,1785,132131466981
15.5913,64.1383,23.445,0,100,67,70,680,0,0,0,6.0961,3.71672,0,1785,132231643335
15.729,63.5769,23.3735,0,100,67,69,680,0,0,0,6.09452,3.71672,0,1651,132331842085
15.868,63.0201,23.3735,0,100,67,69,680,0,0,0,6.09452,3.71672,0,1651,132432048648
15.7508,63.4887,23.3735,0,100,67,69,680,0,0,0,6.09452,3.71672,0,1651,132532280887
15.4843,64.5814,23.3735,0,100,67,69,680,0,0,0,6.09452,3.71672,0,1651,132632492346
15.7657,63.4286,23.3735,0,100,67,69,680,0,0,0,6.09452,3.71672,0,1651,132732849273
15.8963,62.9077,25.8993,0,100,67,70,680,0,0,0,6.09431,3.71672,0,1785,132833092085
15.5931,64.1307,25.8993,0,100,67,70,680,0,0,0,6.09431,3.71672,0,1785,132933287554
15.8506,63.089,25.8993,0,100,67,70,680,0,0,0,6.09431,3.71672,0,1785,133033414220
15.5321,64.383,25.8993,0,100,67,70,680,0,0,0,6.09431,3.71672,0,1785,133133546408
15.844,63.1155,25.8993,0,100,67,70,680,0,0,0,6.09431,3.71672,0,1785,133233678022
15.4096,64.8946,26.3285,0,99,67,70,680,0,0,0,6.09431,3.71672,0,1536,133333806200
15.8603,63.0505,26.3285,0,99,67,70,680,0,0,0,6.09431,3.71672,0,1536,133433928543
15.7566,63.4654,26.3285,0,99,67,70,680,0,0,0,6.09431,3.71672,0,1536,133534041877
15.8185,63.2171,26.3285,0,99,67,70,680,0,0,0,6.09431,3.71672,0,1536,133634152345
15.6267,63.993,26.3285,0,99,67,70,680,0,0,0,6.09431,3.71672,0,1536,133734258960
15.6913,63.7297,22.2222,0,100,68,70,680,0,0,0,6.09431,3.71672,0,1920,133834374428
15.3381,65.1969,22.2222,0,100,68,70,680,0,0,0,6.09431,3.71672,0,1920,133934483283
15.6994,63.6966,22.2222,0,100,68,70,680,0,0,0,6.09431,3.71672,0,1920,134034610887
15.6433,63.9249,22.2222,0,100,68,70,680,0,0,0,6.09431,3.71672,0,1920,134134733803
15.7635,63.4379,22.2222,0,100,68,70,680,0,0,0,6.09431,3.71672,0,1920,134234837553
15.7266,63.5866,22.6415,0,91,67,70,680,0,0,0,6.09431,3.71671,0,1536,134334955157
15.608,64.0698,22.6415,0,91,67,70,680,0,0,0,6.09431,3.71671,0,1536,134435092449
15.5775,64.1951,22.6415,0,91,67,70,680,0,0,0,6.09431,3.71671,0,1536,134535204741
15.4336,64.7938,22.6415,0,91,67,70,680,0,0,0,6.09431,3.71671,0,1536,134635313334
15.6744,63.7985,22.6415,0,91,67,70,680,0,0,0,6.09431,3.71671,0,1536,134735425053
15.7826,63.3609,24.9395,0,100,67,69,680,0,0,0,6.09431,3.71671,0,1920,134835530209
15.4212,64.8458,24.9395,0,100,67,69,680,0,0,0,6.09431,3.71671,0,1920,134935633595
15.9677,62.6264,24.9395,0,100,67,69,680,0,0,0,6.09431,3.71671,0,1920,135035780938
15.3699,65.0622,24.9395,0,100,67,69,680,0,0,0,6.09431,3.71671,0,1920,135135976407
15.8224,63.2014,24.9395,0,100,67,69,680,0,0,0,6.09431,3.71671,0,1920,135236196720
15.8103,63.2501,24.3437,0,100,67,70,680,0,0,0,6.09407,3.71671,0,1920,135336409011
15.7721,63.4032,24.3437,0,100,67,70,680,0,0,0,6.09407,3.71671,0,1920,135436616199
15.7516,63.4857,24.3437,0,100,67,70,680,0,0,0,6.09407,3.71671,0,1920,135536781928
15.68,63.7756,24.3437,0,100,67,70,680,0,0,0,6.09407,3.71671,0,1920,135637010365
15.5149,64.4541,24.3437,0,100,67,70,680,0,0,0,6.09407,3.71671,0,1920,135737118907
15.8757,62.9894,22.488,0,100,67,70,680,0,0,0,6.09407,3.71671,0,1785,135837255938
15.7379,63.5409,22.488,0,100,67,70,680,0,0,0,6.09407,3.71671,0,1785,135937417188
15.6921,63.7265,22.488,0,100,67,70,680,0,0,0,6.09407,3.71671,0,1785,136037556563
15.7962,63.3064,22.488,0,100,67,70,680,0,0,0,6.09407,3.71671,0,1785,136137757084
15.6836,63.7608,22.488,0,100,67,70,680,0,0,0,6.09407,3.71671,0,1785,136237972084
15.8092,63.2544,24.7596,0,100,67,69,680,0,0,0,6.09391,3.71671,0,1920,136338175730
15.7294,63.5754,24.7596,0,100,67,69,680,0,0,0,6.09391,3.71671,0,1920,136438360834
15.7143,63.6363,24.7596,0,100,67,69,680,0,0,0,6.09391,3.71671,0,1920,136538578698
15.7598,63.4527,24.7596,0,100,67,69,680,0,0,0,6.09391,3.71671,0,1920,136638747969
15.7623,63.4426,24.7596,0,100,67,69,680,0,0,0,6.09391,3.71671,0,1920,136738921875
15.8049,63.2715,24.8193,0,100,67,70,680,0,0,0,6.09409,3.71671,0,1228,136839089532
15.7418,63.5253,24.8193,0,100,67,70,680,0,0,0,6.09409,3.71671,0,1228,136939271146
15.5314,64.3858,24.8193,0,100,67,70,680,0,0,0,6.09409,3.71671,0,1228,137039430521
15.6385,63.9449,24.8193,0,100,67,70,680,0,0,0,6.09409,3.71671,0,1228,137139595417
15.8713,63.0069,24.8193,0,100,67,70,680,0,0,0,6.09409,3.71671,0,1228,137239709011
15.687,63.7469,22.5962,0,100,67,71,680,0,0,0,6.09409,3.71671,0,2054,137339821927
15.7025,63.6843,22.5962,0,100,67,71,680,0,0,0,6.09409,3.71671,0,2054,137439926563
15.8531,63.0793,22.5962,0,100,67,71,680,0,0,0,6.09409,3.71671,0,2054,137540038438
15.438,64.7751,22.5962,0,100,67,71,680,0,0,0,6.09409,3.71671,0,2054,137640154271
15.5258,64.4091,22.5962,0,100,67,71,680,0,0,0,6.09409,3.71671,0,2054,137740289583
15.6812,63.7708,23.0216,0,91,67,70,680,0,0,0,6.09213,3.71671,0,1785,137840400208
15.4616,64.6762,23.0216,0,91,67,70,680,0,0,0,6.09213,3.71671,0,1785,137940502344
15.7123,63.6443,23.0216,0,91,67,70,680,0,0,0,6.09213,3.71671,0,1785,138040629375
15.7224,63.6035,23.0216,0,91,67,70,680,0,0,0,6.09213,3.71671,0,1785,138140741823
15.7018,63.687,23.0216,0,91,67,70,680,0,0,0,6.09213,3.71671,0,1785,138240853125
15.9994,62.5025,23.0216,0,91,67,70,680,0,0,0,6.09213,3.71671,0,1785,138340967031
15.7644,63.4342,27.4038,0,100,67,70,680,0,0,0,6.09193,3.7167,0,1785,138441086093
16.009,62.4647,27.4038,0,100,67,70,680,0,0,0,6.09193,3.7167,0,1785,138541199114
15.4368,64.7802,27.4038,0,100,67,70,680,0,0,0,6.09193,3.7167,0,1785,138641308437
15.2253,65.6803,27.4038,0,100,67,70,680,0,0,0,6.09193,3.7167,0,1785,138741420781
15.6607,63.854,27.4038,0,100,67,70,680,0,0,0,6.09193,3.7167,0,1785,138841523541
15.7919,63.3235,22.8365,0,100,67,69,680,0,0,0,6.09241,3.7167,0,2054,138941628437
15.1624,65.9525,22.8365,0,100,67,69,680,0,0,0,6.09241,3.7167,0,2054,139041733802
15.6135,64.0471,22.8365,0,100,67,69,680,0,0,0,6.09241,3.7167,0,2054,139141843437
15.6022,64.0933,22.8365,0,100,67,69,680,0,0,0,6.09241,3.7167,0,2054,139241950468
15.8239,63.1957,22.8365,0,100,67,69,680,0,0,0,6.09241,3.7167,0,2054,139342076926
15.6817,63.7685,21.6346,0,100,67,70,680,0,0,0,6.09239,3.7167,0,1920,139442181666
15.6671,63.8279,21.6346,0,100,67,70,680,0,0,0,6.09239,3.7167,0,1920,139542299583
15.538,64.3583,21.6346,0,100,67,70,680,0,0,0,6.09239,3.7167,0,1920,139642460312
16.4729,60.7056,21.6346,0,100,67,70,680,0,0,0,6.09239,3.7167,0,1920,139742580051
15.8716,63.0055,21.6346,0,100,67,70,680,0,0,0,6.09239,3.7167,0,1920,139842689687
16.3603,61.1235,22.381,0,100,67,70,680,0,0,0,6.09239,3.7167,0,1920,139942871301
15.9213,62.8088,22.381,0,100,67,70,680,0,0,0,6.09239,3.7167,0,1920,140043073072
15.8409,63.1277,22.381,0,100,67,70,680,0,0,0,6.09239,3.7167,0,1920,140143245572
15.5561,64.2833,22.381,0,100,67,70,680,0,0,0,6.09239,3.7167,0,1920,140243427655
15.5315,64.3854,22.381,0,100,67,70,680,0,0,0,6.09239,3.7167,0,1920,140343607655
15.6026,64.0921,26.4423,0,100,67,70,680,0,0,0,6.09239,3.7167,0,1651,140443802291
15.4846,64.5804,26.4423,0,100,67,70,680,0,0,0,6.09239,3.7167,0,1651,140544004009
15.6703,63.8149,26.4423,0,100,67,70,680,0,0,0,6.09239,3.7167,0,1651,140644109165
15.9698,62.6183,26.4423,0,100,67,70,680,0,0,0,6.09239,3.7167,0,1651,140744210051
15.9103,62.8526,26.4423,0,100,67,70,680,0,0,0,6.09239,3.7167,0,1651,140844315988
15.7079,63.662,27.0531,0,99,67,70,680,0,0,0,6.08691,3.7167,0,1785,140944414217
15.1787,65.8818,27.0531,0,99,67,70,680,0,0,0,6.08691,3.7167,0,1785,141044509947
15.7664,63.4261,27.0531,0,99,67,70,680,0,0,0,6.08691,3.7167,0,1785,141144634530
15.3678,65.0711,27.0531,0,99,67,70,680,0,0,0,6.08691,3.7167,0,1785,141244734842
15.2117,65.7387,27.0531,0,99,67,70,680,0,0,0,6.08691,3.7167,0,1785,141344840363
15.8011,63.2867,21.9048,0,100,67,70,680,0,0,0,6.08691,3.7167,0,2054,141444937759
15.6142,64.0442,21.9048,0,100,67,70,680,0,0,0,6.08691,3.7167,0,2054,141545129113
15.7211,63.6088,21.9048,0,100,67,70,680,0,0,0,6.08691,3.7167,0,2054,141645234009
15.6636,63.8421,21.9048,0,100,67,70,680,0,0,0,6.08691,3.7167,0,2054,141745349686
15.2888,65.4072,21.9048,0,100,67,70,680,0,0,0,6.08691,3.7167,0,2054,141845489998
15.8037,63.2764,25.1196,0,100,68,70,680,0,0,0,6.08691,3.7163,0,1785,141945666509
15.799,63.2953,25.1196,0,100,68,70,680,0,0,0,6.08691,3.7163,0,1785,142045784790
15.561,64.2633,25.1196,0,100,68,70,680,0,0,0,6.08691,3.7163,0,1785,142145892186
15.8011,63.2867,25.1196,0,100,68,70,680,0,0,0,6.08691,3.7163,0,1785,142246012394
